{"type": "FeatureCollection", "columns": {}, "features": [{"type": "Feature", "geometry": {"type": "Polygon", "coordinates": [[[-60.20509034169033, -3.2053123386161677], [-60.19610718884913, -3.2053123386161677], [-60.19610718884913, -3.1963431998834317], [-60.20509034169033, -3.1963431998834317], [-60.20509034169033, -3.2053123386161677]]]}, "id": "-6702,-357", "properties": {"cell_id": "c_-60.2006_-3.2008", "lat": -3.20082777251918, "lon": -60.200598765275025}}, {"type": "Feature", "geometry": {"type": "Polygon", "coordinates": [[[-60.19610718884913, -3.2053123386161677], [-60.18712403600794, -3.2053123386161677], [-60.18712403600794, -3.1963431998834317], [-60.19610718884913, -3.1963431998834317], [-60.19610718884913, -3.2053123386161677]]]}, "id": "-6701,-357", "properties": {"cell_id": "c_-60.1916_-3.2008", "lat": -3.200827772508496, "lon": -60.191615612433296}}, {"type": "Feature", "geometry": {"type": "Polygon", "coordinates": [[[-60.18712403600794, -3.2053123386161677], [-60.17814088316674, -3.2053123386161677], [-60.17814088316674, -3.1963431998834317], [-60.18712403600794, -3.1963431998834317], [-60.18712403600794, -3.2053123386161677]]]}, "id": "-6700,-357", "properties": {"cell_id": "c_-60.1826_-3.2008", "lat": -3.200827772501428, "lon": -60.18263245957783}}, {"type": "Feature", "geometry": {"type": "Polygon", "coordinates": [[[-60.17814088316674, -3.2053123386161677], [-60.16915773032555, -3.2053123386161677], [-60.16915773032555, -3.1963431998834317], [-60.17814088316674, -3.1963431998834317], [-60.17814088316674, -3.2053123386161677]]]}, "id": "-6699,-357", "properties": {"cell_id": "c_-60.1736_-3.2008", "lat": -3.200827772520617, "lon": -60.17364930674737}}, {"type": "Feature", "geometry": {"type": "Polygon", "coordinates": [[[-60.16915773032555, -3.2053123386161677], [-60.160174577484355, -3.2053123386161677], [-60.160174577484355, -3.1963431998834317], [-60.16915773032555, -3.1963431998834317], [-60.16915773032555, -3.2053123386161677]]]}, "id": "-6698,-357", "properties": {"cell_id": "c_-60.1647_-3.2008", "lat": -3.2008277725207783, "lon": -60.16466615389782}}, {"type": "Feature", "geometry": {"type": "Polygon", "coordinates": [[[-60.160174577484355, -3.2053123386161677], [-60.15119142464316, -3.2053123386161677], [-60.15119142464316, -3.1963431998834317], [-60.160174577484355, -3.1963431998834317], [-60.160174577484355, -3.2053123386161677]]]}, "id": "-6697,-357", "properties": {"cell_id": "c_-60.1557_-3.2008", "lat": -3.2008277724968677, "lon": -60.15568300105993}}, {"type": "Feature", "geometry": {"type": "Polygon", "coordinates": [[[-60.15119142464316, -3.2053123386161677], [-60.14220827180196, -3.2053123386161677], [-60.14220827180196, -3.1963431998834317], [-60.15119142464316, -3.1963431998834317], [-60.15119142464316, -3.2053123386161677]]]}, "id": "-6696,-357", "properties": {"cell_id": "c_-60.1467_-3.2008", "lat": -3.200827772496638, "lon": -60.14669984822736}}, {"type": "Feature", "geometry": {"type": "Polygon", "coordinates": [[[-60.14220827180196, -3.2053123386161677], [-60.133225118960766, -3.2053123386161677], [-60.133225118960766, -3.1963431998834317], [-60.14220827180196, -3.1963431998834317], [-60.14220827180196, -3.2053123386161677]]]}, "id": "-6695,-357", "properties": {"cell_id": "c_-60.1377_-3.2008", "lat": -3.2008277725099803, "lon": -60.13771669537573}}, {"type": "Feature", "geometry": {"type": "Polygon", "coordinates": [[[-60.133225118960766, -3.2053123386161677], [-60.12424196611957, -3.2053123386161677], [-60.12424196611957, -3.1963431998834317], [-60.133225118960766, -3.1963431998834317], [-60.133225118960766, -3.2053123386161677]]]}, "id": "-6694,-357", "properties": {"cell_id": "c_-60.1287_-3.2008", "lat": -3.200827772519304, "lon": -60.12873354254886}}, {"type": "Feature", "geometry": {"type": "Polygon", "coordinates": [[[-60.12424196611957, -3.2053123386161677], [-60.11525881327838, -3.2053123386161677], [-60.11525881327838, -3.1963431998834317], [-60.12424196611957, -3.1963431998834317], [-60.12424196611957, -3.2053123386161677]]]}, "id": "-6693,-357", "properties": {"cell_id": "c_-60.1198_-3.2008", "lat": -3.2008277725145042, "lon": -60.11975038968711}}, {"type": "Feature", "geometry": {"type": "Polygon", "coordinates": [[[-60.11525881327838, -3.2053123386161677], [-60.106275660437184, -3.2053123386161677], [-60.106275660437184, -3.1963431998834317], [-60.11525881327838, -3.1963431998834317], [-60.11525881327838, -3.2053123386161677]]]}, "id": "-6692,-357", "properties": {"cell_id": "c_-60.1108_-3.2008", "lat": -3.200827772508123, "lon": -60.11076723684986}}, {"type": "Feature", "geometry": {"type": "Polygon", "coordinates": [[[-60.106275660437184, -3.2053123386161677], [-60.09729250759599, -3.2053123386161677], [-60.09729250759599, -3.1963431998834317], [-60.106275660437184, -3.1963431998834317], [-60.106275660437184, -3.2053123386161677]]]}, "id": "-6691,-357", "properties": {"cell_id": "c_-60.1018_-3.2008", "lat": -3.2008277725177443, "lon": -60.10178408402993}}, {"type": "Feature", "geometry": {"type": "Polygon", "coordinates": [[[-60.09729250759599, -3.2053123386161677], [-60.08830935475479, -3.2053123386161677], [-60.08830935475479, -3.1963431998834317], [-60.09729250759599, -3.1963431998834317], [-60.09729250759599, -3.2053123386161677]]]}, "id": "-6690,-357", "properties": {"cell_id": "c_-60.0928_-3.2008", "lat": -3.200827772538317, "lon": -60.09280093117312}}, {"type": "Feature", "geometry": {"type": "Polygon", "coordinates": [[[-60.08830935475479, -3.2053123386161677], [-60.079326201913595, -3.2053123386161677], [-60.079326201913595, -3.1963431998834317], [-60.08830935475479, -3.1963431998834317], [-60.08830935475479, -3.2053123386161677]]]}, "id": "-6689,-357", "properties": {"cell_id": "c_-60.0838_-3.2008", "lat": -3.200827772542139, "lon": -60.083817778353236}}, {"type": "Feature", "geometry": {"type": "Polygon", "coordinates": [[[-60.079326201913595, -3.2053123386161677], [-60.0703430490724, -3.2053123386161677], [-60.0703430490724, -3.1963431998834317], [-60.079326201913595, -3.1963431998834317], [-60.079326201913595, -3.2053123386161677]]]}, "id": "-6688,-357", "properties": {"cell_id": "c_-60.0748_-3.2008", "lat": -3.200827772514038, "lon": -60.07483462547076}}, {"type": "Feature", "geometry": {"type": "Polygon", "coordinates": [[[-60.0703430490724, -3.2053123386161677], [-60.06135989623121, -3.2053123386161677], [-60.06135989623121, -3.1963431998834317], [-60.0703430490724, -3.1963431998834317], [-60.0703430490724, -3.2053123386161677]]]}, "id": "-6687,-357", "properties": {"cell_id": "c_-60.0659_-3.2008", "lat": -3.200827772499295, "lon": -60.06585147263195}}, {"type": "Feature", "geometry": {"type": "Polygon", "coordinates": [[[-60.06135989623121, -3.2053123386161677], [-60.05237674339001, -3.2053123386161677], [-60.05237674339001, -3.1963431998834317], [-60.06135989623121, -3.1963431998834317], [-60.06135989623121, -3.2053123386161677]]]}, "id": "-6686,-357", "properties": {"cell_id": "c_-60.0569_-3.2008", "lat": -3.2008277725154946, "lon": -60.05686831985614}}, {"type": "Feature", "geometry": {"type": "Polygon", "coordinates": [[[-60.05237674339001, -3.2053123386161677], [-60.04339359054882, -3.2053123386161677], [-60.04339359054882, -3.1963431998834317], [-60.05237674339001, -3.1963431998834317], [-60.05237674339001, -3.2053123386161677]]]}, "id": "-6685,-357", "properties": {"cell_id": "c_-60.0479_-3.2008", "lat": -3.200827772524805, "lon": -60.047885166969984}}, {"type": "Feature", "geometry": {"type": "Polygon", "coordinates": [[[-60.04339359054882, -3.2053123386161677], [-60.03441043770762, -3.2053123386161677], [-60.03441043770762, -3.1963431998834317], [-60.04339359054882, -3.1963431998834317], [-60.04339359054882, -3.2053123386161677]]]}, "id": "-6684,-357", "properties": {"cell_id": "c_-60.0389_-3.2008", "lat": -3.2008277725096494, "lon": -60.038902014087725}}, {"type": "Feature", "geometry": {"type": "Polygon", "coordinates": [[[-60.03441043770762, -3.2053123386161677], [-60.025427284866424, -3.2053123386161677], [-60.025427284866424, -3.1963431998834317], [-60.03441043770762, -3.1963431998834317], [-60.03441043770762, -3.2053123386161677]]]}, "id": "-6683,-357", "properties": {"cell_id": "c_-60.0299_-3.2008", "lat": -3.200827772505189, "lon": -60.02991886133642}}, {"type": "Feature", "geometry": {"type": "Polygon", "coordinates": [[[-60.025427284866424, -3.2053123386161677], [-60.01644413202522, -3.2053123386161677], [-60.01644413202522, -3.1963431998834317], [-60.025427284866424, -3.1963431998834317], [-60.025427284866424, -3.2053123386161677]]]}, "id": "-6682,-357", "properties": {"cell_id": "c_-60.0209_-3.2008", "lat": -3.2008277725137906, "lon": -60.02093570842724}}, {"type": "Feature", "geometry": {"type": "Polygon", "coordinates": [[[-60.01644413202522, -3.2053123386161677], [-60.00746097918404, -3.2053123386161677], [-60.00746097918404, -3.1963431998834317], [-60.01644413202522, -3.1963431998834317], [-60.01644413202522, -3.2053123386161677]]]}, "id": "-6681,-357", "properties": {"cell_id": "c_-60.0120_-3.2008", "lat": -3.2008277725128136, "lon": -60.01195255559521}}, {"type": "Feature", "geometry": {"type": "Polygon", "coordinates": [[[-60.00746097918404, -3.2053123386161677], [-59.99847782634284, -3.2053123386161677], [-59.99847782634284, -3.1963431998834317], [-60.00746097918404, -3.1963431998834317], [-60.00746097918404, -3.2053123386161677]]]}, "id": "-6680,-357", "properties": {"cell_id": "c_-60.0030_-3.2008", "lat": -3.2008277725123957, "lon": -60.00296940277661}}, {"type": "Feature", "geometry": {"type": "Polygon", "coordinates": [[[-59.99847782634284, -3.2053123386161677], [-59.989494673501646, -3.2053123386161677], [-59.989494673501646, -3.1963431998834317], [-59.99847782634284, -3.1963431998834317], [-59.99847782634284, -3.2053123386161677]]]}, "id": "-6679,-357", "properties": {"cell_id": "c_-59.9940_-3.2008", "lat": -3.200827772514903, "lon": -59.993986249908616}}, {"type": "Feature", "geometry": {"type": "Polygon", "coordinates": [[[-59.989494673501646, -3.2053123386161677], [-59.98051152066045, -3.2053123386161677], [-59.98051152066045, -3.1963431998834317], [-59.989494673501646, -3.1963431998834317], [-59.989494673501646, -3.2053123386161677]]]}, "id": "-6678,-357", "properties": {"cell_id": "c_-59.9850_-3.2008", "lat": -3.2008277725176133, "lon": -59.985003097070255}}, {"type": "Feature", "geometry": {"type": "Polygon", "coordinates": [[[-59.98051152066045, -3.2053123386161677], [-59.971528367819246, -3.2053123386161677], [-59.971528367819246, -3.1963431998834317], [-59.98051152066045, -3.1963431998834317], [-59.98051152066045, -3.2053123386161677]]]}, "id": "-6677,-357", "properties": {"cell_id": "c_-59.9760_-3.2008", "lat": -3.20082777251817, "lon": -59.976019944270575}}, {"type": "Feature", "geometry": {"type": "Polygon", "coordinates": [[[-59.971528367819246, -3.2053123386161677], [-59.96254521497805, -3.2053123386161677], [-59.96254521497805, -3.1963431998834317], [-59.971528367819246, -3.1963431998834317], [-59.971528367819246, -3.2053123386161677]]]}, "id": "-6676,-357", "properties": {"cell_id": "c_-59.9670_-3.2008", "lat": -3.200827772506435, "lon": -59.96703679137396}}, {"type": "Feature", "geometry": {"type": "Polygon", "coordinates": [[[-59.96254521497805, -3.2053123386161677], [-59.95356206213687, -3.2053123386161677], [-59.95356206213687, -3.1963431998834317], [-59.96254521497805, -3.1963431998834317], [-59.96254521497805, -3.2053123386161677]]]}, "id": "-6675,-357", "properties": {"cell_id": "c_-59.9581_-3.2008", "lat": -3.20082777248982, "lon": -59.95805363853997}}, {"type": "Feature", "geometry": {"type": "Polygon", "coordinates": [[[-59.95356206213687, -3.2053123386161677], [-59.94457890929567, -3.2053123386161677], [-59.94457890929567, -3.1963431998834317], [-59.95356206213687, -3.1963431998834317], [-59.95356206213687, -3.2053123386161677]]]}, "id": "-6674,-357", "properties": {"cell_id": "c_-59.9491_-3.2008", "lat": -3.2008277725085224, "lon": -59.94907048572029}}, {"type": "Feature", "geometry": {"type": "Polygon", "coordinates": [[[-59.94457890929567, -3.2053123386161677], [-59.935595756454475, -3.2053123386161677], [-59.935595756454475, -3.1963431998834317], [-59.94457890929567, -3.1963431998834317], [-59.94457890929567, -3.2053123386161677]]]}, "id": "-6673,-357", "properties": {"cell_id": "c_-59.9401_-3.2008", "lat": -3.2008277725195824, "lon": -59.94008733288711}}, {"type": "Feature", "geometry": {"type": "Polygon", "coordinates": [[[-59.935595756454475, -3.2053123386161677], [-59.92661260361328, -3.2053123386161677], [-59.92661260361328, -3.1963431998834317], [-59.935595756454475, -3.1963431998834317], [-59.935595756454475, -3.2053123386161677]]]}, "id": "-6672,-357", "properties": {"cell_id": "c_-59.9311_-3.2008", "lat": -3.200827772525766, "lon": -59.93110418006394}}, {"type": "Feature", "geometry": {"type": "Polygon", "coordinates": [[[-59.92661260361328, -3.2053123386161677], [-59.917629450772075, -3.2053123386161677], [-59.917629450772075, -3.1963431998834317], [-59.92661260361328, -3.1963431998834317], [-59.92661260361328, -3.2053123386161677]]]}, "id": "-6671,-357", "properties": {"cell_id": "c_-59.9221_-3.2008", "lat": -3.2008277725293923, "lon": -59.92212102716922}}, {"type": "Feature", "geometry": {"type": "Polygon", "coordinates": [[[-59.917629450772075, -3.2053123386161677], [-59.90864629793088, -3.2053123386161677], [-59.90864629793088, -3.1963431998834317], [-59.917629450772075, -3.1963431998834317], [-59.917629450772075, -3.2053123386161677]]]}, "id": "-6670,-357", "properties": {"cell_id": "c_-59.9131_-3.2008", "lat": -3.2008277725276866, "lon": -59.91313787434212}}, {"type": "Feature", "geometry": {"type": "Polygon", "coordinates": [[[-59.90864629793088, -3.2053123386161677], [-59.8996631450897, -3.2053123386161677], [-59.8996631450897, -3.1963431998834317], [-59.90864629793088, -3.1963431998834317], [-59.90864629793088, -3.2053123386161677]]]}, "id": "-6669,-357", "properties": {"cell_id": "c_-59.9042_-3.2008", "lat": -3.20082777253081, "lon": -59.904154721533004}}, {"type": "Feature", "geometry": {"type": "Polygon", "coordinates": [[[-59.8996631450897, -3.2053123386161677], [-59.8906799922485, -3.2053123386161677], [-59.8906799922485, -3.1963431998834317], [-59.8996631450897, -3.1963431998834317], [-59.8996631450897, -3.2053123386161677]]]}, "id": "-6668,-357", "properties": {"cell_id": "c_-59.8952_-3.2008", "lat": -3.2008277725184158, "lon": -59.89517156865811}}, {"type": "Feature", "geometry": {"type": "Polygon", "coordinates": [[[-59.8906799922485, -3.2053123386161677], [-59.881696839407304, -3.2053123386161677], [-59.881696839407304, -3.1963431998834317], [-59.8906799922485, -3.1963431998834317], [-59.8906799922485, -3.2053123386161677]]]}, "id": "-6667,-357", "properties": {"cell_id": "c_-59.8862_-3.2008", "lat": -3.20082777251823, "lon": -59.88618841584078}}, {"type": "Feature", "geometry": {"type": "Polygon", "coordinates": [[[-59.881696839407304, -3.2053123386161677], [-59.8727136865661, -3.2053123386161677], [-59.8727136865661, -3.1963431998834317], [-59.881696839407304, -3.1963431998834317], [-59.881696839407304, -3.2053123386161677]]]}, "id": "-6666,-357", "properties": {"cell_id": "c_-59.8772_-3.2008", "lat": -3.200827772530251, "lon": -59.87720526297688}}, {"type": "Feature", "geometry": {"type": "Polygon", "coordinates": [[[-59.8727136865661, -3.2053123386161677], [-59.863730533724905, -3.2053123386161677], [-59.863730533724905, -3.1963431998834317], [-59.8727136865661, -3.1963431998834317], [-59.8727136865661, -3.2053123386161677]]]}, "id": "-6665,-357", "properties": {"cell_id": "c_-59.8682_-3.2008", "lat": -3.200827772516582, "lon": -59.86822211014436}}, {"type": "Feature", "geometry": {"type": "Polygon", "coordinates": [[[-59.863730533724905, -3.2053123386161677], [-59.85474738088371, -3.2053123386161677], [-59.85474738088371, -3.1963431998834317], [-59.863730533724905, -3.1963431998834317], [-59.863730533724905, -3.2053123386161677]]]}, "id": "-6664,-357", "properties": {"cell_id": "c_-59.8592_-3.2008", "lat": -3.200827772494766, "lon": -59.85923895730311}}, {"type": "Feature", "geometry": {"type": "Polygon", "coordinates": [[[-59.85474738088371, -3.2053123386161677], [-59.845764228042526, -3.2053123386161677], [-59.845764228042526, -3.1963431998834317], [-59.85474738088371, -3.1963431998834317], [-59.85474738088371, -3.2053123386161677]]]}, "id": "-6663,-357", "properties": {"cell_id": "c_-59.8503_-3.2008", "lat": -3.200827772517433, "lon": -59.850255804464204}}, {"type": "Feature", "geometry": {"type": "Polygon", "coordinates": [[[-59.845764228042526, -3.2053123386161677], [-59.83678107520133, -3.2053123386161677], [-59.83678107520133, -3.1963431998834317], [-59.845764228042526, -3.1963431998834317], [-59.845764228042526, -3.2053123386161677]]]}, "id": "-6662,-357", "properties": {"cell_id": "c_-59.8413_-3.2008", "lat": -3.2008277725217726, "lon": -59.84127265162956}}, {"type": "Feature", "geometry": {"type": "Polygon", "coordinates": [[[-59.83678107520133, -3.2053123386161677], [-59.827797922360126, -3.2053123386161677], [-59.827797922360126, -3.1963431998834317], [-59.83678107520133, -3.1963431998834317], [-59.83678107520133, -3.2053123386161677]]]}, "id": "-6661,-357", "properties": {"cell_id": "c_-59.8323_-3.2008", "lat": -3.2008277725151335, "lon": -59.83228949877382}}, {"type": "Feature", "geometry": {"type": "Polygon", "coordinates": [[[-59.827797922360126, -3.2053123386161677], [-59.81881476951893, -3.2053123386161677], [-59.81881476951893, -3.1963431998834317], [-59.827797922360126, -3.1963431998834317], [-59.827797922360126, -3.2053123386161677]]]}, "id": "-6660,-357", "properties": {"cell_id": "c_-59.8233_-3.2008", "lat": -3.2008277725048555, "lon": -59.823306345963665}}, {"type": "Feature", "geometry": {"type": "Polygon", "coordinates": [[[-59.81881476951893, -3.2053123386161677], [-59.809831616677734, -3.2053123386161677], [-59.809831616677734, -3.1963431998834317], [-59.81881476951893, -3.1963431998834317], [-59.81881476951893, -3.2053123386161677]]]}, "id": "-6659,-357", "properties": {"cell_id": "c_-59.8143_-3.2008", "lat": -3.200827772511333, "lon": -59.81432319307221}}, {"type": "Feature", "geometry": {"type": "Polygon", "coordinates": [[[-59.809831616677734, -3.2053123386161677], [-59.80084846383654, -3.2053123386161677], [-59.80084846383654, -3.1963431998834317], [-59.809831616677734, -3.1963431998834317], [-59.809831616677734, -3.2053123386161677]]]}, "id": "-6658,-357", "properties": {"cell_id": "c_-59.8053_-3.2008", "lat": -3.2008277725141787, "lon": -59.805340040252865}}, {"type": "Feature", "geometry": {"type": "Polygon", "coordinates": [[[-59.80084846383654, -3.2053123386161677], [-59.791865310995355, -3.2053123386161677], [-59.791865310995355, -3.1963431998834317], [-59.80084846383654, -3.1963431998834317], [-59.80084846383654, -3.2053123386161677]]]}, "id": "-6657,-357", "properties": {"cell_id": "c_-59.7964_-3.2008", "lat": -3.2008277724929846, "lon": -59.796356887434186}}, {"type": "Feature", "geometry": {"type": "Polygon", "coordinates": [[[-59.791865310995355, -3.2053123386161677], [-59.78288215815416, -3.2053123386161677], [-59.78288215815416, -3.1963431998834317], [-59.791865310995355, -3.1963431998834317], [-59.791865310995355, -3.2053123386161677]]]}, "id": "-6656,-357", "properties": {"cell_id": "c_-59.7874_-3.2008", "lat": -3.2008277725032244, "lon": -59.78737373456464}}, {"type": "Feature", "geometry": {"type": "Polygon", "coordinates": [[[-59.78288215815416, -3.2053123386161677], [-59.773899005312956, -3.2053123386161677], [-59.773899005312956, -3.1963431998834317], [-59.78288215815416, -3.1963431998834317], [-59.78288215815416, -3.2053123386161677]]]}, "id": "-6655,-357", "properties": {"cell_id": "c_-59.7784_-3.2008", "lat": -3.200827772506954, "lon": -59.77839058173664}}, {"type": "Feature", "geometry": {"type": "Polygon", "coordinates": [[[-59.773899005312956, -3.2053123386161677], [-59.76491585247176, -3.2053123386161677], [-59.76491585247176, -3.1963431998834317], [-59.773899005312956, -3.1963431998834317], [-59.773899005312956, -3.2053123386161677]]]}, "id": "-6654,-357", "properties": {"cell_id": "c_-59.7694_-3.2008", "lat": -3.2008277725217016, "lon": -59.769407428887334}}, {"type": "Feature", "geometry": {"type": "Polygon", "coordinates": [[[-59.76491585247176, -3.2053123386161677], [-59.75593269963056, -3.2053123386161677], [-59.75593269963056, -3.1963431998834317], [-59.76491585247176, -3.1963431998834317], [-59.76491585247176, -3.2053123386161677]]]}, "id": "-6653,-357", "properties": {"cell_id": "c_-59.7604_-3.2008", "lat": -3.2008277725197285, "lon": -59.76042427605755}}, {"type": "Feature", "geometry": {"type": "Polygon", "coordinates": [[[-59.75593269963056, -3.2053123386161677], [-59.74694954678938, -3.2053123386161677], [-59.74694954678938, -3.1963431998834317], [-59.75593269963056, -3.1963431998834317], [-59.75593269963056, -3.2053123386161677]]]}, "id": "-6652,-357", "properties": {"cell_id": "c_-59.7514_-3.2008", "lat": -3.2008277725083434, "lon": -59.751441123177244}}, {"type": "Feature", "geometry": {"type": "Polygon", "coordinates": [[[-60.20509034169033, -3.1963431998834317], [-60.19610718884913, -3.1963431998834317], [-60.19610718884913, -3.1873739827419953], [-60.20509034169033, -3.1873739827419953], [-60.20509034169033, -3.1963431998834317]]]}, "id": "-6702,-356", "properties": {"cell_id": "c_-60.2006_-3.1919", "lat": -3.1918585945645166, "lon": -60.20059876526439}}, {"type": "Feature", "geometry": {"type": "Polygon", "coordinates": [[[-60.19610718884913, -3.1963431998834317], [-60.18712403600794, -3.1963431998834317], [-60.18712403600794, -3.1873739827419953], [-60.19610718884913, -3.1873739827419953], [-60.19610718884913, -3.1963431998834317]]]}, "id": "-6701,-356", "properties": {"cell_id": "c_-60.1916_-3.1919", "lat": -3.191858594566314, "lon": -60.19161561243501}}, {"type": "Feature", "geometry": {"type": "Polygon", "coordinates": [[[-60.18712403600794, -3.1963431998834317], [-60.17814088316674, -3.1963431998834317], [-60.17814088316674, -3.1873739827419953], [-60.18712403600794, -3.1873739827419953], [-60.18712403600794, -3.1963431998834317]]]}, "id": "-6700,-356", "properties": {"cell_id": "c_-60.1826_-3.1919", "lat": -3.191858594576591, "lon": -60.182632459579324}}, {"type": "Feature", "geometry": {"type": "Polygon", "coordinates": [[[-60.17814088316674, -3.1963431998834317], [-60.16915773032555, -3.1963431998834317], [-60.16915773032555, -3.1873739827419953], [-60.17814088316674, -3.1873739827419953], [-60.17814088316674, -3.1963431998834317]]]}, "id": "-6699,-356", "properties": {"cell_id": "c_-60.1736_-3.1919", "lat": -3.191858594562617, "lon": -60.1736493067511}}, {"type": "Feature", "geometry": {"type": "Polygon", "coordinates": [[[-60.16915773032555, -3.1963431998834317], [-60.160174577484355, -3.1963431998834317], [-60.160174577484355, -3.1873739827419953], [-60.16915773032555, -3.1873739827419953], [-60.16915773032555, -3.1963431998834317]]]}, "id": "-6698,-356", "properties": {"cell_id": "c_-60.1647_-3.1919", "lat": -3.191858594567098, "lon": -60.164666153898736}}, {"type": "Feature", "geometry": {"type": "Polygon", "coordinates": [[[-60.160174577484355, -3.1963431998834317], [-60.15119142464316, -3.1963431998834317], [-60.15119142464316, -3.1873739827419953], [-60.160174577484355, -3.1873739827419953], [-60.160174577484355, -3.1963431998834317]]]}, "id": "-6697,-356", "properties": {"cell_id": "c_-60.1557_-3.1919", "lat": -3.191858594577479, "lon": -60.15568300104546}}, {"type": "Feature", "geometry": {"type": "Polygon", "coordinates": [[[-60.15119142464316, -3.1963431998834317], [-60.14220827180196, -3.1963431998834317], [-60.14220827180196, -3.1873739827419953], [-60.15119142464316, -3.1873739827419953], [-60.15119142464316, -3.1963431998834317]]]}, "id": "-6696,-356", "properties": {"cell_id": "c_-60.1467_-3.1919", "lat": -3.191858594571119, "lon": -60.14669984823521}}, {"type": "Feature", "geometry": {"type": "Polygon", "coordinates": [[[-60.14220827180196, -3.1963431998834317], [-60.133225118960766, -3.1963431998834317], [-60.133225118960766, -3.1873739827419953], [-60.14220827180196, -3.1873739827419953], [-60.14220827180196, -3.1963431998834317]]]}, "id": "-6695,-356", "properties": {"cell_id": "c_-60.1377_-3.1919", "lat": -3.191858594573112, "lon": -60.13771669538322}}, {"type": "Feature", "geometry": {"type": "Polygon", "coordinates": [[[-60.133225118960766, -3.1963431998834317], [-60.12424196611957, -3.1963431998834317], [-60.12424196611957, -3.1873739827419953], [-60.133225118960766, -3.1873739827419953], [-60.133225118960766, -3.1963431998834317]]]}, "id": "-6694,-356", "properties": {"cell_id": "c_-60.1287_-3.1919", "lat": -3.1918585945608138, "lon": -60.128733542538384}}, {"type": "Feature", "geometry": {"type": "Polygon", "coordinates": [[[-60.12424196611957, -3.1963431998834317], [-60.11525881327838, -3.1963431998834317], [-60.11525881327838, -3.1873739827419953], [-60.12424196611957, -3.1873739827419953], [-60.12424196611957, -3.1963431998834317]]]}, "id": "-6693,-356", "properties": {"cell_id": "c_-60.1198_-3.1919", "lat": -3.1918585945518223, "lon": -60.119750389683766}}, {"type": "Feature", "geometry": {"type": "Polygon", "coordinates": [[[-60.11525881327838, -3.1963431998834317], [-60.106275660437184, -3.1963431998834317], [-60.106275660437184, -3.1873739827419953], [-60.11525881327838, -3.1873739827419953], [-60.11525881327838, -3.1963431998834317]]]}, "id": "-6692,-356", "properties": {"cell_id": "c_-60.1108_-3.1919", "lat": -3.191858594558673, "lon": -60.11076723685365}}, {"type": "Feature", "geometry": {"type": "Polygon", "coordinates": [[[-60.106275660437184, -3.1963431998834317], [-60.09729250759599, -3.1963431998834317], [-60.09729250759599, -3.1873739827419953], [-60.106275660437184, -3.1873739827419953], [-60.106275660437184, -3.1963431998834317]]]}, "id": "-6691,-356", "properties": {"cell_id": "c_-60.1018_-3.1919", "lat": -3.1918585945486138, "lon": -60.10178408402567}}, {"type": "Feature", "geometry": {"type": "Polygon", "coordinates": [[[-60.09729250759599, -3.1963431998834317], [-60.08830935475479, -3.1963431998834317], [-60.08830935475479, -3.1873739827419953], [-60.09729250759599, -3.1873739827419953], [-60.09729250759599, -3.1963431998834317]]]}, "id": "-6690,-356", "properties": {"cell_id": "c_-60.0928_-3.1919", "lat": -3.19185859453418, "lon": -60.09280093118352}}, {"type": "Feature", "geometry": {"type": "Polygon", "coordinates": [[[-60.08830935475479, -3.1963431998834317], [-60.079326201913595, -3.1963431998834317], [-60.079326201913595, -3.1873739827419953], [-60.08830935475479, -3.1873739827419953], [-60.08830935475479, -3.1963431998834317]]]}, "id": "-6689,-356", "properties": {"cell_id": "c_-60.0838_-3.1919", "lat": -3.191858594555586, "lon": -60.08381777836811}}, {"type": "Feature", "geometry": {"type": "Polygon", "coordinates": [[[-60.079326201913595, -3.1963431998834317], [-60.0703430490724, -3.1963431998834317], [-60.0703430490724, -3.1873739827419953], [-60.079326201913595, -3.1873739827419953], [-60.079326201913595, -3.1963431998834317]]]}, "id": "-6688,-356", "properties": {"cell_id": "c_-60.0748_-3.1919", "lat": -3.1918585945726115, "lon": -60.07483462544478}}, {"type": "Feature", "geometry": {"type": "Polygon", "coordinates": [[[-60.0703430490724, -3.1963431998834317], [-60.06135989623121, -3.1963431998834317], [-60.06135989623121, -3.1873739827419953], [-60.0703430490724, -3.1873739827419953], [-60.0703430490724, -3.1963431998834317]]]}, "id": "-6687,-356", "properties": {"cell_id": "c_-60.0659_-3.1919", "lat": -3.1918585945751463, "lon": -60.065851472645704}}, {"type": "Feature", "geometry": {"type": "Polygon", "coordinates": [[[-60.06135989623121, -3.1963431998834317], [-60.05237674339001, -3.1963431998834317], [-60.05237674339001, -3.1873739827419953], [-60.06135989623121, -3.1873739827419953], [-60.06135989623121, -3.1963431998834317]]]}, "id": "-6686,-356", "properties": {"cell_id": "c_-60.0569_-3.1919", "lat": -3.1918585945706406, "lon": -60.056868319854125}}, {"type": "Feature", "geometry": {"type": "Polygon", "coordinates": [[[-60.05237674339001, -3.1963431998834317], [-60.04339359054882, -3.1963431998834317], [-60.04339359054882, -3.1873739827419953], [-60.05237674339001, -3.1873739827419953], [-60.05237674339001, -3.1963431998834317]]]}, "id": "-6685,-356", "properties": {"cell_id": "c_-60.0479_-3.1919", "lat": -3.1918585945591023, "lon": -60.0478851669698}}, {"type": "Feature", "geometry": {"type": "Polygon", "coordinates": [[[-60.04339359054882, -3.1963431998834317], [-60.03441043770762, -3.1963431998834317], [-60.03441043770762, -3.1873739827419953], [-60.04339359054882, -3.1873739827419953], [-60.04339359054882, -3.1963431998834317]]]}, "id": "-6684,-356", "properties": {"cell_id": "c_-60.0389_-3.1919", "lat": -3.1918585945706193, "lon": -60.038902014084286}}, {"type": "Feature", "geometry": {"type": "Polygon", "coordinates": [[[-60.03441043770762, -3.1963431998834317], [-60.025427284866424, -3.1963431998834317], [-60.025427284866424, -3.1873739827419953], [-60.03441043770762, -3.1873739827419953], [-60.03441043770762, -3.1963431998834317]]]}, "id": "-6683,-356", "properties": {"cell_id": "c_-60.0299_-3.1919", "lat": -3.191858594559906, "lon": -60.02991886132467}}, {"type": "Feature", "geometry": {"type": "Polygon", "coordinates": [[[-60.025427284866424, -3.1963431998834317], [-60.01644413202522, -3.1963431998834317], [-60.01644413202522, -3.1873739827419953], [-60.025427284866424, -3.1873739827419953], [-60.025427284866424, -3.1963431998834317]]]}, "id": "-6682,-356", "properties": {"cell_id": "c_-60.0209_-3.1919", "lat": -3.19185859454961, "lon": -60.020935708437285}}, {"type": "Feature", "geometry": {"type": "Polygon", "coordinates": [[[-60.01644413202522, -3.1963431998834317], [-60.00746097918404, -3.1963431998834317], [-60.00746097918404, -3.1873739827419953], [-60.01644413202522, -3.1873739827419953], [-60.01644413202522, -3.1963431998834317]]]}, "id": "-6681,-356", "properties": {"cell_id": "c_-60.0120_-3.1919", "lat": -3.1918585945647435, "lon": -60.01195255559933}}, {"type": "Feature", "geometry": {"type": "Polygon", "coordinates": [[[-60.00746097918404, -3.1963431998834317], [-59.99847782634284, -3.1963431998834317], [-59.99847782634284, -3.1873739827419953], [-60.00746097918404, -3.1873739827419953], [-60.00746097918404, -3.1963431998834317]]]}, "id": "-6680,-356", "properties": {"cell_id": "c_-60.0030_-3.1919", "lat": -3.191858594554949, "lon": -60.002969402762254}}, {"type": "Feature", "geometry": {"type": "Polygon", "coordinates": [[[-59.99847782634284, -3.1963431998834317], [-59.989494673501646, -3.1963431998834317], [-59.989494673501646, -3.1873739827419953], [-59.99847782634284, -3.1873739827419953], [-59.99847782634284, -3.1963431998834317]]]}, "id": "-6679,-356", "properties": {"cell_id": "c_-59.9940_-3.1919", "lat": -3.1918585945604376, "lon": -59.993986249930956}}, {"type": "Feature", "geometry": {"type": "Polygon", "coordinates": [[[-59.989494673501646, -3.1963431998834317], [-59.98051152066045, -3.1963431998834317], [-59.98051152066045, -3.1873739827419953], [-59.989494673501646, -3.1873739827419953], [-59.989494673501646, -3.1963431998834317]]]}, "id": "-6678,-356", "properties": {"cell_id": "c_-59.9850_-3.1919", "lat": -3.1918585945812095, "lon": -59.98500309707141}}, {"type": "Feature", "geometry": {"type": "Polygon", "coordinates": [[[-59.98051152066045, -3.1963431998834317], [-59.971528367819246, -3.1963431998834317], [-59.971528367819246, -3.1873739827419953], [-59.98051152066045, -3.1873739827419953], [-59.98051152066045, -3.1963431998834317]]]}, "id": "-6677,-356", "properties": {"cell_id": "c_-59.9760_-3.1919", "lat": -3.191858594561843, "lon": -59.97601994425056}}, {"type": "Feature", "geometry": {"type": "Polygon", "coordinates": [[[-59.971528367819246, -3.1963431998834317], [-59.96254521497805, -3.1963431998834317], [-59.96254521497805, -3.1873739827419953], [-59.971528367819246, -3.1873739827419953], [-59.971528367819246, -3.1963431998834317]]]}, "id": "-6676,-356", "properties": {"cell_id": "c_-59.9670_-3.1919", "lat": -3.191858594555031, "lon": -59.96703679137539}}, {"type": "Feature", "geometry": {"type": "Polygon", "coordinates": [[[-59.96254521497805, -3.1963431998834317], [-59.95356206213687, -3.1963431998834317], [-59.95356206213687, -3.1873739827419953], [-59.96254521497805, -3.1873739827419953], [-59.96254521497805, -3.1963431998834317]]]}, "id": "-6675,-356", "properties": {"cell_id": "c_-59.9581_-3.1919", "lat": -3.191858594583406, "lon": -59.95805363855033}}, {"type": "Feature", "geometry": {"type": "Polygon", "coordinates": [[[-59.95356206213687, -3.1963431998834317], [-59.94457890929567, -3.1963431998834317], [-59.94457890929567, -3.1873739827419953], [-59.95356206213687, -3.1873739827419953], [-59.95356206213687, -3.1963431998834317]]]}, "id": "-6674,-356", "properties": {"cell_id": "c_-59.9491_-3.1919", "lat": -3.1918585945790583, "lon": -59.949070485724306}}, {"type": "Feature", "geometry": {"type": "Polygon", "coordinates": [[[-59.94457890929567, -3.1963431998834317], [-59.935595756454475, -3.1963431998834317], [-59.935595756454475, -3.1873739827419953], [-59.94457890929567, -3.1873739827419953], [-59.94457890929567, -3.1963431998834317]]]}, "id": "-6673,-356", "properties": {"cell_id": "c_-59.9401_-3.1919", "lat": -3.1918585945720306, "lon": -59.94008733288713}}, {"type": "Feature", "geometry": {"type": "Polygon", "coordinates": [[[-59.935595756454475, -3.1963431998834317], [-59.92661260361328, -3.1963431998834317], [-59.92661260361328, -3.1873739827419953], [-59.935595756454475, -3.1873739827419953], [-59.935595756454475, -3.1963431998834317]]]}, "id": "-6672,-356", "properties": {"cell_id": "c_-59.9311_-3.1919", "lat": -3.1918585945646365, "lon": -59.931104180062704}}, {"type": "Feature", "geometry": {"type": "Polygon", "coordinates": [[[-59.92661260361328, -3.1963431998834317], [-59.917629450772075, -3.1963431998834317], [-59.917629450772075, -3.1873739827419953], [-59.92661260361328, -3.1873739827419953], [-59.92661260361328, -3.1963431998834317]]]}, "id": "-6671,-356", "properties": {"cell_id": "c_-59.9221_-3.1919", "lat": -3.1918585945545614, "lon": -59.922121027163975}}, {"type": "Feature", "geometry": {"type": "Polygon", "coordinates": [[[-59.917629450772075, -3.1963431998834317], [-59.90864629793088, -3.1963431998834317], [-59.90864629793088, -3.1873739827419953], [-59.917629450772075, -3.1873739827419953], [-59.917629450772075, -3.1963431998834317]]]}, "id": "-6670,-356", "properties": {"cell_id": "c_-59.9131_-3.1919", "lat": -3.191858594549202, "lon": -59.91313787434026}}, {"type": "Feature", "geometry": {"type": "Polygon", "coordinates": [[[-59.90864629793088, -3.1963431998834317], [-59.8996631450897, -3.1963431998834317], [-59.8996631450897, -3.1873739827419953], [-59.90864629793088, -3.1873739827419953], [-59.90864629793088, -3.1963431998834317]]]}, "id": "-6669,-356", "properties": {"cell_id": "c_-59.9042_-3.1919", "lat": -3.19185859452822, "lon": -59.90415472151696}}, {"type": "Feature", "geometry": {"type": "Polygon", "coordinates": [[[-59.8996631450897, -3.1963431998834317], [-59.8906799922485, -3.1963431998834317], [-59.8906799922485, -3.1873739827419953], [-59.8996631450897, -3.1873739827419953], [-59.8996631450897, -3.1963431998834317]]]}, "id": "-6668,-356", "properties": {"cell_id": "c_-59.8952_-3.1919", "lat": -3.191858594547058, "lon": -59.89517156868061}}, {"type": "Feature", "geometry": {"type": "Polygon", "coordinates": [[[-59.8906799922485, -3.1963431998834317], [-59.881696839407304, -3.1963431998834317], [-59.881696839407304, -3.1873739827419953], [-59.8906799922485, -3.1873739827419953], [-59.8906799922485, -3.1963431998834317]]]}, "id": "-6667,-356", "properties": {"cell_id": "c_-59.8862_-3.1919", "lat": -3.1918585945678255, "lon": -59.886188415838895}}, {"type": "Feature", "geometry": {"type": "Polygon", "coordinates": [[[-59.881696839407304, -3.1963431998834317], [-59.8727136865661, -3.1963431998834317], [-59.8727136865661, -3.1873739827419953], [-59.881696839407304, -3.1873739827419953], [-59.881696839407304, -3.1963431998834317]]]}, "id": "-6666,-356", "properties": {"cell_id": "c_-59.8772_-3.1919", "lat": -3.1918585945526123, "lon": -59.87720526297557}}, {"type": "Feature", "geometry": {"type": "Polygon", "coordinates": [[[-59.8727136865661, -3.1963431998834317], [-59.863730533724905, -3.1963431998834317], [-59.863730533724905, -3.1873739827419953], [-59.8727136865661, -3.1873739827419953], [-59.8727136865661, -3.1963431998834317]]]}, "id": "-6665,-356", "properties": {"cell_id": "c_-59.8682_-3.1919", "lat": -3.191858594556875, "lon": -59.868222110136244}}, {"type": "Feature", "geometry": {"type": "Polygon", "coordinates": [[[-59.863730533724905, -3.1963431998834317], [-59.85474738088371, -3.1963431998834317], [-59.85474738088371, -3.1873739827419953], [-59.863730533724905, -3.1873739827419953], [-59.863730533724905, -3.1963431998834317]]]}, "id": "-6664,-356", "properties": {"cell_id": "c_-59.8592_-3.1919", "lat": -3.191858594570432, "lon": -59.859238957302956}}, {"type": "Feature", "geometry": {"type": "Polygon", "coordinates": [[[-59.85474738088371, -3.1963431998834317], [-59.845764228042526, -3.1963431998834317], [-59.845764228042526, -3.1873739827419953], [-59.85474738088371, -3.1873739827419953], [-59.85474738088371, -3.1963431998834317]]]}, "id": "-6663,-356", "properties": {"cell_id": "c_-59.8503_-3.1919", "lat": -3.1918585945553755, "lon": -59.85025580447198}}, {"type": "Feature", "geometry": {"type": "Polygon", "coordinates": [[[-59.845764228042526, -3.1963431998834317], [-59.83678107520133, -3.1963431998834317], [-59.83678107520133, -3.1873739827419953], [-59.845764228042526, -3.1873739827419953], [-59.845764228042526, -3.1963431998834317]]]}, "id": "-6662,-356", "properties": {"cell_id": "c_-59.8413_-3.1919", "lat": -3.1918585945467806, "lon": -59.84127265161751}}, {"type": "Feature", "geometry": {"type": "Polygon", "coordinates": [[[-59.83678107520133, -3.1963431998834317], [-59.827797922360126, -3.1963431998834317], [-59.827797922360126, -3.1873739827419953], [-59.83678107520133, -3.1873739827419953], [-59.83678107520133, -3.1963431998834317]]]}, "id": "-6661,-356", "properties": {"cell_id": "c_-59.8323_-3.1919", "lat": -3.1918585945446494, "lon": -59.83228949877709}}, {"type": "Feature", "geometry": {"type": "Polygon", "coordinates": [[[-59.827797922360126, -3.1963431998834317], [-59.81881476951893, -3.1963431998834317], [-59.81881476951893, -3.1873739827419953], [-59.827797922360126, -3.1873739827419953], [-59.827797922360126, -3.1963431998834317]]]}, "id": "-6660,-356", "properties": {"cell_id": "c_-59.8233_-3.1919", "lat": -3.191858594548982, "lon": -59.82330634595446}}, {"type": "Feature", "geometry": {"type": "Polygon", "coordinates": [[[-59.81881476951893, -3.1963431998834317], [-59.809831616677734, -3.1963431998834317], [-59.809831616677734, -3.1873739827419953], [-59.81881476951893, -3.1873739827419953], [-59.81881476951893, -3.1963431998834317]]]}, "id": "-6659,-356", "properties": {"cell_id": "c_-59.8143_-3.1919", "lat": -3.191858594549587, "lon": -59.814323193088526}}, {"type": "Feature", "geometry": {"type": "Polygon", "coordinates": [[[-59.809831616677734, -3.1963431998834317], [-59.80084846383654, -3.1963431998834317], [-59.80084846383654, -3.1873739827419953], [-59.809831616677734, -3.1873739827419953], [-59.809831616677734, -3.1963431998834317]]]}, "id": "-6658,-356", "properties": {"cell_id": "c_-59.8053_-3.1919", "lat": -3.1918585945538007, "lon": -59.805340040243614}}, {"type": "Feature", "geometry": {"type": "Polygon", "coordinates": [[[-59.80084846383654, -3.1963431998834317], [-59.791865310995355, -3.1963431998834317], [-59.791865310995355, -3.1873739827419953], [-59.80084846383654, -3.1873739827419953], [-59.80084846383654, -3.1963431998834317]]]}, "id": "-6657,-356", "properties": {"cell_id": "c_-59.7964_-3.1919", "lat": -3.191858594579156, "lon": -59.796356887447594}}, {"type": "Feature", "geometry": {"type": "Polygon", "coordinates": [[[-59.791865310995355, -3.1963431998834317], [-59.78288215815416, -3.1963431998834317], [-59.78288215815416, -3.1873739827419953], [-59.791865310995355, -3.1873739827419953], [-59.791865310995355, -3.1963431998834317]]]}, "id": "-6656,-356", "properties": {"cell_id": "c_-59.7874_-3.1919", "lat": -3.1918585945803812, "lon": -59.787373734562706}}, {"type": "Feature", "geometry": {"type": "Polygon", "coordinates": [[[-59.78288215815416, -3.1963431998834317], [-59.773899005312956, -3.1963431998834317], [-59.773899005312956, -3.1873739827419953], [-59.78288215815416, -3.1873739827419953], [-59.78288215815416, -3.1963431998834317]]]}, "id": "-6655,-356", "properties": {"cell_id": "c_-59.7784_-3.1919", "lat": -3.191858594582331, "lon": -59.778390581744254}}, {"type": "Feature", "geometry": {"type": "Polygon", "coordinates": [[[-59.773899005312956, -3.1963431998834317], [-59.76491585247176, -3.1963431998834317], [-59.76491585247176, -3.1873739827419953], [-59.773899005312956, -3.1873739827419953], [-59.773899005312956, -3.1963431998834317]]]}, "id": "-6654,-356", "properties": {"cell_id": "c_-59.7694_-3.1919", "lat": -3.191858594567472, "lon": -59.76940742887961}}, {"type": "Feature", "geometry": {"type": "Polygon", "coordinates": [[[-59.76491585247176, -3.1963431998834317], [-59.75593269963056, -3.1963431998834317], [-59.75593269963056, -3.1873739827419953], [-59.76491585247176, -3.1873739827419953], [-59.76491585247176, -3.1963431998834317]]]}, "id": "-6653,-356", "properties": {"cell_id": "c_-59.7604_-3.1919", "lat": -3.191858594553335, "lon": -59.76042427604915}}, {"type": "Feature", "geometry": {"type": "Polygon", "coordinates": [[[-59.75593269963056, -3.1963431998834317], [-59.74694954678938, -3.1963431998834317], [-59.74694954678938, -3.1873739827419953], [-59.75593269963056, -3.1873739827419953], [-59.75593269963056, -3.1963431998834317]]]}, "id": "-6652,-356", "properties": {"cell_id": "c_-59.7514_-3.1919", "lat": -3.1918585945749745, "lon": -59.75144112319592}}, {"type": "Feature", "geometry": {"type": "Polygon", "coordinates": [[[-60.20509034169033, -3.1873739827419953], [-60.19610718884913, -3.1873739827419953], [-60.19610718884913, -3.1784046874109606], [-60.20509034169033, -3.1784046874109606], [-60.20509034169033, -3.1873739827419953]]]}, "id": "-6702,-355", "properties": {"cell_id": "c_-60.2006_-3.1829", "lat": -3.182889338375412, "lon": -60.20059876528272}}, {"type": "Feature", "geometry": {"type": "Polygon", "coordinates": [[[-60.19610718884913, -3.1873739827419953], [-60.18712403600794, -3.1873739827419953], [-60.18712403600794, -3.1784046874109606], [-60.19610718884913, -3.1784046874109606], [-60.19610718884913, -3.1873739827419953]]]}, "id": "-6701,-355", "properties": {"cell_id": "c_-60.1916_-3.1829", "lat": -3.1828893383820946, "lon": -60.19161561242519}}, {"type": "Feature", "geometry": {"type": "Polygon", "coordinates": [[[-60.18712403600794, -3.1873739827419953], [-60.17814088316674, -3.1873739827419953], [-60.17814088316674, -3.1784046874109606], [-60.18712403600794, -3.1784046874109606], [-60.18712403600794, -3.1873739827419953]]]}, "id": "-6700,-355", "properties": {"cell_id": "c_-60.1826_-3.1829", "lat": -3.1828893383592867, "lon": -60.1826324595766}}, {"type": "Feature", "geometry": {"type": "Polygon", "coordinates": [[[-60.17814088316674, -3.1873739827419953], [-60.16915773032555, -3.1873739827419953], [-60.16915773032555, -3.1784046874109606], [-60.17814088316674, -3.1784046874109606], [-60.17814088316674, -3.1873739827419953]]]}, "id": "-6699,-355", "properties": {"cell_id": "c_-60.1736_-3.1829", "lat": -3.182889338364836, "lon": -60.17364930674539}}, {"type": "Feature", "geometry": {"type": "Polygon", "coordinates": [[[-60.16915773032555, -3.1873739827419953], [-60.160174577484355, -3.1873739827419953], [-60.160174577484355, -3.1784046874109606], [-60.16915773032555, -3.1784046874109606], [-60.16915773032555, -3.1873739827419953]]]}, "id": "-6698,-355", "properties": {"cell_id": "c_-60.1647_-3.1829", "lat": -3.1828893383635473, "lon": -60.16466615390765}}, {"type": "Feature", "geometry": {"type": "Polygon", "coordinates": [[[-60.160174577484355, -3.1873739827419953], [-60.15119142464316, -3.1873739827419953], [-60.15119142464316, -3.1784046874109606], [-60.160174577484355, -3.1784046874109606], [-60.160174577484355, -3.1873739827419953]]]}, "id": "-6697,-355", "properties": {"cell_id": "c_-60.1557_-3.1829", "lat": -3.182889338370432, "lon": -60.15568300105384}}, {"type": "Feature", "geometry": {"type": "Polygon", "coordinates": [[[-60.15119142464316, -3.1873739827419953], [-60.14220827180196, -3.1873739827419953], [-60.14220827180196, -3.1784046874109606], [-60.15119142464316, -3.1784046874109606], [-60.15119142464316, -3.1873739827419953]]]}, "id": "-6696,-355", "properties": {"cell_id": "c_-60.1467_-3.1829", "lat": -3.1828893383804426, "lon": -60.14669984823048}}, {"type": "Feature", "geometry": {"type": "Polygon", "coordinates": [[[-60.14220827180196, -3.1873739827419953], [-60.133225118960766, -3.1873739827419953], [-60.133225118960766, -3.1784046874109606], [-60.14220827180196, -3.1784046874109606], [-60.14220827180196, -3.1873739827419953]]]}, "id": "-6695,-355", "properties": {"cell_id": "c_-60.1377_-3.1829", "lat": -3.182889338363433, "lon": -60.137716695372916}}, {"type": "Feature", "geometry": {"type": "Polygon", "coordinates": [[[-60.133225118960766, -3.1873739827419953], [-60.12424196611957, -3.1873739827419953], [-60.12424196611957, -3.1784046874109606], [-60.133225118960766, -3.1784046874109606], [-60.133225118960766, -3.1873739827419953]]]}, "id": "-6694,-355", "properties": {"cell_id": "c_-60.1287_-3.1829", "lat": -3.1828893383620893, "lon": -60.12873354253504}}, {"type": "Feature", "geometry": {"type": "Polygon", "coordinates": [[[-60.12424196611957, -3.1873739827419953], [-60.11525881327838, -3.1873739827419953], [-60.11525881327838, -3.1784046874109606], [-60.12424196611957, -3.1784046874109606], [-60.12424196611957, -3.1873739827419953]]]}, "id": "-6693,-355", "properties": {"cell_id": "c_-60.1198_-3.1829", "lat": -3.182889338371357, "lon": -60.11975038968739}}, {"type": "Feature", "geometry": {"type": "Polygon", "coordinates": [[[-60.11525881327838, -3.1873739827419953], [-60.106275660437184, -3.1873739827419953], [-60.106275660437184, -3.1784046874109606], [-60.11525881327838, -3.1784046874109606], [-60.11525881327838, -3.1873739827419953]]]}, "id": "-6692,-355", "properties": {"cell_id": "c_-60.1108_-3.1829", "lat": -3.182889338386184, "lon": -60.11076723687174}}, {"type": "Feature", "geometry": {"type": "Polygon", "coordinates": [[[-60.106275660437184, -3.1873739827419953], [-60.09729250759599, -3.1873739827419953], [-60.09729250759599, -3.1784046874109606], [-60.106275660437184, -3.1784046874109606], [-60.106275660437184, -3.1873739827419953]]]}, "id": "-6691,-355", "properties": {"cell_id": "c_-60.1018_-3.1829", "lat": -3.18288933838898, "lon": -60.10178408400033}}, {"type": "Feature", "geometry": {"type": "Polygon", "coordinates": [[[-60.09729250759599, -3.1873739827419953], [-60.08830935475479, -3.1873739827419953], [-60.08830935475479, -3.1784046874109606], [-60.09729250759599, -3.1784046874109606], [-60.09729250759599, -3.1873739827419953]]]}, "id": "-6690,-355", "properties": {"cell_id": "c_-60.0928_-3.1829", "lat": -3.1828893383872323, "lon": -60.092800931192656}}, {"type": "Feature", "geometry": {"type": "Polygon", "coordinates": [[[-60.08830935475479, -3.1873739827419953], [-60.079326201913595, -3.1873739827419953], [-60.079326201913595, -3.1784046874109606], [-60.08830935475479, -3.1784046874109606], [-60.08830935475479, -3.1873739827419953]]]}, "id": "-6689,-355", "properties": {"cell_id": "c_-60.0838_-3.1829", "lat": -3.182889338383351, "lon": -60.08381777837652}}, {"type": "Feature", "geometry": {"type": "Polygon", "coordinates": [[[-60.079326201913595, -3.1873739827419953], [-60.0703430490724, -3.1873739827419953], [-60.0703430490724, -3.1784046874109606], [-60.079326201913595, -3.1784046874109606], [-60.079326201913595, -3.1873739827419953]]]}, "id": "-6688,-355", "properties": {"cell_id": "c_-60.0748_-3.1829", "lat": -3.182889338364807, "lon": -60.07483462543485}}, {"type": "Feature", "geometry": {"type": "Polygon", "coordinates": [[[-60.0703430490724, -3.1873739827419953], [-60.06135989623121, -3.1873739827419953], [-60.06135989623121, -3.1784046874109606], [-60.0703430490724, -3.1784046874109606], [-60.0703430490724, -3.1873739827419953]]]}, "id": "-6687,-355", "properties": {"cell_id": "c_-60.0659_-3.1829", "lat": -3.1828893383667674, "lon": -60.06585147266013}}, {"type": "Feature", "geometry": {"type": "Polygon", "coordinates": [[[-60.06135989623121, -3.1873739827419953], [-60.05237674339001, -3.1873739827419953], [-60.05237674339001, -3.1784046874109606], [-60.06135989623121, -3.1784046874109606], [-60.06135989623121, -3.1873739827419953]]]}, "id": "-6686,-355", "properties": {"cell_id": "c_-60.0569_-3.1829", "lat": -3.182889338374052, "lon": -60.056868319842465}}, {"type": "Feature", "geometry": {"type": "Polygon", "coordinates": [[[-60.05237674339001, -3.1873739827419953], [-60.04339359054882, -3.1873739827419953], [-60.04339359054882, -3.1784046874109606], [-60.05237674339001, -3.1784046874109606], [-60.05237674339001, -3.1873739827419953]]]}, "id": "-6685,-355", "properties": {"cell_id": "c_-60.0479_-3.1829", "lat": -3.1828893383640113, "lon": -60.04788516695982}}, {"type": "Feature", "geometry": {"type": "Polygon", "coordinates": [[[-60.04339359054882, -3.1873739827419953], [-60.03441043770762, -3.1873739827419953], [-60.03441043770762, -3.1784046874109606], [-60.04339359054882, -3.1784046874109606], [-60.04339359054882, -3.1873739827419953]]]}, "id": "-6684,-355", "properties": {"cell_id": "c_-60.0389_-3.1829", "lat": -3.182889338359295, "lon": -60.038902014101055}}, {"type": "Feature", "geometry": {"type": "Polygon", "coordinates": [[[-60.03441043770762, -3.1873739827419953], [-60.025427284866424, -3.1873739827419953], [-60.025427284866424, -3.1784046874109606], [-60.03441043770762, -3.1784046874109606], [-60.03441043770762, -3.1873739827419953]]]}, "id": "-6683,-355", "properties": {"cell_id": "c_-60.0299_-3.1829", "lat": -3.1828893383798587, "lon": -60.02991886131775}}, {"type": "Feature", "geometry": {"type": "Polygon", "coordinates": [[[-60.025427284866424, -3.1873739827419953], [-60.01644413202522, -3.1873739827419953], [-60.01644413202522, -3.1784046874109606], [-60.025427284866424, -3.1784046874109606], [-60.025427284866424, -3.1873739827419953]]]}, "id": "-6682,-355", "properties": {"cell_id": "c_-60.0209_-3.1829", "lat": -3.1828893383854795, "lon": -60.020935708439524}}, {"type": "Feature", "geometry": {"type": "Polygon", "coordinates": [[[-60.01644413202522, -3.1873739827419953], [-60.00746097918404, -3.1873739827419953], [-60.00746097918404, -3.1784046874109606], [-60.01644413202522, -3.1784046874109606], [-60.01644413202522, -3.1873739827419953]]]}, "id": "-6681,-355", "properties": {"cell_id": "c_-60.0120_-3.1829", "lat": -3.182889338376162, "lon": -60.01195255560292}}, {"type": "Feature", "geometry": {"type": "Polygon", "coordinates": [[[-60.00746097918404, -3.1873739827419953], [-59.99847782634284, -3.1873739827419953], [-59.99847782634284, -3.1784046874109606], [-60.00746097918404, -3.1784046874109606], [-60.00746097918404, -3.1873739827419953]]]}, "id": "-6680,-355", "properties": {"cell_id": "c_-60.0030_-3.1829", "lat": -3.1828893383819854, "lon": -60.00296940275469}}, {"type": "Feature", "geometry": {"type": "Polygon", "coordinates": [[[-59.99847782634284, -3.1873739827419953], [-59.989494673501646, -3.1873739827419953], [-59.989494673501646, -3.1784046874109606], [-59.99847782634284, -3.1784046874109606], [-59.99847782634284, -3.1873739827419953]]]}, "id": "-6679,-355", "properties": {"cell_id": "c_-59.9940_-3.1829", "lat": -3.18288933837524, "lon": -59.993986249937265}}, {"type": "Feature", "geometry": {"type": "Polygon", "coordinates": [[[-59.989494673501646, -3.1873739827419953], [-59.98051152066045, -3.1873739827419953], [-59.98051152066045, -3.1784046874109606], [-59.989494673501646, -3.1784046874109606], [-59.989494673501646, -3.1873739827419953]]]}, "id": "-6678,-355", "properties": {"cell_id": "c_-59.9850_-3.1829", "lat": -3.182889338363342, "lon": -59.985003097074014}}, {"type": "Feature", "geometry": {"type": "Polygon", "coordinates": [[[-59.98051152066045, -3.1873739827419953], [-59.971528367819246, -3.1873739827419953], [-59.971528367819246, -3.1784046874109606], [-59.98051152066045, -3.1784046874109606], [-59.98051152066045, -3.1873739827419953]]]}, "id": "-6677,-355", "properties": {"cell_id": "c_-59.9760_-3.1829", "lat": -3.1828893383689305, "lon": -59.97601994423419}}, {"type": "Feature", "geometry": {"type": "Polygon", "coordinates": [[[-59.971528367819246, -3.1873739827419953], [-59.96254521497805, -3.1873739827419953], [-59.96254521497805, -3.1784046874109606], [-59.971528367819246, -3.1784046874109606], [-59.971528367819246, -3.1873739827419953]]]}, "id": "-6676,-355", "properties": {"cell_id": "c_-59.9670_-3.1829", "lat": -3.182889338369372, "lon": -59.9670367913854}}, {"type": "Feature", "geometry": {"type": "Polygon", "coordinates": [[[-59.96254521497805, -3.1873739827419953], [-59.95356206213687, -3.1873739827419953], [-59.95356206213687, -3.1784046874109606], [-59.96254521497805, -3.1784046874109606], [-59.96254521497805, -3.1873739827419953]]]}, "id": "-6675,-355", "properties": {"cell_id": "c_-59.9581_-3.1829", "lat": -3.1828893383545167, "lon": -59.958053638553864}}, {"type": "Feature", "geometry": {"type": "Polygon", "coordinates": [[[-59.95356206213687, -3.1873739827419953], [-59.94457890929567, -3.1873739827419953], [-59.94457890929567, -3.1784046874109606], [-59.95356206213687, -3.1784046874109606], [-59.95356206213687, -3.1873739827419953]]]}, "id": "-6674,-355", "properties": {"cell_id": "c_-59.9491_-3.1829", "lat": -3.1828893383719663, "lon": -59.94907048573389}}, {"type": "Feature", "geometry": {"type": "Polygon", "coordinates": [[[-59.94457890929567, -3.1873739827419953], [-59.935595756454475, -3.1873739827419953], [-59.935595756454475, -3.1784046874109606], [-59.94457890929567, -3.1784046874109606], [-59.94457890929567, -3.1873739827419953]]]}, "id": "-6673,-355", "properties": {"cell_id": "c_-59.9401_-3.1829", "lat": -3.1828893383866017, "lon": -59.94008733288516}}, {"type": "Feature", "geometry": {"type": "Polygon", "coordinates": [[[-59.935595756454475, -3.1873739827419953], [-59.92661260361328, -3.1873739827419953], [-59.92661260361328, -3.1784046874109606], [-59.935595756454475, -3.1784046874109606], [-59.935595756454475, -3.1873739827419953]]]}, "id": "-6672,-355", "properties": {"cell_id": "c_-59.9311_-3.1829", "lat": -3.1828893383757926, "lon": -59.93110418004645}}, {"type": "Feature", "geometry": {"type": "Polygon", "coordinates": [[[-59.92661260361328, -3.1873739827419953], [-59.917629450772075, -3.1873739827419953], [-59.917629450772075, -3.1784046874109606], [-59.92661260361328, -3.1784046874109606], [-59.92661260361328, -3.1873739827419953]]]}, "id": "-6671,-355", "properties": {"cell_id": "c_-59.9221_-3.1829", "lat": -3.1828893383668007, "lon": -59.922121027161154}}, {"type": "Feature", "geometry": {"type": "Polygon", "coordinates": [[[-59.917629450772075, -3.1873739827419953], [-59.90864629793088, -3.1873739827419953], [-59.90864629793088, -3.1784046874109606], [-59.917629450772075, -3.1784046874109606], [-59.917629450772075, -3.1873739827419953]]]}, "id": "-6670,-355", "properties": {"cell_id": "c_-59.9131_-3.1829", "lat": -3.1828893383697787, "lon": -59.913137874340705}}, {"type": "Feature", "geometry": {"type": "Polygon", "coordinates": [[[-59.90864629793088, -3.1873739827419953], [-59.8996631450897, -3.1873739827419953], [-59.8996631450897, -3.1784046874109606], [-59.90864629793088, -3.1784046874109606], [-59.90864629793088, -3.1873739827419953]]]}, "id": "-6669,-355", "properties": {"cell_id": "c_-59.9042_-3.1829", "lat": -3.1828893383949017, "lon": -59.90415472152066}}, {"type": "Feature", "geometry": {"type": "Polygon", "coordinates": [[[-59.8996631450897, -3.1873739827419953], [-59.8906799922485, -3.1873739827419953], [-59.8906799922485, -3.1784046874109606], [-59.8996631450897, -3.1784046874109606], [-59.8996631450897, -3.1873739827419953]]]}, "id": "-6668,-355", "properties": {"cell_id": "c_-59.8952_-3.1829", "lat": -3.182889338394105, "lon": -59.89517156869498}}, {"type": "Feature", "geometry": {"type": "Polygon", "coordinates": [[[-59.8906799922485, -3.1873739827419953], [-59.881696839407304, -3.1873739827419953], [-59.881696839407304, -3.1784046874109606], [-59.8906799922485, -3.1784046874109606], [-59.8906799922485, -3.1873739827419953]]]}, "id": "-6667,-355", "properties": {"cell_id": "c_-59.8862_-3.1829", "lat": -3.1828893383673913, "lon": -59.88618841581856}}, {"type": "Feature", "geometry": {"type": "Polygon", "coordinates": [[[-59.881696839407304, -3.1873739827419953], [-59.8727136865661, -3.1873739827419953], [-59.8727136865661, -3.1784046874109606], [-59.881696839407304, -3.1784046874109606], [-59.881696839407304, -3.1873739827419953]]]}, "id": "-6666,-355", "properties": {"cell_id": "c_-59.8772_-3.1829", "lat": -3.1828893383674077, "lon": -59.87720526298066}}, {"type": "Feature", "geometry": {"type": "Polygon", "coordinates": [[[-59.8727136865661, -3.1873739827419953], [-59.863730533724905, -3.1873739827419953], [-59.863730533724905, -3.1784046874109606], [-59.8727136865661, -3.1784046874109606], [-59.8727136865661, -3.1873739827419953]]]}, "id": "-6665,-355", "properties": {"cell_id": "c_-59.8682_-3.1829", "lat": -3.1828893383941423, "lon": -59.86822211016219}}, {"type": "Feature", "geometry": {"type": "Polygon", "coordinates": [[[-59.863730533724905, -3.1873739827419953], [-59.85474738088371, -3.1873739827419953], [-59.85474738088371, -3.1784046874109606], [-59.863730533724905, -3.1784046874109606], [-59.863730533724905, -3.1873739827419953]]]}, "id": "-6664,-355", "properties": {"cell_id": "c_-59.8592_-3.1829", "lat": -3.182889338402334, "lon": -59.859238957298786}}, {"type": "Feature", "geometry": {"type": "Polygon", "coordinates": [[[-59.85474738088371, -3.1873739827419953], [-59.845764228042526, -3.1873739827419953], [-59.845764228042526, -3.1784046874109606], [-59.85474738088371, -3.1784046874109606], [-59.85474738088371, -3.1873739827419953]]]}, "id": "-6663,-355", "properties": {"cell_id": "c_-59.8503_-3.1829", "lat": -3.182889338399337, "lon": -59.85025580445807}}, {"type": "Feature", "geometry": {"type": "Polygon", "coordinates": [[[-59.845764228042526, -3.1873739827419953], [-59.83678107520133, -3.1873739827419953], [-59.83678107520133, -3.1784046874109606], [-59.845764228042526, -3.1784046874109606], [-59.845764228042526, -3.1873739827419953]]]}, "id": "-6662,-355", "properties": {"cell_id": "c_-59.8413_-3.1829", "lat": -3.1828893384027, "lon": -59.84127265162618}}, {"type": "Feature", "geometry": {"type": "Polygon", "coordinates": [[[-59.83678107520133, -3.1873739827419953], [-59.827797922360126, -3.1873739827419953], [-59.827797922360126, -3.1784046874109606], [-59.83678107520133, -3.1784046874109606], [-59.83678107520133, -3.1873739827419953]]]}, "id": "-6661,-355", "properties": {"cell_id": "c_-59.8323_-3.1829", "lat": -3.182889338402229, "lon": -59.83228949876582}}, {"type": "Feature", "geometry": {"type": "Polygon", "coordinates": [[[-59.827797922360126, -3.1873739827419953], [-59.81881476951893, -3.1873739827419953], [-59.81881476951893, -3.1784046874109606], [-59.827797922360126, -3.1784046874109606], [-59.827797922360126, -3.1873739827419953]]]}, "id": "-6660,-355", "properties": {"cell_id": "c_-59.8233_-3.1829", "lat": -3.1828893383979247, "lon": -59.82330634596574}}, {"type": "Feature", "geometry": {"type": "Polygon", "coordinates": [[[-59.81881476951893, -3.1873739827419953], [-59.809831616677734, -3.1873739827419953], [-59.809831616677734, -3.1784046874109606], [-59.81881476951893, -3.1784046874109606], [-59.81881476951893, -3.1873739827419953]]]}, "id": "-6659,-355", "properties": {"cell_id": "c_-59.8143_-3.1829", "lat": -3.182889338397128, "lon": -59.81432319307705}}, {"type": "Feature", "geometry": {"type": "Polygon", "coordinates": [[[-59.809831616677734, -3.1873739827419953], [-59.80084846383654, -3.1873739827419953], [-59.80084846383654, -3.1784046874109606], [-59.809831616677734, -3.1784046874109606], [-59.809831616677734, -3.1873739827419953]]]}, "id": "-6658,-355", "properties": {"cell_id": "c_-59.8053_-3.1829", "lat": -3.1828893383896357, "lon": -59.80534004025182}}, {"type": "Feature", "geometry": {"type": "Polygon", "coordinates": [[[-59.80084846383654, -3.1873739827419953], [-59.791865310995355, -3.1873739827419953], [-59.791865310995355, -3.1784046874109606], [-59.80084846383654, -3.1784046874109606], [-59.80084846383654, -3.1873739827419953]]]}, "id": "-6657,-355", "properties": {"cell_id": "c_-59.7964_-3.1829", "lat": -3.182889338357915, "lon": -59.79635688743303}}, {"type": "Feature", "geometry": {"type": "Polygon", "coordinates": [[[-59.791865310995355, -3.1873739827419953], [-59.78288215815416, -3.1873739827419953], [-59.78288215815416, -3.1784046874109606], [-59.791865310995355, -3.1784046874109606], [-59.791865310995355, -3.1873739827419953]]]}, "id": "-6656,-355", "properties": {"cell_id": "c_-59.7874_-3.1829", "lat": -3.182889338364773, "lon": -59.78737373458538}}, {"type": "Feature", "geometry": {"type": "Polygon", "coordinates": [[[-59.78288215815416, -3.1873739827419953], [-59.773899005312956, -3.1873739827419953], [-59.773899005312956, -3.1784046874109606], [-59.78288215815416, -3.1784046874109606], [-59.78288215815416, -3.1873739827419953]]]}, "id": "-6655,-355", "properties": {"cell_id": "c_-59.7784_-3.1829", "lat": -3.1828893383824726, "lon": -59.77839058174127}}, {"type": "Feature", "geometry": {"type": "Polygon", "coordinates": [[[-59.773899005312956, -3.1873739827419953], [-59.76491585247176, -3.1873739827419953], [-59.76491585247176, -3.1784046874109606], [-59.773899005312956, -3.1784046874109606], [-59.773899005312956, -3.1873739827419953]]]}, "id": "-6654,-355", "properties": {"cell_id": "c_-59.7694_-3.1829", "lat": -3.1828893383905985, "lon": -59.769407428875844}}, {"type": "Feature", "geometry": {"type": "Polygon", "coordinates": [[[-59.76491585247176, -3.1873739827419953], [-59.75593269963056, -3.1873739827419953], [-59.75593269963056, -3.1784046874109606], [-59.76491585247176, -3.1784046874109606], [-59.76491585247176, -3.1873739827419953]]]}, "id": "-6653,-355", "properties": {"cell_id": "c_-59.7604_-3.1829", "lat": -3.182889338396455, "lon": -59.76042427604461}}, {"type": "Feature", "geometry": {"type": "Polygon", "coordinates": [[[-59.75593269963056, -3.1873739827419953], [-59.74694954678938, -3.1873739827419953], [-59.74694954678938, -3.1784046874109606], [-59.75593269963056, -3.1784046874109606], [-59.75593269963056, -3.1873739827419953]]]}, "id": "-6652,-355", "properties": {"cell_id": "c_-59.7514_-3.1829", "lat": -3.1828893383752113, "lon": -59.751441123200856}}, {"type": "Feature", "geometry": {"type": "Polygon", "coordinates": [[[-60.20509034169033, -3.1784046874109606], [-60.19610718884913, -3.1784046874109606], [-60.19610718884913, -3.1694353141094673], [-60.20509034169033, -3.1694353141094673], [-60.20509034169033, -3.1784046874109606]]]}, "id": "-6702,-354", "properties": {"cell_id": "c_-60.2006_-3.1739", "lat": -3.1739200040232416, "lon": -60.200598765299695}}, {"type": "Feature", "geometry": {"type": "Polygon", "coordinates": [[[-60.19610718884913, -3.1784046874109606], [-60.18712403600794, -3.1784046874109606], [-60.18712403600794, -3.1694353141094673], [-60.19610718884913, -3.1694353141094673], [-60.19610718884913, -3.1784046874109606]]]}, "id": "-6701,-354", "properties": {"cell_id": "c_-60.1916_-3.1739", "lat": -3.173920004022154, "lon": -60.191615612413806}}, {"type": "Feature", "geometry": {"type": "Polygon", "coordinates": [[[-60.18712403600794, -3.1784046874109606], [-60.17814088316674, -3.1784046874109606], [-60.17814088316674, -3.1694353141094673], [-60.18712403600794, -3.1694353141094673], [-60.18712403600794, -3.1784046874109606]]]}, "id": "-6700,-354", "properties": {"cell_id": "c_-60.1826_-3.1739", "lat": -3.1739200040316264, "lon": -60.18263245957461}}, {"type": "Feature", "geometry": {"type": "Polygon", "coordinates": [[[-60.17814088316674, -3.1784046874109606], [-60.16915773032555, -3.1784046874109606], [-60.16915773032555, -3.1694353141094673], [-60.17814088316674, -3.1694353141094673], [-60.17814088316674, -3.1784046874109606]]]}, "id": "-6699,-354", "properties": {"cell_id": "c_-60.1736_-3.1739", "lat": -3.173920004036523, "lon": -60.17364930675783}}, {"type": "Feature", "geometry": {"type": "Polygon", "coordinates": [[[-60.16915773032555, -3.1784046874109606], [-60.160174577484355, -3.1784046874109606], [-60.160174577484355, -3.1694353141094673], [-60.16915773032555, -3.1694353141094673], [-60.16915773032555, -3.1784046874109606]]]}, "id": "-6698,-354", "properties": {"cell_id": "c_-60.1647_-3.1739", "lat": -3.1739200040318, "lon": -60.16466615388918}}, {"type": "Feature", "geometry": {"type": "Polygon", "coordinates": [[[-60.160174577484355, -3.1784046874109606], [-60.15119142464316, -3.1784046874109606], [-60.15119142464316, -3.1694353141094673], [-60.160174577484355, -3.1694353141094673], [-60.160174577484355, -3.1784046874109606]]]}, "id": "-6697,-354", "properties": {"cell_id": "c_-60.1557_-3.1739", "lat": -3.173920004022504, "lon": -60.15568300106989}}, {"type": "Feature", "geometry": {"type": "Polygon", "coordinates": [[[-60.15119142464316, -3.1784046874109606], [-60.14220827180196, -3.1784046874109606], [-60.14220827180196, -3.1694353141094673], [-60.15119142464316, -3.1694353141094673], [-60.15119142464316, -3.1784046874109606]]]}, "id": "-6696,-354", "properties": {"cell_id": "c_-60.1467_-3.1739", "lat": -3.173920004021186, "lon": -60.14669984822314}}, {"type": "Feature", "geometry": {"type": "Polygon", "coordinates": [[[-60.14220827180196, -3.1784046874109606], [-60.133225118960766, -3.1784046874109606], [-60.133225118960766, -3.1694353141094673], [-60.14220827180196, -3.1694353141094673], [-60.14220827180196, -3.1784046874109606]]]}, "id": "-6695,-354", "properties": {"cell_id": "c_-60.1377_-3.1739", "lat": -3.1739200040302986, "lon": -60.13771669537234}}, {"type": "Feature", "geometry": {"type": "Polygon", "coordinates": [[[-60.133225118960766, -3.1784046874109606], [-60.12424196611957, -3.1784046874109606], [-60.12424196611957, -3.1694353141094673], [-60.133225118960766, -3.1694353141094673], [-60.133225118960766, -3.1784046874109606]]]}, "id": "-6694,-354", "properties": {"cell_id": "c_-60.1287_-3.1739", "lat": -3.1739200040322424, "lon": -60.12873354253621}}, {"type": "Feature", "geometry": {"type": "Polygon", "coordinates": [[[-60.12424196611957, -3.1784046874109606], [-60.11525881327838, -3.1784046874109606], [-60.11525881327838, -3.1694353141094673], [-60.12424196611957, -3.1694353141094673], [-60.12424196611957, -3.1784046874109606]]]}, "id": "-6693,-354", "properties": {"cell_id": "c_-60.1198_-3.1739", "lat": -3.1739200040345144, "lon": -60.119750389697785}}, {"type": "Feature", "geometry": {"type": "Polygon", "coordinates": [[[-60.11525881327838, -3.1784046874109606], [-60.106275660437184, -3.1784046874109606], [-60.106275660437184, -3.1694353141094673], [-60.11525881327838, -3.1694353141094673], [-60.11525881327838, -3.1784046874109606]]]}, "id": "-6692,-354", "properties": {"cell_id": "c_-60.1108_-3.1739", "lat": -3.1739200040371016, "lon": -60.1107672368788}}, {"type": "Feature", "geometry": {"type": "Polygon", "coordinates": [[[-60.106275660437184, -3.1784046874109606], [-60.09729250759599, -3.1784046874109606], [-60.09729250759599, -3.1694353141094673], [-60.106275660437184, -3.1694353141094673], [-60.106275660437184, -3.1784046874109606]]]}, "id": "-6691,-354", "properties": {"cell_id": "c_-60.1018_-3.1739", "lat": -3.173920004034959, "lon": -60.10178408399393}}, {"type": "Feature", "geometry": {"type": "Polygon", "coordinates": [[[-60.09729250759599, -3.1784046874109606], [-60.08830935475479, -3.1784046874109606], [-60.08830935475479, -3.1694353141094673], [-60.09729250759599, -3.1694353141094673], [-60.09729250759599, -3.1784046874109606]]]}, "id": "-6690,-354", "properties": {"cell_id": "c_-60.0928_-3.1739", "lat": -3.1739200040355646, "lon": -60.09280093119789}}, {"type": "Feature", "geometry": {"type": "Polygon", "coordinates": [[[-60.08830935475479, -3.1784046874109606], [-60.079326201913595, -3.1784046874109606], [-60.079326201913595, -3.1694353141094673], [-60.08830935475479, -3.1694353141094673], [-60.08830935475479, -3.1784046874109606]]]}, "id": "-6689,-354", "properties": {"cell_id": "c_-60.0838_-3.1739", "lat": -3.1739200040263857, "lon": -60.083817778358195}}, {"type": "Feature", "geometry": {"type": "Polygon", "coordinates": [[[-60.079326201913595, -3.1784046874109606], [-60.0703430490724, -3.1784046874109606], [-60.0703430490724, -3.1694353141094673], [-60.079326201913595, -3.1694353141094673], [-60.079326201913595, -3.1784046874109606]]]}, "id": "-6688,-354", "properties": {"cell_id": "c_-60.0748_-3.1739", "lat": -3.1739200040274222, "lon": -60.07483462543564}}, {"type": "Feature", "geometry": {"type": "Polygon", "coordinates": [[[-60.0703430490724, -3.1784046874109606], [-60.06135989623121, -3.1784046874109606], [-60.06135989623121, -3.1694353141094673], [-60.0703430490724, -3.1694353141094673], [-60.0703430490724, -3.1784046874109606]]]}, "id": "-6687,-354", "properties": {"cell_id": "c_-60.0659_-3.1739", "lat": -3.1739200040285476, "lon": -60.06585147266243}}, {"type": "Feature", "geometry": {"type": "Polygon", "coordinates": [[[-60.06135989623121, -3.1784046874109606], [-60.05237674339001, -3.1784046874109606], [-60.05237674339001, -3.1694353141094673], [-60.06135989623121, -3.1694353141094673], [-60.06135989623121, -3.1784046874109606]]]}, "id": "-6686,-354", "properties": {"cell_id": "c_-60.0569_-3.1739", "lat": -3.173920004022305, "lon": -60.05686831984122}}, {"type": "Feature", "geometry": {"type": "Polygon", "coordinates": [[[-60.05237674339001, -3.1784046874109606], [-60.04339359054882, -3.1784046874109606], [-60.04339359054882, -3.1694353141094673], [-60.05237674339001, -3.1694353141094673], [-60.05237674339001, -3.1784046874109606]]]}, "id": "-6685,-354", "properties": {"cell_id": "c_-60.0479_-3.1739", "lat": -3.173920004033732, "lon": -60.047885166962466}}, {"type": "Feature", "geometry": {"type": "Polygon", "coordinates": [[[-60.04339359054882, -3.1784046874109606], [-60.03441043770762, -3.1784046874109606], [-60.03441043770762, -3.1694353141094673], [-60.04339359054882, -3.1694353141094673], [-60.04339359054882, -3.1784046874109606]]]}, "id": "-6684,-354", "properties": {"cell_id": "c_-60.0389_-3.1739", "lat": -3.173920004047629, "lon": -60.038902014107606}}, {"type": "Feature", "geometry": {"type": "Polygon", "coordinates": [[[-60.03441043770762, -3.1784046874109606], [-60.025427284866424, -3.1784046874109606], [-60.025427284866424, -3.1694353141094673], [-60.03441043770762, -3.1694353141094673], [-60.03441043770762, -3.1784046874109606]]]}, "id": "-6683,-354", "properties": {"cell_id": "c_-60.0299_-3.1739", "lat": -3.1739200040339184, "lon": -60.02991886131806}}, {"type": "Feature", "geometry": {"type": "Polygon", "coordinates": [[[-60.025427284866424, -3.1784046874109606], [-60.01644413202522, -3.1784046874109606], [-60.01644413202522, -3.1694353141094673], [-60.025427284866424, -3.1694353141094673], [-60.025427284866424, -3.1784046874109606]]]}, "id": "-6682,-354", "properties": {"cell_id": "c_-60.0209_-3.1739", "lat": -3.1739200040176154, "lon": -60.02093570842852}}, {"type": "Feature", "geometry": {"type": "Polygon", "coordinates": [[[-60.01644413202522, -3.1784046874109606], [-60.00746097918404, -3.1784046874109606], [-60.00746097918404, -3.1694353141094673], [-60.01644413202522, -3.1694353141094673], [-60.01644413202522, -3.1784046874109606]]]}, "id": "-6681,-354", "properties": {"cell_id": "c_-60.0120_-3.1739", "lat": -3.173920004016294, "lon": -60.01195255560328}}, {"type": "Feature", "geometry": {"type": "Polygon", "coordinates": [[[-60.00746097918404, -3.1784046874109606], [-59.99847782634284, -3.1784046874109606], [-59.99847782634284, -3.1694353141094673], [-60.00746097918404, -3.1694353141094673], [-60.00746097918404, -3.1784046874109606]]]}, "id": "-6680,-354", "properties": {"cell_id": "c_-60.0030_-3.1739", "lat": -3.1739200040198137, "lon": -60.002969402763696}}, {"type": "Feature", "geometry": {"type": "Polygon", "coordinates": [[[-59.99847782634284, -3.1784046874109606], [-59.989494673501646, -3.1784046874109606], [-59.989494673501646, -3.1694353141094673], [-59.99847782634284, -3.1694353141094673], [-59.99847782634284, -3.1784046874109606]]]}, "id": "-6679,-354", "properties": {"cell_id": "c_-59.9940_-3.1739", "lat": -3.173920004018031, "lon": -59.99398624991972}}, {"type": "Feature", "geometry": {"type": "Polygon", "coordinates": [[[-59.989494673501646, -3.1784046874109606], [-59.98051152066045, -3.1784046874109606], [-59.98051152066045, -3.1694353141094673], [-59.989494673501646, -3.1694353141094673], [-59.989494673501646, -3.1784046874109606]]]}, "id": "-6678,-354", "properties": {"cell_id": "c_-59.9850_-3.1739", "lat": -3.173920004021091, "lon": -59.985003097082696}}, {"type": "Feature", "geometry": {"type": "Polygon", "coordinates": [[[-59.98051152066045, -3.1784046874109606], [-59.971528367819246, -3.1784046874109606], [-59.971528367819246, -3.1694353141094673], [-59.98051152066045, -3.1694353141094673], [-59.98051152066045, -3.1784046874109606]]]}, "id": "-6677,-354", "properties": {"cell_id": "c_-59.9760_-3.1739", "lat": -3.1739200040313453, "lon": -59.976019944241365}}, {"type": "Feature", "geometry": {"type": "Polygon", "coordinates": [[[-59.971528367819246, -3.1784046874109606], [-59.96254521497805, -3.1784046874109606], [-59.96254521497805, -3.1694353141094673], [-59.971528367819246, -3.1694353141094673], [-59.971528367819246, -3.1784046874109606]]]}, "id": "-6676,-354", "properties": {"cell_id": "c_-59.9670_-3.1739", "lat": -3.173920004038638, "lon": -59.967036791385965}}, {"type": "Feature", "geometry": {"type": "Polygon", "coordinates": [[[-59.96254521497805, -3.1784046874109606], [-59.95356206213687, -3.1784046874109606], [-59.95356206213687, -3.1694353141094673], [-59.96254521497805, -3.1694353141094673], [-59.96254521497805, -3.1784046874109606]]]}, "id": "-6675,-354", "properties": {"cell_id": "c_-59.9581_-3.1739", "lat": -3.173920004042971, "lon": -59.95805363854276}}, {"type": "Feature", "geometry": {"type": "Polygon", "coordinates": [[[-59.95356206213687, -3.1784046874109606], [-59.94457890929567, -3.1784046874109606], [-59.94457890929567, -3.1694353141094673], [-59.95356206213687, -3.1694353141094673], [-59.95356206213687, -3.1784046874109606]]]}, "id": "-6674,-354", "properties": {"cell_id": "c_-59.9491_-3.1739", "lat": -3.173920004026785, "lon": -59.94907048574627}}, {"type": "Feature", "geometry": {"type": "Polygon", "coordinates": [[[-59.94457890929567, -3.1784046874109606], [-59.935595756454475, -3.1784046874109606], [-59.935595756454475, -3.1694353141094673], [-59.94457890929567, -3.1694353141094673], [-59.94457890929567, -3.1784046874109606]]]}, "id": "-6673,-354", "properties": {"cell_id": "c_-59.9401_-3.1739", "lat": -3.1739200040048883, "lon": -59.94008733286552}}, {"type": "Feature", "geometry": {"type": "Polygon", "coordinates": [[[-59.935595756454475, -3.1784046874109606], [-59.92661260361328, -3.1784046874109606], [-59.92661260361328, -3.1694353141094673], [-59.935595756454475, -3.1694353141094673], [-59.935595756454475, -3.1784046874109606]]]}, "id": "-6672,-354", "properties": {"cell_id": "c_-59.9311_-3.1739", "lat": -3.17392000401747, "lon": -59.93110418006787}}, {"type": "Feature", "geometry": {"type": "Polygon", "coordinates": [[[-59.92661260361328, -3.1784046874109606], [-59.917629450772075, -3.1784046874109606], [-59.917629450772075, -3.1694353141094673], [-59.92661260361328, -3.1694353141094673], [-59.92661260361328, -3.1784046874109606]]]}, "id": "-6671,-354", "properties": {"cell_id": "c_-59.9221_-3.1739", "lat": -3.1739200040344957, "lon": -59.92212102714777}}, {"type": "Feature", "geometry": {"type": "Polygon", "coordinates": [[[-59.917629450772075, -3.1784046874109606], [-59.90864629793088, -3.1784046874109606], [-59.90864629793088, -3.1694353141094673], [-59.917629450772075, -3.1694353141094673], [-59.917629450772075, -3.1784046874109606]]]}, "id": "-6670,-354", "properties": {"cell_id": "c_-59.9131_-3.1739", "lat": -3.1739200040180875, "lon": -59.913137874340656}}, {"type": "Feature", "geometry": {"type": "Polygon", "coordinates": [[[-59.90864629793088, -3.1784046874109606], [-59.8996631450897, -3.1784046874109606], [-59.8996631450897, -3.1694353141094673], [-59.90864629793088, -3.1694353141094673], [-59.90864629793088, -3.1784046874109606]]]}, "id": "-6669,-354", "properties": {"cell_id": "c_-59.9042_-3.1739", "lat": -3.1739200040209083, "lon": -59.904154721548714}}, {"type": "Feature", "geometry": {"type": "Polygon", "coordinates": [[[-59.8996631450897, -3.1784046874109606], [-59.8906799922485, -3.1784046874109606], [-59.8906799922485, -3.1694353141094673], [-59.8996631450897, -3.1694353141094673], [-59.8996631450897, -3.1784046874109606]]]}, "id": "-6668,-354", "properties": {"cell_id": "c_-59.8952_-3.1739", "lat": -3.1739200040327806, "lon": -59.895171568678}}, {"type": "Feature", "geometry": {"type": "Polygon", "coordinates": [[[-59.8906799922485, -3.1784046874109606], [-59.881696839407304, -3.1784046874109606], [-59.881696839407304, -3.1694353141094673], [-59.8906799922485, -3.1694353141094673], [-59.8906799922485, -3.1784046874109606]]]}, "id": "-6667,-354", "properties": {"cell_id": "c_-59.8862_-3.1739", "lat": -3.1739200040361544, "lon": -59.88618841581215}}, {"type": "Feature", "geometry": {"type": "Polygon", "coordinates": [[[-59.881696839407304, -3.1784046874109606], [-59.8727136865661, -3.1784046874109606], [-59.8727136865661, -3.1694353141094673], [-59.881696839407304, -3.1694353141094673], [-59.881696839407304, -3.1784046874109606]]]}, "id": "-6666,-354", "properties": {"cell_id": "c_-59.8772_-3.1739", "lat": -3.173920004031035, "lon": -59.87720526298197}}, {"type": "Feature", "geometry": {"type": "Polygon", "coordinates": [[[-59.8727136865661, -3.1784046874109606], [-59.863730533724905, -3.1784046874109606], [-59.863730533724905, -3.1694353141094673], [-59.8727136865661, -3.1694353141094673], [-59.8727136865661, -3.1784046874109606]]]}, "id": "-6665,-354", "properties": {"cell_id": "c_-59.8682_-3.1739", "lat": -3.173920004014612, "lon": -59.86822211017123}}, {"type": "Feature", "geometry": {"type": "Polygon", "coordinates": [[[-59.863730533724905, -3.1784046874109606], [-59.85474738088371, -3.1784046874109606], [-59.85474738088371, -3.1694353141094673], [-59.863730533724905, -3.1694353141094673], [-59.863730533724905, -3.1784046874109606]]]}, "id": "-6664,-354", "properties": {"cell_id": "c_-59.8592_-3.1739", "lat": -3.173920004004428, "lon": -59.85923895728776}}, {"type": "Feature", "geometry": {"type": "Polygon", "coordinates": [[[-59.85474738088371, -3.1784046874109606], [-59.845764228042526, -3.1784046874109606], [-59.845764228042526, -3.1694353141094673], [-59.85474738088371, -3.1694353141094673], [-59.85474738088371, -3.1784046874109606]]]}, "id": "-6663,-354", "properties": {"cell_id": "c_-59.8503_-3.1739", "lat": -3.1739200040004807, "lon": -59.850255804462144}}, {"type": "Feature", "geometry": {"type": "Polygon", "coordinates": [[[-59.845764228042526, -3.1784046874109606], [-59.83678107520133, -3.1784046874109606], [-59.83678107520133, -3.1694353141094673], [-59.845764228042526, -3.1694353141094673], [-59.845764228042526, -3.1784046874109606]]]}, "id": "-6662,-354", "properties": {"cell_id": "c_-59.8413_-3.1739", "lat": -3.173920004010121, "lon": -59.841272651635116}}, {"type": "Feature", "geometry": {"type": "Polygon", "coordinates": [[[-59.83678107520133, -3.1784046874109606], [-59.827797922360126, -3.1784046874109606], [-59.827797922360126, -3.1694353141094673], [-59.83678107520133, -3.1694353141094673], [-59.83678107520133, -3.1784046874109606]]]}, "id": "-6661,-354", "properties": {"cell_id": "c_-59.8323_-3.1739", "lat": -3.1739200040158106, "lon": -59.83228949876209}}, {"type": "Feature", "geometry": {"type": "Polygon", "coordinates": [[[-59.827797922360126, -3.1784046874109606], [-59.81881476951893, -3.1784046874109606], [-59.81881476951893, -3.1694353141094673], [-59.827797922360126, -3.1694353141094673], [-59.827797922360126, -3.1784046874109606]]]}, "id": "-6660,-354", "properties": {"cell_id": "c_-59.8233_-3.1739", "lat": -3.1739200040175506, "lon": -59.82330634596691}}, {"type": "Feature", "geometry": {"type": "Polygon", "coordinates": [[[-59.81881476951893, -3.1784046874109606], [-59.809831616677734, -3.1784046874109606], [-59.809831616677734, -3.1694353141094673], [-59.81881476951893, -3.1694353141094673], [-59.81881476951893, -3.1784046874109606]]]}, "id": "-6659,-354", "properties": {"cell_id": "c_-59.8143_-3.1739", "lat": -3.1739200040124933, "lon": -59.81432319307002}}, {"type": "Feature", "geometry": {"type": "Polygon", "coordinates": [[[-59.809831616677734, -3.1784046874109606], [-59.80084846383654, -3.1784046874109606], [-59.80084846383654, -3.1694353141094673], [-59.809831616677734, -3.1694353141094673], [-59.809831616677734, -3.1784046874109606]]]}, "id": "-6658,-354", "properties": {"cell_id": "c_-59.8053_-3.1739", "lat": -3.1739200040181696, "lon": -59.80534004025702}}, {"type": "Feature", "geometry": {"type": "Polygon", "coordinates": [[[-59.80084846383654, -3.1784046874109606], [-59.791865310995355, -3.1784046874109606], [-59.791865310995355, -3.1694353141094673], [-59.80084846383654, -3.1694353141094673], [-59.80084846383654, -3.1784046874109606]]]}, "id": "-6657,-354", "properties": {"cell_id": "c_-59.7964_-3.1739", "lat": -3.1739200040345743, "lon": -59.796356887412465}}, {"type": "Feature", "geometry": {"type": "Polygon", "coordinates": [[[-59.791865310995355, -3.1784046874109606], [-59.78288215815416, -3.1784046874109606], [-59.78288215815416, -3.1694353141094673], [-59.791865310995355, -3.1694353141094673], [-59.791865310995355, -3.1784046874109606]]]}, "id": "-6656,-354", "properties": {"cell_id": "c_-59.7874_-3.1739", "lat": -3.1739200040339757, "lon": -59.78737373461221}}, {"type": "Feature", "geometry": {"type": "Polygon", "coordinates": [[[-59.78288215815416, -3.1784046874109606], [-59.773899005312956, -3.1784046874109606], [-59.773899005312956, -3.1694353141094673], [-59.78288215815416, -3.1694353141094673], [-59.78288215815416, -3.1784046874109606]]]}, "id": "-6655,-354", "properties": {"cell_id": "c_-59.7784_-3.1739", "lat": -3.173920004023702, "lon": -59.778390581721894}}, {"type": "Feature", "geometry": {"type": "Polygon", "coordinates": [[[-59.773899005312956, -3.1784046874109606], [-59.76491585247176, -3.1784046874109606], [-59.76491585247176, -3.1694353141094673], [-59.773899005312956, -3.1694353141094673], [-59.773899005312956, -3.1784046874109606]]]}, "id": "-6654,-354", "properties": {"cell_id": "c_-59.7694_-3.1739", "lat": -3.1739200040037443, "lon": -59.769407428883376}}, {"type": "Feature", "geometry": {"type": "Polygon", "coordinates": [[[-59.76491585247176, -3.1784046874109606], [-59.75593269963056, -3.1784046874109606], [-59.75593269963056, -3.1694353141094673], [-59.76491585247176, -3.1694353141094673], [-59.76491585247176, -3.1784046874109606]]]}, "id": "-6653,-354", "properties": {"cell_id": "c_-59.7604_-3.1739", "lat": -3.173920004001852, "lon": -59.76042427604105}}, {"type": "Feature", "geometry": {"type": "Polygon", "coordinates": [[[-59.75593269963056, -3.1784046874109606], [-59.74694954678938, -3.1784046874109606], [-59.74694954678938, -3.1694353141094673], [-59.75593269963056, -3.1694353141094673], [-59.75593269963056, -3.1784046874109606]]]}, "id": "-6652,-354", "properties": {"cell_id": "c_-59.7514_-3.1739", "lat": -3.1739200040049083, "lon": -59.7514411231862}}, {"type": "Feature", "geometry": {"type": "Polygon", "coordinates": [[[-60.20509034169033, -3.1694353141094673], [-60.19610718884913, -3.1694353141094673], [-60.19610718884913, -3.1604658630566176], [-60.20509034169033, -3.1604658630566176], [-60.20509034169033, -3.1694353141094673]]]}, "id": "-6702,-353", "properties": {"cell_id": "c_-60.2006_-3.1650", "lat": -3.164950591804112, "lon": -60.20059876529009}}, {"type": "Feature", "geometry": {"type": "Polygon", "coordinates": [[[-60.19610718884913, -3.1694353141094673], [-60.18712403600794, -3.1694353141094673], [-60.18712403600794, -3.1604658630566176], [-60.19610718884913, -3.1604658630566176], [-60.19610718884913, -3.1694353141094673]]]}, "id": "-6701,-353", "properties": {"cell_id": "c_-60.1916_-3.1650", "lat": -3.1649505918052587, "lon": -60.19161561242348}}, {"type": "Feature", "geometry": {"type": "Polygon", "coordinates": [[[-60.18712403600794, -3.1694353141094673], [-60.17814088316674, -3.1694353141094673], [-60.17814088316674, -3.1604658630566176], [-60.18712403600794, -3.1604658630566176], [-60.18712403600794, -3.1694353141094673]]]}, "id": "-6700,-353", "properties": {"cell_id": "c_-60.1826_-3.1650", "lat": -3.164950591806663, "lon": -60.18263245957585}}, {"type": "Feature", "geometry": {"type": "Polygon", "coordinates": [[[-60.17814088316674, -3.1694353141094673], [-60.16915773032555, -3.1694353141094673], [-60.16915773032555, -3.1604658630566176], [-60.17814088316674, -3.1604658630566176], [-60.17814088316674, -3.1694353141094673]]]}, "id": "-6699,-353", "properties": {"cell_id": "c_-60.1736_-3.1650", "lat": -3.164950591803286, "lon": -60.17364930675812}}, {"type": "Feature", "geometry": {"type": "Polygon", "coordinates": [[[-60.16915773032555, -3.1694353141094673], [-60.160174577484355, -3.1694353141094673], [-60.160174577484355, -3.1604658630566176], [-60.16915773032555, -3.1604658630566176], [-60.16915773032555, -3.1694353141094673]]]}, "id": "-6698,-353", "properties": {"cell_id": "c_-60.1647_-3.1650", "lat": -3.1649505918076812, "lon": -60.16466615388855}}, {"type": "Feature", "geometry": {"type": "Polygon", "coordinates": [[[-60.160174577484355, -3.1694353141094673], [-60.15119142464316, -3.1694353141094673], [-60.15119142464316, -3.1604658630566176], [-60.160174577484355, -3.1604658630566176], [-60.160174577484355, -3.1694353141094673]]]}, "id": "-6697,-353", "properties": {"cell_id": "c_-60.1557_-3.1650", "lat": -3.1649505918097582, "lon": -60.15568300106329}}, {"type": "Feature", "geometry": {"type": "Polygon", "coordinates": [[[-60.15119142464316, -3.1694353141094673], [-60.14220827180196, -3.1694353141094673], [-60.14220827180196, -3.1604658630566176], [-60.15119142464316, -3.1604658630566176], [-60.15119142464316, -3.1694353141094673]]]}, "id": "-6696,-353", "properties": {"cell_id": "c_-60.1467_-3.1650", "lat": -3.1649505918044647, "lon": -60.146699848223136}}, {"type": "Feature", "geometry": {"type": "Polygon", "coordinates": [[[-60.14220827180196, -3.1694353141094673], [-60.133225118960766, -3.1694353141094673], [-60.133225118960766, -3.1604658630566176], [-60.14220827180196, -3.1604658630566176], [-60.14220827180196, -3.1694353141094673]]]}, "id": "-6695,-353", "properties": {"cell_id": "c_-60.1377_-3.1650", "lat": -3.164950591796858, "lon": -60.13771669537387}}, {"type": "Feature", "geometry": {"type": "Polygon", "coordinates": [[[-60.133225118960766, -3.1694353141094673], [-60.12424196611957, -3.1694353141094673], [-60.12424196611957, -3.1604658630566176], [-60.133225118960766, -3.1604658630566176], [-60.133225118960766, -3.1694353141094673]]]}, "id": "-6694,-353", "properties": {"cell_id": "c_-60.1287_-3.1650", "lat": -3.1649505918069707, "lon": -60.128733542546755}}, {"type": "Feature", "geometry": {"type": "Polygon", "coordinates": [[[-60.12424196611957, -3.1694353141094673], [-60.11525881327838, -3.1694353141094673], [-60.11525881327838, -3.1604658630566176], [-60.12424196611957, -3.1604658630566176], [-60.12424196611957, -3.1694353141094673]]]}, "id": "-6693,-353", "properties": {"cell_id": "c_-60.1198_-3.1650", "lat": -3.164950591817206, "lon": -60.11975038969976}}, {"type": "Feature", "geometry": {"type": "Polygon", "coordinates": [[[-60.11525881327838, -3.1694353141094673], [-60.106275660437184, -3.1694353141094673], [-60.106275660437184, -3.1604658630566176], [-60.11525881327838, -3.1604658630566176], [-60.11525881327838, -3.1694353141094673]]]}, "id": "-6692,-353", "properties": {"cell_id": "c_-60.1108_-3.1650", "lat": -3.1649505917998786, "lon": -60.110767236862074}}, {"type": "Feature", "geometry": {"type": "Polygon", "coordinates": [[[-60.106275660437184, -3.1694353141094673], [-60.09729250759599, -3.1694353141094673], [-60.09729250759599, -3.1604658630566176], [-60.106275660437184, -3.1604658630566176], [-60.106275660437184, -3.1694353141094673]]]}, "id": "-6691,-353", "properties": {"cell_id": "c_-60.1018_-3.1650", "lat": -3.1649505918026932, "lon": -60.101784084011335}}, {"type": "Feature", "geometry": {"type": "Polygon", "coordinates": [[[-60.09729250759599, -3.1694353141094673], [-60.08830935475479, -3.1694353141094673], [-60.08830935475479, -3.1604658630566176], [-60.09729250759599, -3.1604658630566176], [-60.09729250759599, -3.1694353141094673]]]}, "id": "-6690,-353", "properties": {"cell_id": "c_-60.0928_-3.1650", "lat": -3.1649505918080667, "lon": -60.09280093118648}}, {"type": "Feature", "geometry": {"type": "Polygon", "coordinates": [[[-60.08830935475479, -3.1694353141094673], [-60.079326201913595, -3.1694353141094673], [-60.079326201913595, -3.1604658630566176], [-60.08830935475479, -3.1604658630566176], [-60.08830935475479, -3.1694353141094673]]]}, "id": "-6689,-353", "properties": {"cell_id": "c_-60.0838_-3.1650", "lat": -3.1649505918058813, "lon": -60.08381777835824}}, {"type": "Feature", "geometry": {"type": "Polygon", "coordinates": [[[-60.079326201913595, -3.1694353141094673], [-60.0703430490724, -3.1694353141094673], [-60.0703430490724, -3.1604658630566176], [-60.079326201913595, -3.1604658630566176], [-60.079326201913595, -3.1694353141094673]]]}, "id": "-6688,-353", "properties": {"cell_id": "c_-60.0748_-3.1650", "lat": -3.164950591813722, "lon": -60.07483462544448}}, {"type": "Feature", "geometry": {"type": "Polygon", "coordinates": [[[-60.0703430490724, -3.1694353141094673], [-60.06135989623121, -3.1694353141094673], [-60.06135989623121, -3.1604658630566176], [-60.0703430490724, -3.1604658630566176], [-60.0703430490724, -3.1694353141094673]]]}, "id": "-6687,-353", "properties": {"cell_id": "c_-60.0659_-3.1650", "lat": -3.1649505918038905, "lon": -60.06585147264487}}, {"type": "Feature", "geometry": {"type": "Polygon", "coordinates": [[[-60.06135989623121, -3.1694353141094673], [-60.05237674339001, -3.1694353141094673], [-60.05237674339001, -3.1604658630566176], [-60.06135989623121, -3.1604658630566176], [-60.06135989623121, -3.1694353141094673]]]}, "id": "-6686,-353", "properties": {"cell_id": "c_-60.0569_-3.1650", "lat": -3.1649505918064893, "lon": -60.05686831985513}}, {"type": "Feature", "geometry": {"type": "Polygon", "coordinates": [[[-60.05237674339001, -3.1694353141094673], [-60.04339359054882, -3.1694353141094673], [-60.04339359054882, -3.1604658630566176], [-60.05237674339001, -3.1604658630566176], [-60.05237674339001, -3.1694353141094673]]]}, "id": "-6685,-353", "properties": {"cell_id": "c_-60.0479_-3.1650", "lat": -3.1649505918039336, "lon": -60.04788516695744}}, {"type": "Feature", "geometry": {"type": "Polygon", "coordinates": [[[-60.04339359054882, -3.1694353141094673], [-60.03441043770762, -3.1694353141094673], [-60.03441043770762, -3.1604658630566176], [-60.04339359054882, -3.1604658630566176], [-60.04339359054882, -3.1694353141094673]]]}, "id": "-6684,-353", "properties": {"cell_id": "c_-60.0389_-3.1650", "lat": -3.1649505917861083, "lon": -60.0389020141087}}, {"type": "Feature", "geometry": {"type": "Polygon", "coordinates": [[[-60.03441043770762, -3.1694353141094673], [-60.025427284866424, -3.1694353141094673], [-60.025427284866424, -3.1604658630566176], [-60.03441043770762, -3.1604658630566176], [-60.03441043770762, -3.1694353141094673]]]}, "id": "-6683,-353", "properties": {"cell_id": "c_-60.0299_-3.1650", "lat": -3.1649505918006673, "lon": -60.02991886131782}}, {"type": "Feature", "geometry": {"type": "Polygon", "coordinates": [[[-60.025427284866424, -3.1694353141094673], [-60.01644413202522, -3.1694353141094673], [-60.01644413202522, -3.1604658630566176], [-60.025427284866424, -3.1604658630566176], [-60.025427284866424, -3.1694353141094673]]]}, "id": "-6682,-353", "properties": {"cell_id": "c_-60.0209_-3.1650", "lat": -3.1649505918249643, "lon": -60.02093570843677}}, {"type": "Feature", "geometry": {"type": "Polygon", "coordinates": [[[-60.01644413202522, -3.1694353141094673], [-60.00746097918404, -3.1694353141094673], [-60.00746097918404, -3.1604658630566176], [-60.01644413202522, -3.1604658630566176], [-60.01644413202522, -3.1694353141094673]]]}, "id": "-6681,-353", "properties": {"cell_id": "c_-60.0120_-3.1650", "lat": -3.1649505918137244, "lon": -60.011952555582454}}, {"type": "Feature", "geometry": {"type": "Polygon", "coordinates": [[[-60.00746097918404, -3.1694353141094673], [-59.99847782634284, -3.1694353141094673], [-59.99847782634284, -3.1604658630566176], [-60.00746097918404, -3.1604658630566176], [-60.00746097918404, -3.1694353141094673]]]}, "id": "-6680,-353", "properties": {"cell_id": "c_-60.0030_-3.1650", "lat": -3.1649505918071537, "lon": -60.00296940278147}}, {"type": "Feature", "geometry": {"type": "Polygon", "coordinates": [[[-59.99847782634284, -3.1694353141094673], [-59.989494673501646, -3.1694353141094673], [-59.989494673501646, -3.1604658630566176], [-59.99847782634284, -3.1604658630566176], [-59.99847782634284, -3.1694353141094673]]]}, "id": "-6679,-353", "properties": {"cell_id": "c_-59.9940_-3.1650", "lat": -3.1649505918177625, "lon": -59.99398624991079}}, {"type": "Feature", "geometry": {"type": "Polygon", "coordinates": [[[-59.989494673501646, -3.1694353141094673], [-59.98051152066045, -3.1694353141094673], [-59.98051152066045, -3.1604658630566176], [-59.989494673501646, -3.1604658630566176], [-59.989494673501646, -3.1694353141094673]]]}, "id": "-6678,-353", "properties": {"cell_id": "c_-59.9850_-3.1650", "lat": -3.1649505918127616, "lon": -59.985003097089695}}, {"type": "Feature", "geometry": {"type": "Polygon", "coordinates": [[[-59.98051152066045, -3.1694353141094673], [-59.971528367819246, -3.1694353141094673], [-59.971528367819246, -3.1604658630566176], [-59.98051152066045, -3.1604658630566176], [-59.98051152066045, -3.1694353141094673]]]}, "id": "-6677,-353", "properties": {"cell_id": "c_-59.9760_-3.1650", "lat": -3.164950591809721, "lon": -59.97601994424159}}, {"type": "Feature", "geometry": {"type": "Polygon", "coordinates": [[[-59.971528367819246, -3.1694353141094673], [-59.96254521497805, -3.1694353141094673], [-59.96254521497805, -3.1604658630566176], [-59.971528367819246, -3.1604658630566176], [-59.971528367819246, -3.1694353141094673]]]}, "id": "-6676,-353", "properties": {"cell_id": "c_-59.9670_-3.1650", "lat": -3.1649505918035628, "lon": -59.96703679138687}}, {"type": "Feature", "geometry": {"type": "Polygon", "coordinates": [[[-59.96254521497805, -3.1694353141094673], [-59.95356206213687, -3.1694353141094673], [-59.95356206213687, -3.1604658630566176], [-59.96254521497805, -3.1604658630566176], [-59.96254521497805, -3.1694353141094673]]]}, "id": "-6675,-353", "properties": {"cell_id": "c_-59.9581_-3.1650", "lat": -3.1649505918017002, "lon": -59.958053638544335}}, {"type": "Feature", "geometry": {"type": "Polygon", "coordinates": [[[-59.95356206213687, -3.1694353141094673], [-59.94457890929567, -3.1694353141094673], [-59.94457890929567, -3.1604658630566176], [-59.95356206213687, -3.1604658630566176], [-59.95356206213687, -3.1694353141094673]]]}, "id": "-6674,-353", "properties": {"cell_id": "c_-59.9491_-3.1650", "lat": -3.16495059179905, "lon": -59.94907048572583}}, {"type": "Feature", "geometry": {"type": "Polygon", "coordinates": [[[-59.94457890929567, -3.1694353141094673], [-59.935595756454475, -3.1694353141094673], [-59.935595756454475, -3.1604658630566176], [-59.94457890929567, -3.1604658630566176], [-59.94457890929567, -3.1694353141094673]]]}, "id": "-6673,-353", "properties": {"cell_id": "c_-59.9401_-3.1650", "lat": -3.1649505918057694, "lon": -59.940087332870746}}, {"type": "Feature", "geometry": {"type": "Polygon", "coordinates": [[[-59.935595756454475, -3.1694353141094673], [-59.92661260361328, -3.1694353141094673], [-59.92661260361328, -3.1604658630566176], [-59.935595756454475, -3.1604658630566176], [-59.935595756454475, -3.1694353141094673]]]}, "id": "-6672,-353", "properties": {"cell_id": "c_-59.9311_-3.1650", "lat": -3.16495059180663, "lon": -59.9311041800761}}, {"type": "Feature", "geometry": {"type": "Polygon", "coordinates": [[[-59.92661260361328, -3.1694353141094673], [-59.917629450772075, -3.1694353141094673], [-59.917629450772075, -3.1604658630566176], [-59.92661260361328, -3.1604658630566176], [-59.92661260361328, -3.1694353141094673]]]}, "id": "-6671,-353", "properties": {"cell_id": "c_-59.9221_-3.1650", "lat": -3.1649505918090193, "lon": -59.92212102715899}}, {"type": "Feature", "geometry": {"type": "Polygon", "coordinates": [[[-59.917629450772075, -3.1694353141094673], [-59.90864629793088, -3.1694353141094673], [-59.90864629793088, -3.1604658630566176], [-59.917629450772075, -3.1604658630566176], [-59.917629450772075, -3.1694353141094673]]]}, "id": "-6670,-353", "properties": {"cell_id": "c_-59.9131_-3.1650", "lat": -3.164950591830495, "lon": -59.91313787433451}}, {"type": "Feature", "geometry": {"type": "Polygon", "coordinates": [[[-59.90864629793088, -3.1694353141094673], [-59.8996631450897, -3.1694353141094673], [-59.8996631450897, -3.1604658630566176], [-59.90864629793088, -3.1604658630566176], [-59.90864629793088, -3.1694353141094673]]]}, "id": "-6669,-353", "properties": {"cell_id": "c_-59.9042_-3.1650", "lat": -3.164950591815603, "lon": -59.90415472154276}}, {"type": "Feature", "geometry": {"type": "Polygon", "coordinates": [[[-59.8996631450897, -3.1694353141094673], [-59.8906799922485, -3.1694353141094673], [-59.8906799922485, -3.1604658630566176], [-59.8996631450897, -3.1604658630566176], [-59.8996631450897, -3.1694353141094673]]]}, "id": "-6668,-353", "properties": {"cell_id": "c_-59.8952_-3.1650", "lat": -3.1649505917920724, "lon": -59.895171568672275}}, {"type": "Feature", "geometry": {"type": "Polygon", "coordinates": [[[-59.8906799922485, -3.1694353141094673], [-59.881696839407304, -3.1694353141094673], [-59.881696839407304, -3.1604658630566176], [-59.8906799922485, -3.1604658630566176], [-59.8906799922485, -3.1694353141094673]]]}, "id": "-6667,-353", "properties": {"cell_id": "c_-59.8862_-3.1650", "lat": -3.1649505917950065, "lon": -59.88618841582421}}, {"type": "Feature", "geometry": {"type": "Polygon", "coordinates": [[[-59.881696839407304, -3.1694353141094673], [-59.8727136865661, -3.1694353141094673], [-59.8727136865661, -3.1604658630566176], [-59.881696839407304, -3.1604658630566176], [-59.881696839407304, -3.1694353141094673]]]}, "id": "-6666,-353", "properties": {"cell_id": "c_-59.8772_-3.1650", "lat": -3.1649505917966763, "lon": -59.87720526296648}}, {"type": "Feature", "geometry": {"type": "Polygon", "coordinates": [[[-59.8727136865661, -3.1694353141094673], [-59.863730533724905, -3.1694353141094673], [-59.863730533724905, -3.1604658630566176], [-59.8727136865661, -3.1604658630566176], [-59.8727136865661, -3.1694353141094673]]]}, "id": "-6665,-353", "properties": {"cell_id": "c_-59.8682_-3.1650", "lat": -3.1649505918044554, "lon": -59.86822211017806}}, {"type": "Feature", "geometry": {"type": "Polygon", "coordinates": [[[-59.863730533724905, -3.1694353141094673], [-59.85474738088371, -3.1694353141094673], [-59.85474738088371, -3.1604658630566176], [-59.863730533724905, -3.1604658630566176], [-59.863730533724905, -3.1694353141094673]]]}, "id": "-6664,-353", "properties": {"cell_id": "c_-59.8592_-3.1650", "lat": -3.1649505918081537, "lon": -59.85923895727442}}, {"type": "Feature", "geometry": {"type": "Polygon", "coordinates": [[[-59.85474738088371, -3.1694353141094673], [-59.845764228042526, -3.1694353141094673], [-59.845764228042526, -3.1604658630566176], [-59.85474738088371, -3.1604658630566176], [-59.85474738088371, -3.1694353141094673]]]}, "id": "-6663,-353", "properties": {"cell_id": "c_-59.8503_-3.1650", "lat": -3.164950591817956, "lon": -59.85025580448134}}, {"type": "Feature", "geometry": {"type": "Polygon", "coordinates": [[[-59.845764228042526, -3.1694353141094673], [-59.83678107520133, -3.1694353141094673], [-59.83678107520133, -3.1604658630566176], [-59.845764228042526, -3.1604658630566176], [-59.845764228042526, -3.1694353141094673]]]}, "id": "-6662,-353", "properties": {"cell_id": "c_-59.8413_-3.1650", "lat": -3.1649505918061442, "lon": -59.84127265161374}}, {"type": "Feature", "geometry": {"type": "Polygon", "coordinates": [[[-59.83678107520133, -3.1694353141094673], [-59.827797922360126, -3.1694353141094673], [-59.827797922360126, -3.1604658630566176], [-59.83678107520133, -3.1604658630566176], [-59.83678107520133, -3.1694353141094673]]]}, "id": "-6661,-353", "properties": {"cell_id": "c_-59.8323_-3.1650", "lat": -3.1649505917976066, "lon": -59.83228949878061}}, {"type": "Feature", "geometry": {"type": "Polygon", "coordinates": [[[-59.827797922360126, -3.1694353141094673], [-59.81881476951893, -3.1694353141094673], [-59.81881476951893, -3.1604658630566176], [-59.827797922360126, -3.1604658630566176], [-59.827797922360126, -3.1694353141094673]]]}, "id": "-6660,-353", "properties": {"cell_id": "c_-59.8233_-3.1650", "lat": -3.1649505918172265, "lon": -59.82330634596977}}, {"type": "Feature", "geometry": {"type": "Polygon", "coordinates": [[[-59.81881476951893, -3.1694353141094673], [-59.809831616677734, -3.1694353141094673], [-59.809831616677734, -3.1604658630566176], [-59.81881476951893, -3.1604658630566176], [-59.81881476951893, -3.1694353141094673]]]}, "id": "-6659,-353", "properties": {"cell_id": "c_-59.8143_-3.1650", "lat": -3.164950591812382, "lon": -59.81432319305723}}, {"type": "Feature", "geometry": {"type": "Polygon", "coordinates": [[[-59.809831616677734, -3.1694353141094673], [-59.80084846383654, -3.1694353141094673], [-59.80084846383654, -3.1604658630566176], [-59.809831616677734, -3.1604658630566176], [-59.809831616677734, -3.1694353141094673]]]}, "id": "-6658,-353", "properties": {"cell_id": "c_-59.8053_-3.1650", "lat": -3.164950591800622, "lon": -59.805340040263715}}, {"type": "Feature", "geometry": {"type": "Polygon", "coordinates": [[[-59.80084846383654, -3.1694353141094673], [-59.791865310995355, -3.1694353141094673], [-59.791865310995355, -3.1604658630566176], [-59.80084846383654, -3.1604658630566176], [-59.80084846383654, -3.1694353141094673]]]}, "id": "-6657,-353", "properties": {"cell_id": "c_-59.7964_-3.1650", "lat": -3.164950591789271, "lon": -59.79635688741085}}, {"type": "Feature", "geometry": {"type": "Polygon", "coordinates": [[[-59.791865310995355, -3.1694353141094673], [-59.78288215815416, -3.1694353141094673], [-59.78288215815416, -3.1604658630566176], [-59.791865310995355, -3.1604658630566176], [-59.791865310995355, -3.1694353141094673]]]}, "id": "-6656,-353", "properties": {"cell_id": "c_-59.7874_-3.1650", "lat": -3.1649505917856637, "lon": -59.7873737346096}}, {"type": "Feature", "geometry": {"type": "Polygon", "coordinates": [[[-59.78288215815416, -3.1694353141094673], [-59.773899005312956, -3.1694353141094673], [-59.773899005312956, -3.1604658630566176], [-59.78288215815416, -3.1604658630566176], [-59.78288215815416, -3.1694353141094673]]]}, "id": "-6655,-353", "properties": {"cell_id": "c_-59.7784_-3.1650", "lat": -3.164950591799999, "lon": -59.77839058172853}}, {"type": "Feature", "geometry": {"type": "Polygon", "coordinates": [[[-59.773899005312956, -3.1694353141094673], [-59.76491585247176, -3.1694353141094673], [-59.76491585247176, -3.1604658630566176], [-59.773899005312956, -3.1604658630566176], [-59.773899005312956, -3.1694353141094673]]]}, "id": "-6654,-353", "properties": {"cell_id": "c_-59.7694_-3.1650", "lat": -3.1649505918220764, "lon": -59.76940742887885}}, {"type": "Feature", "geometry": {"type": "Polygon", "coordinates": [[[-59.76491585247176, -3.1694353141094673], [-59.75593269963056, -3.1694353141094673], [-59.75593269963056, -3.1604658630566176], [-59.76491585247176, -3.1604658630566176], [-59.76491585247176, -3.1694353141094673]]]}, "id": "-6653,-353", "properties": {"cell_id": "c_-59.7604_-3.1650", "lat": -3.164950591831467, "lon": -59.760424276053094}}, {"type": "Feature", "geometry": {"type": "Polygon", "coordinates": [[[-59.75593269963056, -3.1694353141094673], [-59.74694954678938, -3.1694353141094673], [-59.74694954678938, -3.1604658630566176], [-59.75593269963056, -3.1604658630566176], [-59.75593269963056, -3.1694353141094673]]]}, "id": "-6652,-353", "properties": {"cell_id": "c_-59.7514_-3.1650", "lat": -3.1649505918383856, "lon": -59.75144112318413}}, {"type": "Feature", "geometry": {"type": "Polygon", "coordinates": [[[-60.20509034169033, -3.1604658630566176], [-60.19610718884913, -3.1604658630566176], [-60.19610718884913, -3.1514963344715903], [-60.20509034169033, -3.1514963344715903], [-60.20509034169033, -3.1604658630566176]]]}, "id": "-6702,-352", "properties": {"cell_id": "c_-60.2006_-3.1560", "lat": -3.1559811019776993, "lon": -60.200598765286585}}, {"type": "Feature", "geometry": {"type": "Polygon", "coordinates": [[[-60.19610718884913, -3.1604658630566176], [-60.18712403600794, -3.1604658630566176], [-60.18712403600794, -3.1514963344715903], [-60.19610718884913, -3.1514963344715903], [-60.19610718884913, -3.1604658630566176]]]}, "id": "-6701,-352", "properties": {"cell_id": "c_-60.1916_-3.1560", "lat": -3.1559811019734787, "lon": -60.1916156124239}}, {"type": "Feature", "geometry": {"type": "Polygon", "coordinates": [[[-60.18712403600794, -3.1604658630566176], [-60.17814088316674, -3.1604658630566176], [-60.17814088316674, -3.1514963344715903], [-60.18712403600794, -3.1514963344715903], [-60.18712403600794, -3.1604658630566176]]]}, "id": "-6700,-352", "properties": {"cell_id": "c_-60.1826_-3.1560", "lat": -3.1559811019768107, "lon": -60.18263245958016}}, {"type": "Feature", "geometry": {"type": "Polygon", "coordinates": [[[-60.17814088316674, -3.1604658630566176], [-60.16915773032555, -3.1604658630566176], [-60.16915773032555, -3.1514963344715903], [-60.17814088316674, -3.1514963344715903], [-60.17814088316674, -3.1604658630566176]]]}, "id": "-6699,-352", "properties": {"cell_id": "c_-60.1736_-3.1560", "lat": -3.1559811019876944, "lon": -60.17364930676132}}, {"type": "Feature", "geometry": {"type": "Polygon", "coordinates": [[[-60.16915773032555, -3.1604658630566176], [-60.160174577484355, -3.1604658630566176], [-60.160174577484355, -3.1514963344715903], [-60.16915773032555, -3.1514963344715903], [-60.16915773032555, -3.1604658630566176]]]}, "id": "-6698,-352", "properties": {"cell_id": "c_-60.1647_-3.1560", "lat": -3.1559811019784414, "lon": -60.16466615388049}}, {"type": "Feature", "geometry": {"type": "Polygon", "coordinates": [[[-60.160174577484355, -3.1604658630566176], [-60.15119142464316, -3.1604658630566176], [-60.15119142464316, -3.1514963344715903], [-60.160174577484355, -3.1514963344715903], [-60.160174577484355, -3.1604658630566176]]]}, "id": "-6697,-352", "properties": {"cell_id": "c_-60.1557_-3.1560", "lat": -3.1559811019616113, "lon": -60.155683001056566}}, {"type": "Feature", "geometry": {"type": "Polygon", "coordinates": [[[-60.15119142464316, -3.1604658630566176], [-60.14220827180196, -3.1604658630566176], [-60.14220827180196, -3.1514963344715903], [-60.15119142464316, -3.1514963344715903], [-60.15119142464316, -3.1604658630566176]]]}, "id": "-6696,-352", "properties": {"cell_id": "c_-60.1467_-3.1560", "lat": -3.1559811019774373, "lon": -60.14669984824041}}, {"type": "Feature", "geometry": {"type": "Polygon", "coordinates": [[[-60.14220827180196, -3.1604658630566176], [-60.133225118960766, -3.1604658630566176], [-60.133225118960766, -3.1514963344715903], [-60.14220827180196, -3.1514963344715903], [-60.14220827180196, -3.1604658630566176]]]}, "id": "-6695,-352", "properties": {"cell_id": "c_-60.1377_-3.1560", "lat": -3.1559811019931834, "lon": -60.13771669536474}}, {"type": "Feature", "geometry": {"type": "Polygon", "coordinates": [[[-60.133225118960766, -3.1604658630566176], [-60.12424196611957, -3.1604658630566176], [-60.12424196611957, -3.1514963344715903], [-60.133225118960766, -3.1514963344715903], [-60.133225118960766, -3.1604658630566176]]]}, "id": "-6694,-352", "properties": {"cell_id": "c_-60.1287_-3.1560", "lat": -3.1559811019862023, "lon": -60.12873354255902}}, {"type": "Feature", "geometry": {"type": "Polygon", "coordinates": [[[-60.12424196611957, -3.1604658630566176], [-60.11525881327838, -3.1604658630566176], [-60.11525881327838, -3.1514963344715903], [-60.12424196611957, -3.1514963344715903], [-60.12424196611957, -3.1604658630566176]]]}, "id": "-6693,-352", "properties": {"cell_id": "c_-60.1198_-3.1560", "lat": -3.155981101969039, "lon": -60.11975038968056}}, {"type": "Feature", "geometry": {"type": "Polygon", "coordinates": [[[-60.11525881327838, -3.1604658630566176], [-60.106275660437184, -3.1604658630566176], [-60.106275660437184, -3.1514963344715903], [-60.11525881327838, -3.1514963344715903], [-60.11525881327838, -3.1604658630566176]]]}, "id": "-6692,-352", "properties": {"cell_id": "c_-60.1108_-3.1560", "lat": -3.15598110195929, "lon": -60.110767236854144}}, {"type": "Feature", "geometry": {"type": "Polygon", "coordinates": [[[-60.106275660437184, -3.1604658630566176], [-60.09729250759599, -3.1604658630566176], [-60.09729250759599, -3.1514963344715903], [-60.106275660437184, -3.1514963344715903], [-60.106275660437184, -3.1604658630566176]]]}, "id": "-6691,-352", "properties": {"cell_id": "c_-60.1018_-3.1560", "lat": -3.1559811019644295, "lon": -60.10178408402722}}, {"type": "Feature", "geometry": {"type": "Polygon", "coordinates": [[[-60.09729250759599, -3.1604658630566176], [-60.08830935475479, -3.1604658630566176], [-60.08830935475479, -3.1514963344715903], [-60.09729250759599, -3.1514963344715903], [-60.09729250759599, -3.1604658630566176]]]}, "id": "-6690,-352", "properties": {"cell_id": "c_-60.0928_-3.1560", "lat": -3.1559811019618165, "lon": -60.092800931173365}}, {"type": "Feature", "geometry": {"type": "Polygon", "coordinates": [[[-60.08830935475479, -3.1604658630566176], [-60.079326201913595, -3.1604658630566176], [-60.079326201913595, -3.1514963344715903], [-60.08830935475479, -3.1514963344715903], [-60.08830935475479, -3.1604658630566176]]]}, "id": "-6689,-352", "properties": {"cell_id": "c_-60.0838_-3.1560", "lat": -3.1559811019514483, "lon": -60.0838177783588}}, {"type": "Feature", "geometry": {"type": "Polygon", "coordinates": [[[-60.079326201913595, -3.1604658630566176], [-60.0703430490724, -3.1604658630566176], [-60.0703430490724, -3.1514963344715903], [-60.079326201913595, -3.1514963344715903], [-60.079326201913595, -3.1604658630566176]]]}, "id": "-6688,-352", "properties": {"cell_id": "c_-60.0748_-3.1560", "lat": -3.155981101958385, "lon": -60.074834625458735}}, {"type": "Feature", "geometry": {"type": "Polygon", "coordinates": [[[-60.0703430490724, -3.1604658630566176], [-60.06135989623121, -3.1604658630566176], [-60.06135989623121, -3.1514963344715903], [-60.0703430490724, -3.1514963344715903], [-60.0703430490724, -3.1604658630566176]]]}, "id": "-6687,-352", "properties": {"cell_id": "c_-60.0659_-3.1560", "lat": -3.1559811019775594, "lon": -60.06585147263998}}, {"type": "Feature", "geometry": {"type": "Polygon", "coordinates": [[[-60.06135989623121, -3.1604658630566176], [-60.05237674339001, -3.1604658630566176], [-60.05237674339001, -3.1514963344715903], [-60.06135989623121, -3.1514963344715903], [-60.06135989623121, -3.1604658630566176]]]}, "id": "-6686,-352", "properties": {"cell_id": "c_-60.0569_-3.1560", "lat": -3.155981101981267, "lon": -60.05686831986633}}, {"type": "Feature", "geometry": {"type": "Polygon", "coordinates": [[[-60.05237674339001, -3.1604658630566176], [-60.04339359054882, -3.1604658630566176], [-60.04339359054882, -3.1514963344715903], [-60.05237674339001, -3.1514963344715903], [-60.05237674339001, -3.1604658630566176]]]}, "id": "-6685,-352", "properties": {"cell_id": "c_-60.0479_-3.1560", "lat": -3.155981101987086, "lon": -60.04788516694952}}, {"type": "Feature", "geometry": {"type": "Polygon", "coordinates": [[[-60.04339359054882, -3.1604658630566176], [-60.03441043770762, -3.1604658630566176], [-60.03441043770762, -3.1514963344715903], [-60.04339359054882, -3.1514963344715903], [-60.04339359054882, -3.1604658630566176]]]}, "id": "-6684,-352", "properties": {"cell_id": "c_-60.0389_-3.1560", "lat": -3.1559811019950166, "lon": -60.03890201410672}}, {"type": "Feature", "geometry": {"type": "Polygon", "coordinates": [[[-60.03441043770762, -3.1604658630566176], [-60.025427284866424, -3.1604658630566176], [-60.025427284866424, -3.1514963344715903], [-60.03441043770762, -3.1514963344715903], [-60.03441043770762, -3.1604658630566176]]]}, "id": "-6683,-352", "properties": {"cell_id": "c_-60.0299_-3.1560", "lat": -3.155981101977363, "lon": -60.02991886131669}}, {"type": "Feature", "geometry": {"type": "Polygon", "coordinates": [[[-60.025427284866424, -3.1604658630566176], [-60.01644413202522, -3.1604658630566176], [-60.01644413202522, -3.1514963344715903], [-60.025427284866424, -3.1514963344715903], [-60.025427284866424, -3.1604658630566176]]]}, "id": "-6682,-352", "properties": {"cell_id": "c_-60.0209_-3.1560", "lat": -3.155981101959142, "lon": -60.020935708443965}}, {"type": "Feature", "geometry": {"type": "Polygon", "coordinates": [[[-60.01644413202522, -3.1604658630566176], [-60.00746097918404, -3.1604658630566176], [-60.00746097918404, -3.1514963344715903], [-60.01644413202522, -3.1514963344715903], [-60.01644413202522, -3.1604658630566176]]]}, "id": "-6681,-352", "properties": {"cell_id": "c_-60.0120_-3.1560", "lat": -3.155981101975489, "lon": -60.011952555580365}}, {"type": "Feature", "geometry": {"type": "Polygon", "coordinates": [[[-60.00746097918404, -3.1604658630566176], [-59.99847782634284, -3.1604658630566176], [-59.99847782634284, -3.1514963344715903], [-60.00746097918404, -3.1514963344715903], [-60.00746097918404, -3.1604658630566176]]]}, "id": "-6680,-352", "properties": {"cell_id": "c_-60.0030_-3.1560", "lat": -3.155981101986191, "lon": -60.00296940278769}}, {"type": "Feature", "geometry": {"type": "Polygon", "coordinates": [[[-59.99847782634284, -3.1604658630566176], [-59.989494673501646, -3.1604658630566176], [-59.989494673501646, -3.1514963344715903], [-59.99847782634284, -3.1514963344715903], [-59.99847782634284, -3.1604658630566176]]]}, "id": "-6679,-352", "properties": {"cell_id": "c_-59.9940_-3.1560", "lat": -3.1559811019861836, "lon": -59.99398624991518}}, {"type": "Feature", "geometry": {"type": "Polygon", "coordinates": [[[-59.989494673501646, -3.1604658630566176], [-59.98051152066045, -3.1604658630566176], [-59.98051152066045, -3.1514963344715903], [-59.989494673501646, -3.1514963344715903], [-59.989494673501646, -3.1604658630566176]]]}, "id": "-6678,-352", "properties": {"cell_id": "c_-59.9850_-3.1560", "lat": -3.1559811019703976, "lon": -59.98500309706448}}, {"type": "Feature", "geometry": {"type": "Polygon", "coordinates": [[[-59.98051152066045, -3.1604658630566176], [-59.971528367819246, -3.1604658630566176], [-59.971528367819246, -3.1514963344715903], [-59.98051152066045, -3.1514963344715903], [-59.98051152066045, -3.1604658630566176]]]}, "id": "-6677,-352", "properties": {"cell_id": "c_-59.9760_-3.1560", "lat": -3.155981101963818, "lon": -59.97601994425716}}, {"type": "Feature", "geometry": {"type": "Polygon", "coordinates": [[[-59.971528367819246, -3.1604658630566176], [-59.96254521497805, -3.1604658630566176], [-59.96254521497805, -3.1514963344715903], [-59.971528367819246, -3.1514963344715903], [-59.971528367819246, -3.1604658630566176]]]}, "id": "-6676,-352", "properties": {"cell_id": "c_-59.9670_-3.1560", "lat": -3.1559811019840067, "lon": -59.967036791385354}}, {"type": "Feature", "geometry": {"type": "Polygon", "coordinates": [[[-59.96254521497805, -3.1604658630566176], [-59.95356206213687, -3.1604658630566176], [-59.95356206213687, -3.1514963344715903], [-59.96254521497805, -3.1514963344715903], [-59.96254521497805, -3.1604658630566176]]]}, "id": "-6675,-352", "properties": {"cell_id": "c_-59.9581_-3.1560", "lat": -3.1559811019731985, "lon": -59.95805363853315}}, {"type": "Feature", "geometry": {"type": "Polygon", "coordinates": [[[-59.95356206213687, -3.1604658630566176], [-59.94457890929567, -3.1604658630566176], [-59.94457890929567, -3.1514963344715903], [-59.95356206213687, -3.1514963344715903], [-59.95356206213687, -3.1604658630566176]]]}, "id": "-6674,-352", "properties": {"cell_id": "c_-59.9491_-3.1560", "lat": -3.1559811019790027, "lon": -59.94907048574017}}, {"type": "Feature", "geometry": {"type": "Polygon", "coordinates": [[[-59.94457890929567, -3.1604658630566176], [-59.935595756454475, -3.1604658630566176], [-59.935595756454475, -3.1514963344715903], [-59.94457890929567, -3.1514963344715903], [-59.94457890929567, -3.1604658630566176]]]}, "id": "-6673,-352", "properties": {"cell_id": "c_-59.9401_-3.1560", "lat": -3.1559811019861845, "lon": -59.94008733287034}}, {"type": "Feature", "geometry": {"type": "Polygon", "coordinates": [[[-59.935595756454475, -3.1604658630566176], [-59.92661260361328, -3.1604658630566176], [-59.92661260361328, -3.1514963344715903], [-59.935595756454475, -3.1514963344715903], [-59.935595756454475, -3.1604658630566176]]]}, "id": "-6672,-352", "properties": {"cell_id": "c_-59.9311_-3.1560", "lat": -3.155981101977176, "lon": -59.93110418006834}}, {"type": "Feature", "geometry": {"type": "Polygon", "coordinates": [[[-59.92661260361328, -3.1604658630566176], [-59.917629450772075, -3.1604658630566176], [-59.917629450772075, -3.1514963344715903], [-59.92661260361328, -3.1514963344715903], [-59.92661260361328, -3.1604658630566176]]]}, "id": "-6671,-352", "properties": {"cell_id": "c_-59.9221_-3.1560", "lat": -3.155981101969538, "lon": -59.922121027161495}}, {"type": "Feature", "geometry": {"type": "Polygon", "coordinates": [[[-59.917629450772075, -3.1604658630566176], [-59.90864629793088, -3.1604658630566176], [-59.90864629793088, -3.1514963344715903], [-59.917629450772075, -3.1514963344715903], [-59.917629450772075, -3.1604658630566176]]]}, "id": "-6670,-352", "properties": {"cell_id": "c_-59.9131_-3.1560", "lat": -3.1559811019632753, "lon": -59.91313787434724}}, {"type": "Feature", "geometry": {"type": "Polygon", "coordinates": [[[-59.90864629793088, -3.1604658630566176], [-59.8996631450897, -3.1604658630566176], [-59.8996631450897, -3.1514963344715903], [-59.90864629793088, -3.1514963344715903], [-59.90864629793088, -3.1604658630566176]]]}, "id": "-6669,-352", "properties": {"cell_id": "c_-59.9042_-3.1560", "lat": -3.155981101965777, "lon": -59.90415472151762}}, {"type": "Feature", "geometry": {"type": "Polygon", "coordinates": [[[-59.8996631450897, -3.1604658630566176], [-59.8906799922485, -3.1604658630566176], [-59.8906799922485, -3.1514963344715903], [-59.8996631450897, -3.1514963344715903], [-59.8996631450897, -3.1604658630566176]]]}, "id": "-6668,-352", "properties": {"cell_id": "c_-59.8952_-3.1560", "lat": -3.1559811019668733, "lon": -59.89517156867496}}, {"type": "Feature", "geometry": {"type": "Polygon", "coordinates": [[[-59.8906799922485, -3.1604658630566176], [-59.881696839407304, -3.1604658630566176], [-59.881696839407304, -3.1514963344715903], [-59.8906799922485, -3.1514963344715903], [-59.8906799922485, -3.1604658630566176]]]}, "id": "-6667,-352", "properties": {"cell_id": "c_-59.8862_-3.1560", "lat": -3.15598110198411, "lon": -59.886188415841715}}, {"type": "Feature", "geometry": {"type": "Polygon", "coordinates": [[[-59.881696839407304, -3.1604658630566176], [-59.8727136865661, -3.1604658630566176], [-59.8727136865661, -3.1514963344715903], [-59.881696839407304, -3.1514963344715903], [-59.881696839407304, -3.1604658630566176]]]}, "id": "-6666,-352", "properties": {"cell_id": "c_-59.8772_-3.1560", "lat": -3.155981101997133, "lon": -59.87720526296366}}, {"type": "Feature", "geometry": {"type": "Polygon", "coordinates": [[[-59.8727136865661, -3.1604658630566176], [-59.863730533724905, -3.1604658630566176], [-59.863730533724905, -3.1514963344715903], [-59.8727136865661, -3.1514963344715903], [-59.8727136865661, -3.1604658630566176]]]}, "id": "-6665,-352", "properties": {"cell_id": "c_-59.8682_-3.1560", "lat": -3.15598110197084, "lon": -59.86822211016232}}, {"type": "Feature", "geometry": {"type": "Polygon", "coordinates": [[[-59.863730533724905, -3.1604658630566176], [-59.85474738088371, -3.1604658630566176], [-59.85474738088371, -3.1514963344715903], [-59.863730533724905, -3.1514963344715903], [-59.863730533724905, -3.1604658630566176]]]}, "id": "-6664,-352", "properties": {"cell_id": "c_-59.8592_-3.1560", "lat": -3.1559811019680533, "lon": -59.859238957291076}}, {"type": "Feature", "geometry": {"type": "Polygon", "coordinates": [[[-59.85474738088371, -3.1604658630566176], [-59.845764228042526, -3.1604658630566176], [-59.845764228042526, -3.1514963344715903], [-59.85474738088371, -3.1514963344715903], [-59.85474738088371, -3.1604658630566176]]]}, "id": "-6663,-352", "properties": {"cell_id": "c_-59.8503_-3.1560", "lat": -3.155981101978588, "lon": -59.850255804485066}}, {"type": "Feature", "geometry": {"type": "Polygon", "coordinates": [[[-59.845764228042526, -3.1604658630566176], [-59.83678107520133, -3.1604658630566176], [-59.83678107520133, -3.1514963344715903], [-59.845764228042526, -3.1514963344715903], [-59.845764228042526, -3.1604658630566176]]]}, "id": "-6662,-352", "properties": {"cell_id": "c_-59.8413_-3.1560", "lat": -3.1559811019747226, "lon": -59.84127265159433}}, {"type": "Feature", "geometry": {"type": "Polygon", "coordinates": [[[-59.83678107520133, -3.1604658630566176], [-59.827797922360126, -3.1604658630566176], [-59.827797922360126, -3.1514963344715903], [-59.83678107520133, -3.1514963344715903], [-59.83678107520133, -3.1604658630566176]]]}, "id": "-6661,-352", "properties": {"cell_id": "c_-59.8323_-3.1560", "lat": -3.1559811019739974, "lon": -59.83228949879075}}, {"type": "Feature", "geometry": {"type": "Polygon", "coordinates": [[[-59.827797922360126, -3.1604658630566176], [-59.81881476951893, -3.1604658630566176], [-59.81881476951893, -3.1514963344715903], [-59.827797922360126, -3.1514963344715903], [-59.827797922360126, -3.1604658630566176]]]}, "id": "-6660,-352", "properties": {"cell_id": "c_-59.8233_-3.1560", "lat": -3.1559811019560247, "lon": -59.82330634596127}}, {"type": "Feature", "geometry": {"type": "Polygon", "coordinates": [[[-59.81881476951893, -3.1604658630566176], [-59.809831616677734, -3.1604658630566176], [-59.809831616677734, -3.1514963344715903], [-59.81881476951893, -3.1514963344715903], [-59.81881476951893, -3.1604658630566176]]]}, "id": "-6659,-352", "properties": {"cell_id": "c_-59.8143_-3.1560", "lat": -3.1559811019660717, "lon": -59.81432319307094}}, {"type": "Feature", "geometry": {"type": "Polygon", "coordinates": [[[-59.809831616677734, -3.1604658630566176], [-59.80084846383654, -3.1604658630566176], [-59.80084846383654, -3.1514963344715903], [-59.809831616677734, -3.1514963344715903], [-59.809831616677734, -3.1604658630566176]]]}, "id": "-6658,-352", "properties": {"cell_id": "c_-59.8053_-3.1560", "lat": -3.1559811019866033, "lon": -59.80534004025878}}, {"type": "Feature", "geometry": {"type": "Polygon", "coordinates": [[[-59.80084846383654, -3.1604658630566176], [-59.791865310995355, -3.1604658630566176], [-59.791865310995355, -3.1514963344715903], [-59.80084846383654, -3.1514963344715903], [-59.80084846383654, -3.1604658630566176]]]}, "id": "-6657,-352", "properties": {"cell_id": "c_-59.7964_-3.1560", "lat": -3.1559811019972224, "lon": -59.79635688741505}}, {"type": "Feature", "geometry": {"type": "Polygon", "coordinates": [[[-59.791865310995355, -3.1604658630566176], [-59.78288215815416, -3.1604658630566176], [-59.78288215815416, -3.1514963344715903], [-59.791865310995355, -3.1514963344715903], [-59.791865310995355, -3.1604658630566176]]]}, "id": "-6656,-352", "properties": {"cell_id": "c_-59.7874_-3.1560", "lat": -3.1559811019979263, "lon": -59.78737373460249}}, {"type": "Feature", "geometry": {"type": "Polygon", "coordinates": [[[-59.78288215815416, -3.1604658630566176], [-59.773899005312956, -3.1604658630566176], [-59.773899005312956, -3.1514963344715903], [-59.78288215815416, -3.1514963344715903], [-59.78288215815416, -3.1604658630566176]]]}, "id": "-6655,-352", "properties": {"cell_id": "c_-59.7784_-3.1560", "lat": -3.1559811019682975, "lon": -59.77839058172035}}, {"type": "Feature", "geometry": {"type": "Polygon", "coordinates": [[[-59.773899005312956, -3.1604658630566176], [-59.76491585247176, -3.1604658630566176], [-59.76491585247176, -3.1514963344715903], [-59.773899005312956, -3.1514963344715903], [-59.773899005312956, -3.1604658630566176]]]}, "id": "-6654,-352", "properties": {"cell_id": "c_-59.7694_-3.1560", "lat": -3.155981101953603, "lon": -59.769407428894446}}, {"type": "Feature", "geometry": {"type": "Polygon", "coordinates": [[[-59.76491585247176, -3.1604658630566176], [-59.75593269963056, -3.1604658630566176], [-59.75593269963056, -3.1514963344715903], [-59.76491585247176, -3.1514963344715903], [-59.76491585247176, -3.1604658630566176]]]}, "id": "-6653,-352", "properties": {"cell_id": "c_-59.7604_-3.1560", "lat": -3.1559811019640582, "lon": -59.760424276057385}}, {"type": "Feature", "geometry": {"type": "Polygon", "coordinates": [[[-59.75593269963056, -3.1604658630566176], [-59.74694954678938, -3.1604658630566176], [-59.74694954678938, -3.1514963344715903], [-59.75593269963056, -3.1514963344715903], [-59.75593269963056, -3.1604658630566176]]]}, "id": "-6652,-352", "properties": {"cell_id": "c_-59.7514_-3.1560", "lat": -3.1559811019514923, "lon": -59.75144112317419}}, {"type": "Feature", "geometry": {"type": "Polygon", "coordinates": [[[-60.20509034169033, -3.1514963344715903], [-60.19610718884913, -3.1514963344715903], [-60.19610718884913, -3.1425267285734995], [-60.20509034169033, -3.1425267285734995], [-60.20509034169033, -3.1514963344715903]]]}, "id": "-6702,-351", "properties": {"cell_id": "c_-60.2006_-3.1470", "lat": -3.147011534740148, "lon": -60.200598765294174}}, {"type": "Feature", "geometry": {"type": "Polygon", "coordinates": [[[-60.19610718884913, -3.1514963344715903], [-60.18712403600794, -3.1514963344715903], [-60.18712403600794, -3.1425267285734995], [-60.19610718884913, -3.1425267285734995], [-60.19610718884913, -3.1514963344715903]]]}, "id": "-6701,-351", "properties": {"cell_id": "c_-60.1916_-3.1470", "lat": -3.1470115347405487, "lon": -60.19161561241249}}, {"type": "Feature", "geometry": {"type": "Polygon", "coordinates": [[[-60.18712403600794, -3.1514963344715903], [-60.17814088316674, -3.1514963344715903], [-60.17814088316674, -3.1425267285734995], [-60.18712403600794, -3.1425267285734995], [-60.18712403600794, -3.1514963344715903]]]}, "id": "-6700,-351", "properties": {"cell_id": "c_-60.1826_-3.1470", "lat": -3.1470115347256344, "lon": -60.18263245957997}}, {"type": "Feature", "geometry": {"type": "Polygon", "coordinates": [[[-60.17814088316674, -3.1514963344715903], [-60.16915773032555, -3.1514963344715903], [-60.16915773032555, -3.1425267285734995], [-60.17814088316674, -3.1425267285734995], [-60.17814088316674, -3.1514963344715903]]]}, "id": "-6699,-351", "properties": {"cell_id": "c_-60.1736_-3.1470", "lat": -3.147011534707956, "lon": -60.17364930675471}}, {"type": "Feature", "geometry": {"type": "Polygon", "coordinates": [[[-60.16915773032555, -3.1514963344715903], [-60.160174577484355, -3.1514963344715903], [-60.160174577484355, -3.1425267285734995], [-60.16915773032555, -3.1425267285734995], [-60.16915773032555, -3.1514963344715903]]]}, "id": "-6698,-351", "properties": {"cell_id": "c_-60.1647_-3.1470", "lat": -3.1470115347227177, "lon": -60.16466615389261}}, {"type": "Feature", "geometry": {"type": "Polygon", "coordinates": [[[-60.160174577484355, -3.1514963344715903], [-60.15119142464316, -3.1514963344715903], [-60.15119142464316, -3.1425267285734995], [-60.160174577484355, -3.1425267285734995], [-60.160174577484355, -3.1514963344715903]]]}, "id": "-6697,-351", "properties": {"cell_id": "c_-60.1557_-3.1470", "lat": -3.1470115347472722, "lon": -60.15568300105217}}, {"type": "Feature", "geometry": {"type": "Polygon", "coordinates": [[[-60.15119142464316, -3.1514963344715903], [-60.14220827180196, -3.1514963344715903], [-60.14220827180196, -3.1425267285734995], [-60.15119142464316, -3.1425267285734995], [-60.15119142464316, -3.1514963344715903]]]}, "id": "-6696,-351", "properties": {"cell_id": "c_-60.1467_-3.1470", "lat": -3.147011534726238, "lon": -60.146699848239585}}, {"type": "Feature", "geometry": {"type": "Polygon", "coordinates": [[[-60.14220827180196, -3.1514963344715903], [-60.133225118960766, -3.1514963344715903], [-60.133225118960766, -3.1425267285734995], [-60.14220827180196, -3.1425267285734995], [-60.14220827180196, -3.1514963344715903]]]}, "id": "-6695,-351", "properties": {"cell_id": "c_-60.1377_-3.1470", "lat": -3.147011534717447, "lon": -60.13771669537253}}, {"type": "Feature", "geometry": {"type": "Polygon", "coordinates": [[[-60.133225118960766, -3.1514963344715903], [-60.12424196611957, -3.1514963344715903], [-60.12424196611957, -3.1425267285734995], [-60.133225118960766, -3.1425267285734995], [-60.133225118960766, -3.1514963344715903]]]}, "id": "-6694,-351", "properties": {"cell_id": "c_-60.1287_-3.1470", "lat": -3.147011534725951, "lon": -60.12873354255276}}, {"type": "Feature", "geometry": {"type": "Polygon", "coordinates": [[[-60.12424196611957, -3.1514963344715903], [-60.11525881327838, -3.1514963344715903], [-60.11525881327838, -3.1425267285734995], [-60.12424196611957, -3.1425267285734995], [-60.12424196611957, -3.1514963344715903]]]}, "id": "-6693,-351", "properties": {"cell_id": "c_-60.1198_-3.1470", "lat": -3.1470115347366017, "lon": -60.11975038968029}}, {"type": "Feature", "geometry": {"type": "Polygon", "coordinates": [[[-60.11525881327838, -3.1514963344715903], [-60.106275660437184, -3.1514963344715903], [-60.106275660437184, -3.1425267285734995], [-60.11525881327838, -3.1425267285734995], [-60.11525881327838, -3.1514963344715903]]]}, "id": "-6692,-351", "properties": {"cell_id": "c_-60.1108_-3.1470", "lat": -3.147011534756875, "lon": -60.11076723686493}}, {"type": "Feature", "geometry": {"type": "Polygon", "coordinates": [[[-60.106275660437184, -3.1514963344715903], [-60.09729250759599, -3.1514963344715903], [-60.09729250759599, -3.1425267285734995], [-60.106275660437184, -3.1425267285734995], [-60.106275660437184, -3.1514963344715903]]]}, "id": "-6691,-351", "properties": {"cell_id": "c_-60.1018_-3.1470", "lat": -3.147011534751593, "lon": -60.10178408401628}}, {"type": "Feature", "geometry": {"type": "Polygon", "coordinates": [[[-60.09729250759599, -3.1514963344715903], [-60.08830935475479, -3.1514963344715903], [-60.08830935475479, -3.1425267285734995], [-60.09729250759599, -3.1425267285734995], [-60.09729250759599, -3.1514963344715903]]]}, "id": "-6690,-351", "properties": {"cell_id": "c_-60.0928_-3.1470", "lat": -3.1470115347508782, "lon": -60.09280093118096}}, {"type": "Feature", "geometry": {"type": "Polygon", "coordinates": [[[-60.08830935475479, -3.1514963344715903], [-60.079326201913595, -3.1514963344715903], [-60.079326201913595, -3.1425267285734995], [-60.08830935475479, -3.1425267285734995], [-60.08830935475479, -3.1514963344715903]]]}, "id": "-6689,-351", "properties": {"cell_id": "c_-60.0838_-3.1470", "lat": -3.147011534762199, "lon": -60.08381777835214}}, {"type": "Feature", "geometry": {"type": "Polygon", "coordinates": [[[-60.079326201913595, -3.1514963344715903], [-60.0703430490724, -3.1514963344715903], [-60.0703430490724, -3.1425267285734995], [-60.079326201913595, -3.1425267285734995], [-60.079326201913595, -3.1514963344715903]]]}, "id": "-6688,-351", "properties": {"cell_id": "c_-60.0748_-3.1470", "lat": -3.1470115347554484, "lon": -60.07483462546556}}, {"type": "Feature", "geometry": {"type": "Polygon", "coordinates": [[[-60.0703430490724, -3.1514963344715903], [-60.06135989623121, -3.1514963344715903], [-60.06135989623121, -3.1425267285734995], [-60.0703430490724, -3.1425267285734995], [-60.0703430490724, -3.1514963344715903]]]}, "id": "-6687,-351", "properties": {"cell_id": "c_-60.0659_-3.1470", "lat": -3.147011534743155, "lon": -60.06585147264004}}, {"type": "Feature", "geometry": {"type": "Polygon", "coordinates": [[[-60.06135989623121, -3.1514963344715903], [-60.05237674339001, -3.1514963344715903], [-60.05237674339001, -3.1425267285734995], [-60.06135989623121, -3.1425267285734995], [-60.06135989623121, -3.1514963344715903]]]}, "id": "-6686,-351", "properties": {"cell_id": "c_-60.0569_-3.1470", "lat": -3.147011534727725, "lon": -60.05686831985453}}, {"type": "Feature", "geometry": {"type": "Polygon", "coordinates": [[[-60.05237674339001, -3.1514963344715903], [-60.04339359054882, -3.1514963344715903], [-60.04339359054882, -3.1425267285734995], [-60.05237674339001, -3.1425267285734995], [-60.05237674339001, -3.1514963344715903]]]}, "id": "-6685,-351", "properties": {"cell_id": "c_-60.0479_-3.1470", "lat": -3.147011534721663, "lon": -60.047885166961066}}, {"type": "Feature", "geometry": {"type": "Polygon", "coordinates": [[[-60.04339359054882, -3.1514963344715903], [-60.03441043770762, -3.1514963344715903], [-60.03441043770762, -3.1425267285734995], [-60.04339359054882, -3.1425267285734995], [-60.04339359054882, -3.1514963344715903]]]}, "id": "-6684,-351", "properties": {"cell_id": "c_-60.0389_-3.1470", "lat": -3.147011534724972, "lon": -60.03890201410643}}, {"type": "Feature", "geometry": {"type": "Polygon", "coordinates": [[[-60.03441043770762, -3.1514963344715903], [-60.025427284866424, -3.1514963344715903], [-60.025427284866424, -3.1425267285734995], [-60.03441043770762, -3.1425267285734995], [-60.03441043770762, -3.1514963344715903]]]}, "id": "-6683,-351", "properties": {"cell_id": "c_-60.0299_-3.1470", "lat": -3.1470115347325778, "lon": -60.029918861306946}}, {"type": "Feature", "geometry": {"type": "Polygon", "coordinates": [[[-60.025427284866424, -3.1514963344715903], [-60.01644413202522, -3.1514963344715903], [-60.01644413202522, -3.1425267285734995], [-60.025427284866424, -3.1425267285734995], [-60.025427284866424, -3.1514963344715903]]]}, "id": "-6682,-351", "properties": {"cell_id": "c_-60.0209_-3.1470", "lat": -3.1470115347394243, "lon": -60.02093570844234}}, {"type": "Feature", "geometry": {"type": "Polygon", "coordinates": [[[-60.01644413202522, -3.1514963344715903], [-60.00746097918404, -3.1514963344715903], [-60.00746097918404, -3.1425267285734995], [-60.01644413202522, -3.1425267285734995], [-60.01644413202522, -3.1514963344715903]]]}, "id": "-6681,-351", "properties": {"cell_id": "c_-60.0120_-3.1470", "lat": -3.147011534740443, "lon": -60.01195255559939}}, {"type": "Feature", "geometry": {"type": "Polygon", "coordinates": [[[-60.00746097918404, -3.1514963344715903], [-59.99847782634284, -3.1514963344715903], [-59.99847782634284, -3.1425267285734995], [-60.00746097918404, -3.1425267285734995], [-60.00746097918404, -3.1514963344715903]]]}, "id": "-6680,-351", "properties": {"cell_id": "c_-60.0030_-3.1470", "lat": -3.147011534725497, "lon": -60.00296940276442}}, {"type": "Feature", "geometry": {"type": "Polygon", "coordinates": [[[-59.99847782634284, -3.1514963344715903], [-59.989494673501646, -3.1514963344715903], [-59.989494673501646, -3.1425267285734995], [-59.99847782634284, -3.1425267285734995], [-59.99847782634284, -3.1514963344715903]]]}, "id": "-6679,-351", "properties": {"cell_id": "c_-59.9940_-3.1470", "lat": -3.1470115347246534, "lon": -59.993986249937585}}, {"type": "Feature", "geometry": {"type": "Polygon", "coordinates": [[[-59.989494673501646, -3.1514963344715903], [-59.98051152066045, -3.1514963344715903], [-59.98051152066045, -3.1425267285734995], [-59.989494673501646, -3.1425267285734995], [-59.989494673501646, -3.1514963344715903]]]}, "id": "-6678,-351", "properties": {"cell_id": "c_-59.9850_-3.1470", "lat": -3.1470115347328327, "lon": -59.98500309703446}}, {"type": "Feature", "geometry": {"type": "Polygon", "coordinates": [[[-59.98051152066045, -3.1514963344715903], [-59.971528367819246, -3.1514963344715903], [-59.971528367819246, -3.1425267285734995], [-59.98051152066045, -3.1425267285734995], [-59.98051152066045, -3.1514963344715903]]]}, "id": "-6677,-351", "properties": {"cell_id": "c_-59.9760_-3.1470", "lat": -3.1470115347324725, "lon": -59.97601994428024}}, {"type": "Feature", "geometry": {"type": "Polygon", "coordinates": [[[-59.971528367819246, -3.1514963344715903], [-59.96254521497805, -3.1514963344715903], [-59.96254521497805, -3.1425267285734995], [-59.971528367819246, -3.1425267285734995], [-59.971528367819246, -3.1514963344715903]]]}, "id": "-6676,-351", "properties": {"cell_id": "c_-59.9670_-3.1470", "lat": -3.1470115347235748, "lon": -59.96703679137359}}, {"type": "Feature", "geometry": {"type": "Polygon", "coordinates": [[[-59.96254521497805, -3.1514963344715903], [-59.95356206213687, -3.1514963344715903], [-59.95356206213687, -3.1425267285734995], [-59.96254521497805, -3.1425267285734995], [-59.96254521497805, -3.1514963344715903]]]}, "id": "-6675,-351", "properties": {"cell_id": "c_-59.9581_-3.1470", "lat": -3.1470115347311203, "lon": -59.958053638541664}}, {"type": "Feature", "geometry": {"type": "Polygon", "coordinates": [[[-59.95356206213687, -3.1514963344715903], [-59.94457890929567, -3.1514963344715903], [-59.94457890929567, -3.1425267285734995], [-59.95356206213687, -3.1425267285734995], [-59.95356206213687, -3.1514963344715903]]]}, "id": "-6674,-351", "properties": {"cell_id": "c_-59.9491_-3.1470", "lat": -3.1470115347398746, "lon": -59.949070485746255}}, {"type": "Feature", "geometry": {"type": "Polygon", "coordinates": [[[-59.94457890929567, -3.1514963344715903], [-59.935595756454475, -3.1514963344715903], [-59.935595756454475, -3.1425267285734995], [-59.94457890929567, -3.1425267285734995], [-59.94457890929567, -3.1514963344715903]]]}, "id": "-6673,-351", "properties": {"cell_id": "c_-59.9401_-3.1470", "lat": -3.147011534737352, "lon": -59.94008733286891}}, {"type": "Feature", "geometry": {"type": "Polygon", "coordinates": [[[-59.935595756454475, -3.1514963344715903], [-59.92661260361328, -3.1514963344715903], [-59.92661260361328, -3.1425267285734995], [-59.935595756454475, -3.1425267285734995], [-59.935595756454475, -3.1514963344715903]]]}, "id": "-6672,-351", "properties": {"cell_id": "c_-59.9311_-3.1470", "lat": -3.147011534725878, "lon": -59.931104180049246}}, {"type": "Feature", "geometry": {"type": "Polygon", "coordinates": [[[-59.92661260361328, -3.1514963344715903], [-59.917629450772075, -3.1514963344715903], [-59.917629450772075, -3.1425267285734995], [-59.92661260361328, -3.1425267285734995], [-59.92661260361328, -3.1514963344715903]]]}, "id": "-6671,-351", "properties": {"cell_id": "c_-59.9221_-3.1470", "lat": -3.147011534722997, "lon": -59.92212102717006}}, {"type": "Feature", "geometry": {"type": "Polygon", "coordinates": [[[-59.917629450772075, -3.1514963344715903], [-59.90864629793088, -3.1514963344715903], [-59.90864629793088, -3.1425267285734995], [-59.917629450772075, -3.1425267285734995], [-59.917629450772075, -3.1514963344715903]]]}, "id": "-6670,-351", "properties": {"cell_id": "c_-59.9131_-3.1470", "lat": -3.147011534728712, "lon": -59.91313787433813}}, {"type": "Feature", "geometry": {"type": "Polygon", "coordinates": [[[-59.90864629793088, -3.1514963344715903], [-59.8996631450897, -3.1514963344715903], [-59.8996631450897, -3.1425267285734995], [-59.90864629793088, -3.1425267285734995], [-59.90864629793088, -3.1514963344715903]]]}, "id": "-6669,-351", "properties": {"cell_id": "c_-59.9042_-3.1470", "lat": -3.1470115347254763, "lon": -59.90415472152599}}, {"type": "Feature", "geometry": {"type": "Polygon", "coordinates": [[[-59.8996631450897, -3.1514963344715903], [-59.8906799922485, -3.1514963344715903], [-59.8906799922485, -3.1425267285734995], [-59.8996631450897, -3.1425267285734995], [-59.8996631450897, -3.1514963344715903]]]}, "id": "-6668,-351", "properties": {"cell_id": "c_-59.8952_-3.1470", "lat": -3.147011534728053, "lon": -59.89517156867026}}, {"type": "Feature", "geometry": {"type": "Polygon", "coordinates": [[[-59.8906799922485, -3.1514963344715903], [-59.881696839407304, -3.1514963344715903], [-59.881696839407304, -3.1425267285734995], [-59.8906799922485, -3.1425267285734995], [-59.8906799922485, -3.1514963344715903]]]}, "id": "-6667,-351", "properties": {"cell_id": "c_-59.8862_-3.1470", "lat": -3.1470115347087106, "lon": -59.88618841584431}}, {"type": "Feature", "geometry": {"type": "Polygon", "coordinates": [[[-59.881696839407304, -3.1514963344715903], [-59.8727136865661, -3.1514963344715903], [-59.8727136865661, -3.1425267285734995], [-59.881696839407304, -3.1425267285734995], [-59.881696839407304, -3.1514963344715903]]]}, "id": "-6666,-351", "properties": {"cell_id": "c_-59.8772_-3.1470", "lat": -3.14701153470535, "lon": -59.87720526297073}}, {"type": "Feature", "geometry": {"type": "Polygon", "coordinates": [[[-59.8727136865661, -3.1514963344715903], [-59.863730533724905, -3.1514963344715903], [-59.863730533724905, -3.1425267285734995], [-59.8727136865661, -3.1425267285734995], [-59.8727136865661, -3.1514963344715903]]]}, "id": "-6665,-351", "properties": {"cell_id": "c_-59.8682_-3.1470", "lat": -3.1470115347327163, "lon": -59.86822211015632}}, {"type": "Feature", "geometry": {"type": "Polygon", "coordinates": [[[-59.863730533724905, -3.1514963344715903], [-59.85474738088371, -3.1514963344715903], [-59.85474738088371, -3.1425267285734995], [-59.863730533724905, -3.1425267285734995], [-59.863730533724905, -3.1514963344715903]]]}, "id": "-6664,-351", "properties": {"cell_id": "c_-59.8592_-3.1470", "lat": -3.147011534738165, "lon": -59.85923895729975}}, {"type": "Feature", "geometry": {"type": "Polygon", "coordinates": [[[-59.85474738088371, -3.1514963344715903], [-59.845764228042526, -3.1514963344715903], [-59.845764228042526, -3.1425267285734995], [-59.85474738088371, -3.1425267285734995], [-59.85474738088371, -3.1514963344715903]]]}, "id": "-6663,-351", "properties": {"cell_id": "c_-59.8503_-3.1470", "lat": -3.1470115347188803, "lon": -59.85025580446763}}, {"type": "Feature", "geometry": {"type": "Polygon", "coordinates": [[[-59.845764228042526, -3.1514963344715903], [-59.83678107520133, -3.1514963344715903], [-59.83678107520133, -3.1425267285734995], [-59.845764228042526, -3.1425267285734995], [-59.845764228042526, -3.1514963344715903]]]}, "id": "-6662,-351", "properties": {"cell_id": "c_-59.8413_-3.1470", "lat": -3.147011534727477, "lon": -59.84127265161652}}, {"type": "Feature", "geometry": {"type": "Polygon", "coordinates": [[[-59.83678107520133, -3.1514963344715903], [-59.827797922360126, -3.1514963344715903], [-59.827797922360126, -3.1425267285734995], [-59.83678107520133, -3.1425267285734995], [-59.83678107520133, -3.1514963344715903]]]}, "id": "-6661,-351", "properties": {"cell_id": "c_-59.8323_-3.1470", "lat": -3.1470115347390633, "lon": -59.83228949877946}}, {"type": "Feature", "geometry": {"type": "Polygon", "coordinates": [[[-59.827797922360126, -3.1514963344715903], [-59.81881476951893, -3.1514963344715903], [-59.81881476951893, -3.1425267285734995], [-59.827797922360126, -3.1425267285734995], [-59.827797922360126, -3.1514963344715903]]]}, "id": "-6660,-351", "properties": {"cell_id": "c_-59.8233_-3.1470", "lat": -3.147011534743454, "lon": -59.82330634595898}}, {"type": "Feature", "geometry": {"type": "Polygon", "coordinates": [[[-59.81881476951893, -3.1514963344715903], [-59.809831616677734, -3.1514963344715903], [-59.809831616677734, -3.1425267285734995], [-59.81881476951893, -3.1425267285734995], [-59.81881476951893, -3.1514963344715903]]]}, "id": "-6659,-351", "properties": {"cell_id": "c_-59.8143_-3.1470", "lat": -3.1470115347377967, "lon": -59.81432319307765}}, {"type": "Feature", "geometry": {"type": "Polygon", "coordinates": [[[-59.809831616677734, -3.1514963344715903], [-59.80084846383654, -3.1514963344715903], [-59.80084846383654, -3.1425267285734995], [-59.809831616677734, -3.1425267285734995], [-59.809831616677734, -3.1514963344715903]]]}, "id": "-6658,-351", "properties": {"cell_id": "c_-59.8053_-3.1470", "lat": -3.1470115347220844, "lon": -59.80534004025692}}, {"type": "Feature", "geometry": {"type": "Polygon", "coordinates": [[[-59.80084846383654, -3.1514963344715903], [-59.791865310995355, -3.1514963344715903], [-59.791865310995355, -3.1425267285734995], [-59.80084846383654, -3.1425267285734995], [-59.80084846383654, -3.1514963344715903]]]}, "id": "-6657,-351", "properties": {"cell_id": "c_-59.7964_-3.1470", "lat": -3.1470115347240575, "lon": -59.796356887429525}}, {"type": "Feature", "geometry": {"type": "Polygon", "coordinates": [[[-59.791865310995355, -3.1514963344715903], [-59.78288215815416, -3.1514963344715903], [-59.78288215815416, -3.1425267285734995], [-59.791865310995355, -3.1425267285734995], [-59.791865310995355, -3.1514963344715903]]]}, "id": "-6656,-351", "properties": {"cell_id": "c_-59.7874_-3.1470", "lat": -3.147011534723308, "lon": -59.78737373458797}}, {"type": "Feature", "geometry": {"type": "Polygon", "coordinates": [[[-59.78288215815416, -3.1514963344715903], [-59.773899005312956, -3.1514963344715903], [-59.773899005312956, -3.1425267285734995], [-59.78288215815416, -3.1425267285734995], [-59.78288215815416, -3.1514963344715903]]]}, "id": "-6655,-351", "properties": {"cell_id": "c_-59.7784_-3.1470", "lat": -3.147011534737363, "lon": -59.77839058171927}}, {"type": "Feature", "geometry": {"type": "Polygon", "coordinates": [[[-59.773899005312956, -3.1514963344715903], [-59.76491585247176, -3.1514963344715903], [-59.76491585247176, -3.1425267285734995], [-59.773899005312956, -3.1425267285734995], [-59.773899005312956, -3.1514963344715903]]]}, "id": "-6654,-351", "properties": {"cell_id": "c_-59.7694_-3.1470", "lat": -3.1470115347486947, "lon": -59.76940742889216}}, {"type": "Feature", "geometry": {"type": "Polygon", "coordinates": [[[-59.76491585247176, -3.1514963344715903], [-59.75593269963056, -3.1514963344715903], [-59.75593269963056, -3.1425267285734995], [-59.76491585247176, -3.1425267285734995], [-59.76491585247176, -3.1514963344715903]]]}, "id": "-6653,-351", "properties": {"cell_id": "c_-59.7604_-3.1470", "lat": -3.1470115347368814, "lon": -59.76042427605831}}, {"type": "Feature", "geometry": {"type": "Polygon", "coordinates": [[[-59.75593269963056, -3.1514963344715903], [-59.74694954678938, -3.1514963344715903], [-59.74694954678938, -3.1425267285734995], [-59.75593269963056, -3.1425267285734995], [-59.75593269963056, -3.1514963344715903]]]}, "id": "-6652,-351", "properties": {"cell_id": "c_-59.7514_-3.1470", "lat": -3.147011534747191, "lon": -59.75144112317101}}, {"type": "Feature", "geometry": {"type": "Polygon", "coordinates": [[[-60.20509034169033, -3.1425267285734995], [-60.19610718884913, -3.1425267285734995], [-60.19610718884913, -3.1335570455814987], [-60.20509034169033, -3.1335570455814987], [-60.20509034169033, -3.1425267285734995]]]}, "id": "-6702,-350", "properties": {"cell_id": "c_-60.2006_-3.1380", "lat": -3.1380418902787546, "lon": -60.20059876528254}}, {"type": "Feature", "geometry": {"type": "Polygon", "coordinates": [[[-60.19610718884913, -3.1425267285734995], [-60.18712403600794, -3.1425267285734995], [-60.18712403600794, -3.1335570455814987], [-60.19610718884913, -3.1335570455814987], [-60.19610718884913, -3.1425267285734995]]]}, "id": "-6701,-350", "properties": {"cell_id": "c_-60.1916_-3.1380", "lat": -3.1380418902837026, "lon": -60.191615612429466}}, {"type": "Feature", "geometry": {"type": "Polygon", "coordinates": [[[-60.18712403600794, -3.1425267285734995], [-60.17814088316674, -3.1425267285734995], [-60.17814088316674, -3.1335570455814987], [-60.18712403600794, -3.1335570455814987], [-60.18712403600794, -3.1425267285734995]]]}, "id": "-6700,-350", "properties": {"cell_id": "c_-60.1826_-3.1380", "lat": -3.1380418903082865, "lon": -60.18263245957268}}, {"type": "Feature", "geometry": {"type": "Polygon", "coordinates": [[[-60.17814088316674, -3.1425267285734995], [-60.16915773032555, -3.1425267285734995], [-60.16915773032555, -3.1335570455814987], [-60.17814088316674, -3.1335570455814987], [-60.17814088316674, -3.1425267285734995]]]}, "id": "-6699,-350", "properties": {"cell_id": "c_-60.1736_-3.1380", "lat": -3.138041890312266, "lon": -60.17364930674829}}, {"type": "Feature", "geometry": {"type": "Polygon", "coordinates": [[[-60.16915773032555, -3.1425267285734995], [-60.160174577484355, -3.1425267285734995], [-60.160174577484355, -3.1335570455814987], [-60.16915773032555, -3.1335570455814987], [-60.16915773032555, -3.1425267285734995]]]}, "id": "-6698,-350", "properties": {"cell_id": "c_-60.1647_-3.1380", "lat": -3.138041890298119, "lon": -60.16466615389965}}, {"type": "Feature", "geometry": {"type": "Polygon", "coordinates": [[[-60.160174577484355, -3.1425267285734995], [-60.15119142464316, -3.1425267285734995], [-60.15119142464316, -3.1335570455814987], [-60.160174577484355, -3.1335570455814987], [-60.160174577484355, -3.1425267285734995]]]}, "id": "-6697,-350", "properties": {"cell_id": "c_-60.1557_-3.1380", "lat": -3.1380418902834397, "lon": -60.15568300105502}}, {"type": "Feature", "geometry": {"type": "Polygon", "coordinates": [[[-60.15119142464316, -3.1425267285734995], [-60.14220827180196, -3.1425267285734995], [-60.14220827180196, -3.1335570455814987], [-60.15119142464316, -3.1335570455814987], [-60.15119142464316, -3.1425267285734995]]]}, "id": "-6696,-350", "properties": {"cell_id": "c_-60.1467_-3.1380", "lat": -3.1380418903034193, "lon": -60.14669984823566}}, {"type": "Feature", "geometry": {"type": "Polygon", "coordinates": [[[-60.14220827180196, -3.1425267285734995], [-60.133225118960766, -3.1425267285734995], [-60.133225118960766, -3.1335570455814987], [-60.14220827180196, -3.1335570455814987], [-60.14220827180196, -3.1425267285734995]]]}, "id": "-6695,-350", "properties": {"cell_id": "c_-60.1377_-3.1380", "lat": -3.1380418903077194, "lon": -60.137716695371964}}, {"type": "Feature", "geometry": {"type": "Polygon", "coordinates": [[[-60.133225118960766, -3.1425267285734995], [-60.12424196611957, -3.1425267285734995], [-60.12424196611957, -3.1335570455814987], [-60.133225118960766, -3.1335570455814987], [-60.133225118960766, -3.1425267285734995]]]}, "id": "-6694,-350", "properties": {"cell_id": "c_-60.1287_-3.1380", "lat": -3.138041890291295, "lon": -60.128733542545405}}, {"type": "Feature", "geometry": {"type": "Polygon", "coordinates": [[[-60.12424196611957, -3.1425267285734995], [-60.11525881327838, -3.1425267285734995], [-60.11525881327838, -3.1335570455814987], [-60.12424196611957, -3.1335570455814987], [-60.12424196611957, -3.1425267285734995]]]}, "id": "-6693,-350", "properties": {"cell_id": "c_-60.1198_-3.1380", "lat": -3.1380418902767904, "lon": -60.11975038968379}}, {"type": "Feature", "geometry": {"type": "Polygon", "coordinates": [[[-60.11525881327838, -3.1425267285734995], [-60.106275660437184, -3.1425267285734995], [-60.106275660437184, -3.1335570455814987], [-60.11525881327838, -3.1335570455814987], [-60.11525881327838, -3.1425267285734995]]]}, "id": "-6692,-350", "properties": {"cell_id": "c_-60.1108_-3.1380", "lat": -3.1380418902716896, "lon": -60.11076723687664}}, {"type": "Feature", "geometry": {"type": "Polygon", "coordinates": [[[-60.106275660437184, -3.1425267285734995], [-60.09729250759599, -3.1425267285734995], [-60.09729250759599, -3.1335570455814987], [-60.106275660437184, -3.1335570455814987], [-60.106275660437184, -3.1425267285734995]]]}, "id": "-6691,-350", "properties": {"cell_id": "c_-60.1018_-3.1380", "lat": -3.1380418902834735, "lon": -60.1017840840111}}, {"type": "Feature", "geometry": {"type": "Polygon", "coordinates": [[[-60.09729250759599, -3.1425267285734995], [-60.08830935475479, -3.1425267285734995], [-60.08830935475479, -3.1335570455814987], [-60.09729250759599, -3.1335570455814987], [-60.09729250759599, -3.1425267285734995]]]}, "id": "-6690,-350", "properties": {"cell_id": "c_-60.0928_-3.1380", "lat": -3.138041890276965, "lon": -60.09280093117893}}, {"type": "Feature", "geometry": {"type": "Polygon", "coordinates": [[[-60.08830935475479, -3.1425267285734995], [-60.079326201913595, -3.1425267285734995], [-60.079326201913595, -3.1335570455814987], [-60.08830935475479, -3.1335570455814987], [-60.08830935475479, -3.1425267285734995]]]}, "id": "-6689,-350", "properties": {"cell_id": "c_-60.0838_-3.1380", "lat": -3.1380418902646947, "lon": -60.08381777835325}}, {"type": "Feature", "geometry": {"type": "Polygon", "coordinates": [[[-60.079326201913595, -3.1425267285734995], [-60.0703430490724, -3.1425267285734995], [-60.0703430490724, -3.1335570455814987], [-60.079326201913595, -3.1335570455814987], [-60.079326201913595, -3.1425267285734995]]]}, "id": "-6688,-350", "properties": {"cell_id": "c_-60.0748_-3.1380", "lat": -3.138041890276775, "lon": -60.07483462546981}}, {"type": "Feature", "geometry": {"type": "Polygon", "coordinates": [[[-60.0703430490724, -3.1425267285734995], [-60.06135989623121, -3.1425267285734995], [-60.06135989623121, -3.1335570455814987], [-60.0703430490724, -3.1335570455814987], [-60.0703430490724, -3.1425267285734995]]]}, "id": "-6687,-350", "properties": {"cell_id": "c_-60.0659_-3.1380", "lat": -3.1380418902855016, "lon": -60.06585147263223}}, {"type": "Feature", "geometry": {"type": "Polygon", "coordinates": [[[-60.06135989623121, -3.1425267285734995], [-60.05237674339001, -3.1425267285734995], [-60.05237674339001, -3.1335570455814987], [-60.06135989623121, -3.1335570455814987], [-60.06135989623121, -3.1425267285734995]]]}, "id": "-6686,-350", "properties": {"cell_id": "c_-60.0569_-3.1380", "lat": -3.1380418902908738, "lon": -60.05686831985226}}, {"type": "Feature", "geometry": {"type": "Polygon", "coordinates": [[[-60.05237674339001, -3.1425267285734995], [-60.04339359054882, -3.1425267285734995], [-60.04339359054882, -3.1335570455814987], [-60.05237674339001, -3.1335570455814987], [-60.05237674339001, -3.1425267285734995]]]}, "id": "-6685,-350", "properties": {"cell_id": "c_-60.0479_-3.1380", "lat": -3.138041890300345, "lon": -60.04788516696674}}, {"type": "Feature", "geometry": {"type": "Polygon", "coordinates": [[[-60.04339359054882, -3.1425267285734995], [-60.03441043770762, -3.1425267285734995], [-60.03441043770762, -3.1335570455814987], [-60.04339359054882, -3.1335570455814987], [-60.04339359054882, -3.1425267285734995]]]}, "id": "-6684,-350", "properties": {"cell_id": "c_-60.0389_-3.1380", "lat": -3.1380418902912743, "lon": -60.03890201409497}}, {"type": "Feature", "geometry": {"type": "Polygon", "coordinates": [[[-60.03441043770762, -3.1425267285734995], [-60.025427284866424, -3.1425267285734995], [-60.025427284866424, -3.1335570455814987], [-60.03441043770762, -3.1335570455814987], [-60.03441043770762, -3.1425267285734995]]]}, "id": "-6683,-350", "properties": {"cell_id": "c_-60.0299_-3.1380", "lat": -3.1380418902812357, "lon": -60.02991886131595}}, {"type": "Feature", "geometry": {"type": "Polygon", "coordinates": [[[-60.025427284866424, -3.1425267285734995], [-60.01644413202522, -3.1425267285734995], [-60.01644413202522, -3.1335570455814987], [-60.025427284866424, -3.1335570455814987], [-60.025427284866424, -3.1425267285734995]]]}, "id": "-6682,-350", "properties": {"cell_id": "c_-60.0209_-3.1380", "lat": -3.1380418902827474, "lon": -60.02093570844169}}, {"type": "Feature", "geometry": {"type": "Polygon", "coordinates": [[[-60.01644413202522, -3.1425267285734995], [-60.00746097918404, -3.1425267285734995], [-60.00746097918404, -3.1335570455814987], [-60.01644413202522, -3.1335570455814987], [-60.01644413202522, -3.1425267285734995]]]}, "id": "-6681,-350", "properties": {"cell_id": "c_-60.0120_-3.1380", "lat": -3.138041890290735, "lon": -60.01195255560905}}, {"type": "Feature", "geometry": {"type": "Polygon", "coordinates": [[[-60.00746097918404, -3.1425267285734995], [-59.99847782634284, -3.1425267285734995], [-59.99847782634284, -3.1335570455814987], [-60.00746097918404, -3.1335570455814987], [-60.00746097918404, -3.1425267285734995]]]}, "id": "-6680,-350", "properties": {"cell_id": "c_-60.0030_-3.1380", "lat": -3.138041890295061, "lon": -60.00296940274413}}, {"type": "Feature", "geometry": {"type": "Polygon", "coordinates": [[[-59.99847782634284, -3.1425267285734995], [-59.989494673501646, -3.1425267285734995], [-59.989494673501646, -3.1335570455814987], [-59.99847782634284, -3.1335570455814987], [-59.99847782634284, -3.1425267285734995]]]}, "id": "-6679,-350", "properties": {"cell_id": "c_-59.9940_-3.1380", "lat": -3.138041890290658, "lon": -59.993986249952634}}, {"type": "Feature", "geometry": {"type": "Polygon", "coordinates": [[[-59.989494673501646, -3.1425267285734995], [-59.98051152066045, -3.1425267285734995], [-59.98051152066045, -3.1335570455814987], [-59.989494673501646, -3.1335570455814987], [-59.989494673501646, -3.1425267285734995]]]}, "id": "-6678,-350", "properties": {"cell_id": "c_-59.9850_-3.1380", "lat": -3.138041890295093, "lon": -59.98500309703205}}, {"type": "Feature", "geometry": {"type": "Polygon", "coordinates": [[[-59.98051152066045, -3.1425267285734995], [-59.971528367819246, -3.1425267285734995], [-59.971528367819246, -3.1335570455814987], [-59.98051152066045, -3.1335570455814987], [-59.98051152066045, -3.1425267285734995]]]}, "id": "-6677,-350", "properties": {"cell_id": "c_-59.9760_-3.1380", "lat": -3.1380418902982194, "lon": -59.976019944285405}}, {"type": "Feature", "geometry": {"type": "Polygon", "coordinates": [[[-59.971528367819246, -3.1425267285734995], [-59.96254521497805, -3.1425267285734995], [-59.96254521497805, -3.1335570455814987], [-59.971528367819246, -3.1335570455814987], [-59.971528367819246, -3.1425267285734995]]]}, "id": "-6676,-350", "properties": {"cell_id": "c_-59.9670_-3.1380", "lat": -3.138041890289882, "lon": -59.967036791351156}}, {"type": "Feature", "geometry": {"type": "Polygon", "coordinates": [[[-59.96254521497805, -3.1425267285734995], [-59.95356206213687, -3.1425267285734995], [-59.95356206213687, -3.1335570455814987], [-59.96254521497805, -3.1335570455814987], [-59.96254521497805, -3.1425267285734995]]]}, "id": "-6675,-350", "properties": {"cell_id": "c_-59.9581_-3.1380", "lat": -3.138041890292724, "lon": -59.95805363857449}}, {"type": "Feature", "geometry": {"type": "Polygon", "coordinates": [[[-59.95356206213687, -3.1425267285734995], [-59.94457890929567, -3.1425267285734995], [-59.94457890929567, -3.1335570455814987], [-59.95356206213687, -3.1335570455814987], [-59.95356206213687, -3.1425267285734995]]]}, "id": "-6674,-350", "properties": {"cell_id": "c_-59.9491_-3.1380", "lat": -3.1380418903016674, "lon": -59.94907048573114}}, {"type": "Feature", "geometry": {"type": "Polygon", "coordinates": [[[-59.94457890929567, -3.1425267285734995], [-59.935595756454475, -3.1425267285734995], [-59.935595756454475, -3.1335570455814987], [-59.94457890929567, -3.1335570455814987], [-59.94457890929567, -3.1425267285734995]]]}, "id": "-6673,-350", "properties": {"cell_id": "c_-59.9401_-3.1380", "lat": -3.138041890283919, "lon": -59.94008733286371}}, {"type": "Feature", "geometry": {"type": "Polygon", "coordinates": [[[-59.935595756454475, -3.1425267285734995], [-59.92661260361328, -3.1425267285734995], [-59.92661260361328, -3.1335570455814987], [-59.935595756454475, -3.1335570455814987], [-59.935595756454475, -3.1425267285734995]]]}, "id": "-6672,-350", "properties": {"cell_id": "c_-59.9311_-3.1380", "lat": -3.138041890284755, "lon": -59.93110418004378}}, {"type": "Feature", "geometry": {"type": "Polygon", "coordinates": [[[-59.92661260361328, -3.1425267285734995], [-59.917629450772075, -3.1425267285734995], [-59.917629450772075, -3.1335570455814987], [-59.92661260361328, -3.1335570455814987], [-59.92661260361328, -3.1425267285734995]]]}, "id": "-6671,-350", "properties": {"cell_id": "c_-59.9221_-3.1380", "lat": -3.1380418902940206, "lon": -59.9221210271819}}, {"type": "Feature", "geometry": {"type": "Polygon", "coordinates": [[[-59.917629450772075, -3.1425267285734995], [-59.90864629793088, -3.1425267285734995], [-59.90864629793088, -3.1335570455814987], [-59.917629450772075, -3.1335570455814987], [-59.917629450772075, -3.1425267285734995]]]}, "id": "-6670,-350", "properties": {"cell_id": "c_-59.9131_-3.1380", "lat": -3.1380418902913774, "lon": -59.913137874329344}}, {"type": "Feature", "geometry": {"type": "Polygon", "coordinates": [[[-59.90864629793088, -3.1425267285734995], [-59.8996631450897, -3.1425267285734995], [-59.8996631450897, -3.1335570455814987], [-59.90864629793088, -3.1335570455814987], [-59.90864629793088, -3.1425267285734995]]]}, "id": "-6669,-350", "properties": {"cell_id": "c_-59.9042_-3.1380", "lat": -3.138041890294375, "lon": -59.904154721534546}}, {"type": "Feature", "geometry": {"type": "Polygon", "coordinates": [[[-59.8996631450897, -3.1425267285734995], [-59.8906799922485, -3.1425267285734995], [-59.8906799922485, -3.1335570455814987], [-59.8996631450897, -3.1335570455814987], [-59.8996631450897, -3.1425267285734995]]]}, "id": "-6668,-350", "properties": {"cell_id": "c_-59.8952_-3.1380", "lat": -3.1380418902956326, "lon": -59.895171568665546}}, {"type": "Feature", "geometry": {"type": "Polygon", "coordinates": [[[-59.8906799922485, -3.1425267285734995], [-59.881696839407304, -3.1425267285734995], [-59.881696839407304, -3.1335570455814987], [-59.8906799922485, -3.1335570455814987], [-59.8906799922485, -3.1425267285734995]]]}, "id": "-6667,-350", "properties": {"cell_id": "c_-59.8862_-3.1380", "lat": -3.1380418902923557, "lon": -59.88618841582636}}, {"type": "Feature", "geometry": {"type": "Polygon", "coordinates": [[[-59.881696839407304, -3.1425267285734995], [-59.8727136865661, -3.1425267285734995], [-59.8727136865661, -3.1335570455814987], [-59.881696839407304, -3.1335570455814987], [-59.881696839407304, -3.1425267285734995]]]}, "id": "-6666,-350", "properties": {"cell_id": "c_-59.8772_-3.1380", "lat": -3.138041890302092, "lon": -59.87720526299508}}, {"type": "Feature", "geometry": {"type": "Polygon", "coordinates": [[[-59.8727136865661, -3.1425267285734995], [-59.863730533724905, -3.1425267285734995], [-59.863730533724905, -3.1335570455814987], [-59.8727136865661, -3.1335570455814987], [-59.8727136865661, -3.1425267285734995]]]}, "id": "-6665,-350", "properties": {"cell_id": "c_-59.8682_-3.1380", "lat": -3.1380418902999287, "lon": -59.86822211015721}}, {"type": "Feature", "geometry": {"type": "Polygon", "coordinates": [[[-59.863730533724905, -3.1425267285734995], [-59.85474738088371, -3.1425267285734995], [-59.85474738088371, -3.1335570455814987], [-59.863730533724905, -3.1335570455814987], [-59.863730533724905, -3.1425267285734995]]]}, "id": "-6664,-350", "properties": {"cell_id": "c_-59.8592_-3.1380", "lat": -3.138041890280235, "lon": -59.8592389572846}}, {"type": "Feature", "geometry": {"type": "Polygon", "coordinates": [[[-59.85474738088371, -3.1425267285734995], [-59.845764228042526, -3.1425267285734995], [-59.845764228042526, -3.1335570455814987], [-59.85474738088371, -3.1335570455814987], [-59.85474738088371, -3.1425267285734995]]]}, "id": "-6663,-350", "properties": {"cell_id": "c_-59.8503_-3.1380", "lat": -3.1380418902984553, "lon": -59.850255804481726}}, {"type": "Feature", "geometry": {"type": "Polygon", "coordinates": [[[-59.845764228042526, -3.1425267285734995], [-59.83678107520133, -3.1425267285734995], [-59.83678107520133, -3.1335570455814987], [-59.845764228042526, -3.1335570455814987], [-59.845764228042526, -3.1425267285734995]]]}, "id": "-6662,-350", "properties": {"cell_id": "c_-59.8413_-3.1380", "lat": -3.138041890301973, "lon": -59.841272651614545}}, {"type": "Feature", "geometry": {"type": "Polygon", "coordinates": [[[-59.83678107520133, -3.1425267285734995], [-59.827797922360126, -3.1425267285734995], [-59.827797922360126, -3.1335570455814987], [-59.83678107520133, -3.1335570455814987], [-59.83678107520133, -3.1425267285734995]]]}, "id": "-6661,-350", "properties": {"cell_id": "c_-59.8323_-3.1380", "lat": -3.138041890295292, "lon": -59.83228949878634}}, {"type": "Feature", "geometry": {"type": "Polygon", "coordinates": [[[-59.827797922360126, -3.1425267285734995], [-59.81881476951893, -3.1425267285734995], [-59.81881476951893, -3.1335570455814987], [-59.827797922360126, -3.1335570455814987], [-59.827797922360126, -3.1425267285734995]]]}, "id": "-6660,-350", "properties": {"cell_id": "c_-59.8233_-3.1380", "lat": -3.138041890288607, "lon": -59.823306345949796}}, {"type": "Feature", "geometry": {"type": "Polygon", "coordinates": [[[-59.81881476951893, -3.1425267285734995], [-59.809831616677734, -3.1425267285734995], [-59.809831616677734, -3.1335570455814987], [-59.81881476951893, -3.1335570455814987], [-59.81881476951893, -3.1425267285734995]]]}, "id": "-6659,-350", "properties": {"cell_id": "c_-59.8143_-3.1380", "lat": -3.13804189028192, "lon": -59.81432319307446}}, {"type": "Feature", "geometry": {"type": "Polygon", "coordinates": [[[-59.809831616677734, -3.1425267285734995], [-59.80084846383654, -3.1425267285734995], [-59.80084846383654, -3.1335570455814987], [-59.809831616677734, -3.1335570455814987], [-59.809831616677734, -3.1425267285734995]]]}, "id": "-6658,-350", "properties": {"cell_id": "c_-59.8053_-3.1380", "lat": -3.138041890300103, "lon": -59.80534004026258}}, {"type": "Feature", "geometry": {"type": "Polygon", "coordinates": [[[-59.80084846383654, -3.1425267285734995], [-59.791865310995355, -3.1425267285734995], [-59.791865310995355, -3.1335570455814987], [-59.80084846383654, -3.1335570455814987], [-59.80084846383654, -3.1425267285734995]]]}, "id": "-6657,-350", "properties": {"cell_id": "c_-59.7964_-3.1380", "lat": -3.1380418902978833, "lon": -59.7963568874236}}, {"type": "Feature", "geometry": {"type": "Polygon", "coordinates": [[[-59.791865310995355, -3.1425267285734995], [-59.78288215815416, -3.1425267285734995], [-59.78288215815416, -3.1335570455814987], [-59.791865310995355, -3.1335570455814987], [-59.791865310995355, -3.1425267285734995]]]}, "id": "-6656,-350", "properties": {"cell_id": "c_-59.7874_-3.1380", "lat": -3.1380418902927993, "lon": -59.78737373458804}}, {"type": "Feature", "geometry": {"type": "Polygon", "coordinates": [[[-59.78288215815416, -3.1425267285734995], [-59.773899005312956, -3.1425267285734995], [-59.773899005312956, -3.1335570455814987], [-59.78288215815416, -3.1335570455814987], [-59.78288215815416, -3.1425267285734995]]]}, "id": "-6655,-350", "properties": {"cell_id": "c_-59.7784_-3.1380", "lat": -3.138041890284851, "lon": -59.77839058172531}}, {"type": "Feature", "geometry": {"type": "Polygon", "coordinates": [[[-59.773899005312956, -3.1425267285734995], [-59.76491585247176, -3.1425267285734995], [-59.76491585247176, -3.1335570455814987], [-59.773899005312956, -3.1335570455814987], [-59.773899005312956, -3.1425267285734995]]]}, "id": "-6654,-350", "properties": {"cell_id": "c_-59.7694_-3.1380", "lat": -3.138041890271155, "lon": -59.76940742888373}}, {"type": "Feature", "geometry": {"type": "Polygon", "coordinates": [[[-59.76491585247176, -3.1425267285734995], [-59.75593269963056, -3.1425267285734995], [-59.75593269963056, -3.1335570455814987], [-59.76491585247176, -3.1335570455814987], [-59.76491585247176, -3.1425267285734995]]]}, "id": "-6653,-350", "properties": {"cell_id": "c_-59.7604_-3.1380", "lat": -3.138041890286752, "lon": -59.760424276070516}}, {"type": "Feature", "geometry": {"type": "Polygon", "coordinates": [[[-59.75593269963056, -3.1425267285734995], [-59.74694954678938, -3.1425267285734995], [-59.74694954678938, -3.1335570455814987], [-59.75593269963056, -3.1335570455814987], [-59.75593269963056, -3.1425267285734995]]]}, "id": "-6652,-350", "properties": {"cell_id": "c_-59.7514_-3.1380", "lat": -3.1380418902965914, "lon": -59.751441123178985}}, {"type": "Feature", "geometry": {"type": "Polygon", "coordinates": [[[-60.20509034169033, -3.1335570455814987], [-60.19610718884913, -3.1335570455814987], [-60.19610718884913, -3.124587285714804], [-60.20509034169033, -3.124587285714804], [-60.20509034169033, -3.1335570455814987]]]}, "id": "-6702,-349", "properties": {"cell_id": "c_-60.2006_-3.1291", "lat": -3.1290721688135728, "lon": -60.20059876526677}}, {"type": "Feature", "geometry": {"type": "Polygon", "coordinates": [[[-60.19610718884913, -3.1335570455814987], [-60.18712403600794, -3.1335570455814987], [-60.18712403600794, -3.124587285714804], [-60.19610718884913, -3.124587285714804], [-60.19610718884913, -3.1335570455814987]]]}, "id": "-6701,-349", "properties": {"cell_id": "c_-60.1916_-3.1291", "lat": -3.1290721688004153, "lon": -60.19161561243702}}, {"type": "Feature", "geometry": {"type": "Polygon", "coordinates": [[[-60.18712403600794, -3.1335570455814987], [-60.17814088316674, -3.1335570455814987], [-60.17814088316674, -3.124587285714804], [-60.18712403600794, -3.124587285714804], [-60.18712403600794, -3.1335570455814987]]]}, "id": "-6700,-349", "properties": {"cell_id": "c_-60.1826_-3.1291", "lat": -3.1290721687915326, "lon": -60.18263245958086}}, {"type": "Feature", "geometry": {"type": "Polygon", "coordinates": [[[-60.17814088316674, -3.1335570455814987], [-60.16915773032555, -3.1335570455814987], [-60.16915773032555, -3.124587285714804], [-60.17814088316674, -3.124587285714804], [-60.17814088316674, -3.1335570455814987]]]}, "id": "-6699,-349", "properties": {"cell_id": "c_-60.1736_-3.1291", "lat": -3.1290721687944254, "lon": -60.173649306746995}}, {"type": "Feature", "geometry": {"type": "Polygon", "coordinates": [[[-60.16915773032555, -3.1335570455814987], [-60.160174577484355, -3.1335570455814987], [-60.160174577484355, -3.124587285714804], [-60.16915773032555, -3.124587285714804], [-60.16915773032555, -3.1335570455814987]]]}, "id": "-6698,-349", "properties": {"cell_id": "c_-60.1647_-3.1291", "lat": -3.129072168801584, "lon": -60.16466615389395}}, {"type": "Feature", "geometry": {"type": "Polygon", "coordinates": [[[-60.160174577484355, -3.1335570455814987], [-60.15119142464316, -3.1335570455814987], [-60.15119142464316, -3.124587285714804], [-60.160174577484355, -3.124587285714804], [-60.160174577484355, -3.1335570455814987]]]}, "id": "-6697,-349", "properties": {"cell_id": "c_-60.1557_-3.1291", "lat": -3.1290721688029217, "lon": -60.15568300104737}}, {"type": "Feature", "geometry": {"type": "Polygon", "coordinates": [[[-60.15119142464316, -3.1335570455814987], [-60.14220827180196, -3.1335570455814987], [-60.14220827180196, -3.124587285714804], [-60.15119142464316, -3.124587285714804], [-60.15119142464316, -3.1335570455814987]]]}, "id": "-6696,-349", "properties": {"cell_id": "c_-60.1467_-3.1291", "lat": -3.129072168788341, "lon": -60.14669984824873}}, {"type": "Feature", "geometry": {"type": "Polygon", "coordinates": [[[-60.14220827180196, -3.1335570455814987], [-60.133225118960766, -3.1335570455814987], [-60.133225118960766, -3.124587285714804], [-60.14220827180196, -3.124587285714804], [-60.14220827180196, -3.1335570455814987]]]}, "id": "-6695,-349", "properties": {"cell_id": "c_-60.1377_-3.1291", "lat": -3.1290721687930323, "lon": -60.1377166953679}}, {"type": "Feature", "geometry": {"type": "Polygon", "coordinates": [[[-60.133225118960766, -3.1335570455814987], [-60.12424196611957, -3.1335570455814987], [-60.12424196611957, -3.124587285714804], [-60.133225118960766, -3.124587285714804], [-60.133225118960766, -3.1335570455814987]]]}, "id": "-6694,-349", "properties": {"cell_id": "c_-60.1287_-3.1291", "lat": -3.1290721688119487, "lon": -60.128733542551956}}, {"type": "Feature", "geometry": {"type": "Polygon", "coordinates": [[[-60.12424196611957, -3.1335570455814987], [-60.11525881327838, -3.1335570455814987], [-60.11525881327838, -3.124587285714804], [-60.12424196611957, -3.124587285714804], [-60.12424196611957, -3.1335570455814987]]]}, "id": "-6693,-349", "properties": {"cell_id": "c_-60.1198_-3.1291", "lat": -3.1290721688173906, "lon": -60.119750389668155}}, {"type": "Feature", "geometry": {"type": "Polygon", "coordinates": [[[-60.11525881327838, -3.1335570455814987], [-60.106275660437184, -3.1335570455814987], [-60.106275660437184, -3.124587285714804], [-60.11525881327838, -3.124587285714804], [-60.11525881327838, -3.1335570455814987]]]}, "id": "-6692,-349", "properties": {"cell_id": "c_-60.1108_-3.1291", "lat": -3.1290721688043073, "lon": -60.11076723687407}}, {"type": "Feature", "geometry": {"type": "Polygon", "coordinates": [[[-60.106275660437184, -3.1335570455814987], [-60.09729250759599, -3.1335570455814987], [-60.09729250759599, -3.124587285714804], [-60.106275660437184, -3.124587285714804], [-60.106275660437184, -3.1335570455814987]]]}, "id": "-6691,-349", "properties": {"cell_id": "c_-60.1018_-3.1291", "lat": -3.129072168795347, "lon": -60.101784084016494}}, {"type": "Feature", "geometry": {"type": "Polygon", "coordinates": [[[-60.09729250759599, -3.1335570455814987], [-60.08830935475479, -3.1335570455814987], [-60.08830935475479, -3.124587285714804], [-60.09729250759599, -3.124587285714804], [-60.09729250759599, -3.1335570455814987]]]}, "id": "-6690,-349", "properties": {"cell_id": "c_-60.0928_-3.1291", "lat": -3.1290721688105143, "lon": -60.09280093118218}}, {"type": "Feature", "geometry": {"type": "Polygon", "coordinates": [[[-60.08830935475479, -3.1335570455814987], [-60.079326201913595, -3.1335570455814987], [-60.079326201913595, -3.124587285714804], [-60.08830935475479, -3.124587285714804], [-60.08830935475479, -3.1335570455814987]]]}, "id": "-6689,-349", "properties": {"cell_id": "c_-60.0838_-3.1291", "lat": -3.1290721688271654, "lon": -60.083817778354366}}, {"type": "Feature", "geometry": {"type": "Polygon", "coordinates": [[[-60.079326201913595, -3.1335570455814987], [-60.0703430490724, -3.1335570455814987], [-60.0703430490724, -3.124587285714804], [-60.079326201913595, -3.124587285714804], [-60.079326201913595, -3.1335570455814987]]]}, "id": "-6688,-349", "properties": {"cell_id": "c_-60.0748_-3.1291", "lat": -3.1290721688050716, "lon": -60.07483462545867}}, {"type": "Feature", "geometry": {"type": "Polygon", "coordinates": [[[-60.0703430490724, -3.1335570455814987], [-60.06135989623121, -3.1335570455814987], [-60.06135989623121, -3.124587285714804], [-60.0703430490724, -3.124587285714804], [-60.0703430490724, -3.1335570455814987]]]}, "id": "-6687,-349", "properties": {"cell_id": "c_-60.0659_-3.1291", "lat": -3.129072168796988, "lon": -60.06585147264402}}, {"type": "Feature", "geometry": {"type": "Polygon", "coordinates": [[[-60.06135989623121, -3.1335570455814987], [-60.05237674339001, -3.1335570455814987], [-60.05237674339001, -3.124587285714804], [-60.06135989623121, -3.124587285714804], [-60.06135989623121, -3.1335570455814987]]]}, "id": "-6686,-349", "properties": {"cell_id": "c_-60.0569_-3.1291", "lat": -3.1290721688154295, "lon": -60.05686831986433}}, {"type": "Feature", "geometry": {"type": "Polygon", "coordinates": [[[-60.05237674339001, -3.1335570455814987], [-60.04339359054882, -3.1335570455814987], [-60.04339359054882, -3.124587285714804], [-60.05237674339001, -3.124587285714804], [-60.05237674339001, -3.1335570455814987]]]}, "id": "-6685,-349", "properties": {"cell_id": "c_-60.0479_-3.1291", "lat": -3.1290721688026015, "lon": -60.047885166951325}}, {"type": "Feature", "geometry": {"type": "Polygon", "coordinates": [[[-60.04339359054882, -3.1335570455814987], [-60.03441043770762, -3.1335570455814987], [-60.03441043770762, -3.124587285714804], [-60.04339359054882, -3.124587285714804], [-60.04339359054882, -3.1335570455814987]]]}, "id": "-6684,-349", "properties": {"cell_id": "c_-60.0389_-3.1291", "lat": -3.1290721687960503, "lon": -60.038902014094745}}, {"type": "Feature", "geometry": {"type": "Polygon", "coordinates": [[[-60.03441043770762, -3.1335570455814987], [-60.025427284866424, -3.1335570455814987], [-60.025427284866424, -3.124587285714804], [-60.03441043770762, -3.124587285714804], [-60.03441043770762, -3.1335570455814987]]]}, "id": "-6683,-349", "properties": {"cell_id": "c_-60.0299_-3.1291", "lat": -3.12907216881334, "lon": -60.02991886132346}}, {"type": "Feature", "geometry": {"type": "Polygon", "coordinates": [[[-60.025427284866424, -3.1335570455814987], [-60.01644413202522, -3.1335570455814987], [-60.01644413202522, -3.124587285714804], [-60.025427284866424, -3.124587285714804], [-60.025427284866424, -3.1335570455814987]]]}, "id": "-6682,-349", "properties": {"cell_id": "c_-60.0209_-3.1291", "lat": -3.129072168819321, "lon": -60.02093570844169}}, {"type": "Feature", "geometry": {"type": "Polygon", "coordinates": [[[-60.01644413202522, -3.1335570455814987], [-60.00746097918404, -3.1335570455814987], [-60.00746097918404, -3.124587285714804], [-60.01644413202522, -3.124587285714804], [-60.01644413202522, -3.1335570455814987]]]}, "id": "-6681,-349", "properties": {"cell_id": "c_-60.0120_-3.1291", "lat": -3.1290721687987952, "lon": -60.011952555596494}}, {"type": "Feature", "geometry": {"type": "Polygon", "coordinates": [[[-60.00746097918404, -3.1335570455814987], [-59.99847782634284, -3.1335570455814987], [-59.99847782634284, -3.124587285714804], [-60.00746097918404, -3.124587285714804], [-60.00746097918404, -3.1335570455814987]]]}, "id": "-6680,-349", "properties": {"cell_id": "c_-60.0030_-3.1291", "lat": -3.129072168791976, "lon": -60.0029694027542}}, {"type": "Feature", "geometry": {"type": "Polygon", "coordinates": [[[-59.99847782634284, -3.1335570455814987], [-59.989494673501646, -3.1335570455814987], [-59.989494673501646, -3.124587285714804], [-59.99847782634284, -3.124587285714804], [-59.99847782634284, -3.1335570455814987]]]}, "id": "-6679,-349", "properties": {"cell_id": "c_-59.9940_-3.1291", "lat": -3.1290721687937895, "lon": -59.993986249939965}}, {"type": "Feature", "geometry": {"type": "Polygon", "coordinates": [[[-59.989494673501646, -3.1335570455814987], [-59.98051152066045, -3.1335570455814987], [-59.98051152066045, -3.124587285714804], [-59.989494673501646, -3.124587285714804], [-59.989494673501646, -3.1335570455814987]]]}, "id": "-6678,-349", "properties": {"cell_id": "c_-59.9850_-3.1291", "lat": -3.1290721687940986, "lon": -59.98500309704946}}, {"type": "Feature", "geometry": {"type": "Polygon", "coordinates": [[[-59.98051152066045, -3.1335570455814987], [-59.971528367819246, -3.1335570455814987], [-59.971528367819246, -3.124587285714804], [-59.98051152066045, -3.124587285714804], [-59.98051152066045, -3.1335570455814987]]]}, "id": "-6677,-349", "properties": {"cell_id": "c_-59.9760_-3.1291", "lat": -3.1290721688104672, "lon": -59.97601994428753}}, {"type": "Feature", "geometry": {"type": "Polygon", "coordinates": [[[-59.971528367819246, -3.1335570455814987], [-59.96254521497805, -3.1335570455814987], [-59.96254521497805, -3.124587285714804], [-59.971528367819246, -3.124587285714804], [-59.971528367819246, -3.1335570455814987]]]}, "id": "-6676,-349", "properties": {"cell_id": "c_-59.9670_-3.1291", "lat": -3.1290721688101066, "lon": -59.967036791340334}}, {"type": "Feature", "geometry": {"type": "Polygon", "coordinates": [[[-59.96254521497805, -3.1335570455814987], [-59.95356206213687, -3.1335570455814987], [-59.95356206213687, -3.124587285714804], [-59.96254521497805, -3.124587285714804], [-59.96254521497805, -3.1335570455814987]]]}, "id": "-6675,-349", "properties": {"cell_id": "c_-59.9581_-3.1291", "lat": -3.1290721688054988, "lon": -59.95805363858355}}, {"type": "Feature", "geometry": {"type": "Polygon", "coordinates": [[[-59.95356206213687, -3.1335570455814987], [-59.94457890929567, -3.1335570455814987], [-59.94457890929567, -3.124587285714804], [-59.95356206213687, -3.124587285714804], [-59.95356206213687, -3.1335570455814987]]]}, "id": "-6674,-349", "properties": {"cell_id": "c_-59.9491_-3.1291", "lat": -3.129072168801724, "lon": -59.94907048572726}}, {"type": "Feature", "geometry": {"type": "Polygon", "coordinates": [[[-59.94457890929567, -3.1335570455814987], [-59.935595756454475, -3.1335570455814987], [-59.935595756454475, -3.124587285714804], [-59.94457890929567, -3.124587285714804], [-59.94457890929567, -3.1335570455814987]]]}, "id": "-6673,-349", "properties": {"cell_id": "c_-59.9401_-3.1291", "lat": -3.129072168811266, "lon": -59.940087332859385}}, {"type": "Feature", "geometry": {"type": "Polygon", "coordinates": [[[-59.935595756454475, -3.1335570455814987], [-59.92661260361328, -3.1335570455814987], [-59.92661260361328, -3.124587285714804], [-59.935595756454475, -3.124587285714804], [-59.935595756454475, -3.1335570455814987]]]}, "id": "-6672,-349", "properties": {"cell_id": "c_-59.9311_-3.1291", "lat": -3.1290721688188836, "lon": -59.931104180056586}}, {"type": "Feature", "geometry": {"type": "Polygon", "coordinates": [[[-59.92661260361328, -3.1335570455814987], [-59.917629450772075, -3.1335570455814987], [-59.917629450772075, -3.124587285714804], [-59.92661260361328, -3.124587285714804], [-59.92661260361328, -3.1335570455814987]]]}, "id": "-6671,-349", "properties": {"cell_id": "c_-59.9221_-3.1291", "lat": -3.1290721688070176, "lon": -59.9221210271665}}, {"type": "Feature", "geometry": {"type": "Polygon", "coordinates": [[[-59.917629450772075, -3.1335570455814987], [-59.90864629793088, -3.1335570455814987], [-59.90864629793088, -3.124587285714804], [-59.917629450772075, -3.124587285714804], [-59.917629450772075, -3.1335570455814987]]]}, "id": "-6670,-349", "properties": {"cell_id": "c_-59.9131_-3.1291", "lat": -3.129072168810784, "lon": -59.91313787434588}}, {"type": "Feature", "geometry": {"type": "Polygon", "coordinates": [[[-59.90864629793088, -3.1335570455814987], [-59.8996631450897, -3.1335570455814987], [-59.8996631450897, -3.124587285714804], [-59.90864629793088, -3.124587285714804], [-59.90864629793088, -3.1335570455814987]]]}, "id": "-6669,-349", "properties": {"cell_id": "c_-59.9042_-3.1291", "lat": -3.129072168809843, "lon": -59.90415472152008}}, {"type": "Feature", "geometry": {"type": "Polygon", "coordinates": [[[-59.8996631450897, -3.1335570455814987], [-59.8906799922485, -3.1335570455814987], [-59.8906799922485, -3.124587285714804], [-59.8996631450897, -3.124587285714804], [-59.8996631450897, -3.1335570455814987]]]}, "id": "-6668,-349", "properties": {"cell_id": "c_-59.8952_-3.1291", "lat": -3.129072168814363, "lon": -59.89517156868582}}, {"type": "Feature", "geometry": {"type": "Polygon", "coordinates": [[[-59.8906799922485, -3.1335570455814987], [-59.881696839407304, -3.1335570455814987], [-59.881696839407304, -3.124587285714804], [-59.8906799922485, -3.124587285714804], [-59.8906799922485, -3.1335570455814987]]]}, "id": "-6667,-349", "properties": {"cell_id": "c_-59.8862_-3.1291", "lat": -3.1290721688243512, "lon": -59.88618841581281}}, {"type": "Feature", "geometry": {"type": "Polygon", "coordinates": [[[-59.881696839407304, -3.1335570455814987], [-59.8727136865661, -3.1335570455814987], [-59.8727136865661, -3.124587285714804], [-59.881696839407304, -3.124587285714804], [-59.881696839407304, -3.1335570455814987]]]}, "id": "-6666,-349", "properties": {"cell_id": "c_-59.8772_-3.1291", "lat": -3.1290721688092757, "lon": -59.87720526300327}}, {"type": "Feature", "geometry": {"type": "Polygon", "coordinates": [[[-59.8727136865661, -3.1335570455814987], [-59.863730533724905, -3.1335570455814987], [-59.863730533724905, -3.124587285714804], [-59.8727136865661, -3.124587285714804], [-59.8727136865661, -3.1335570455814987]]]}, "id": "-6665,-349", "properties": {"cell_id": "c_-59.8682_-3.1291", "lat": -3.1290721688042247, "lon": -59.868222110141794}}, {"type": "Feature", "geometry": {"type": "Polygon", "coordinates": [[[-59.863730533724905, -3.1335570455814987], [-59.85474738088371, -3.1335570455814987], [-59.85474738088371, -3.124587285714804], [-59.863730533724905, -3.124587285714804], [-59.863730533724905, -3.1335570455814987]]]}, "id": "-6664,-349", "properties": {"cell_id": "c_-59.8592_-3.1291", "lat": -3.1290721688120158, "lon": -59.859238957288085}}, {"type": "Feature", "geometry": {"type": "Polygon", "coordinates": [[[-59.85474738088371, -3.1335570455814987], [-59.845764228042526, -3.1335570455814987], [-59.845764228042526, -3.124587285714804], [-59.85474738088371, -3.124587285714804], [-59.85474738088371, -3.1335570455814987]]]}, "id": "-6663,-349", "properties": {"cell_id": "c_-59.8503_-3.1291", "lat": -3.1290721687947434, "lon": -59.850255804479175}}, {"type": "Feature", "geometry": {"type": "Polygon", "coordinates": [[[-59.845764228042526, -3.1335570455814987], [-59.83678107520133, -3.1335570455814987], [-59.83678107520133, -3.124587285714804], [-59.845764228042526, -3.124587285714804], [-59.845764228042526, -3.1335570455814987]]]}, "id": "-6662,-349", "properties": {"cell_id": "c_-59.8413_-3.1291", "lat": -3.129072168784661, "lon": -59.8412726516105}}, {"type": "Feature", "geometry": {"type": "Polygon", "coordinates": [[[-59.83678107520133, -3.1335570455814987], [-59.827797922360126, -3.1335570455814987], [-59.827797922360126, -3.124587285714804], [-59.83678107520133, -3.124587285714804], [-59.83678107520133, -3.1335570455814987]]]}, "id": "-6661,-349", "properties": {"cell_id": "c_-59.8323_-3.1291", "lat": -3.12907216880214, "lon": -59.832289498801195}}, {"type": "Feature", "geometry": {"type": "Polygon", "coordinates": [[[-59.827797922360126, -3.1335570455814987], [-59.81881476951893, -3.1335570455814987], [-59.81881476951893, -3.124587285714804], [-59.827797922360126, -3.124587285714804], [-59.827797922360126, -3.1335570455814987]]]}, "id": "-6660,-349", "properties": {"cell_id": "c_-59.8233_-3.1291", "lat": -3.129072168819454, "lon": -59.82330634594559}}, {"type": "Feature", "geometry": {"type": "Polygon", "coordinates": [[[-59.81881476951893, -3.1335570455814987], [-59.809831616677734, -3.1335570455814987], [-59.809831616677734, -3.124587285714804], [-59.81881476951893, -3.124587285714804], [-59.81881476951893, -3.1335570455814987]]]}, "id": "-6659,-349", "properties": {"cell_id": "c_-59.8143_-3.1291", "lat": -3.1290721688162133, "lon": -59.81432319306873}}, {"type": "Feature", "geometry": {"type": "Polygon", "coordinates": [[[-59.809831616677734, -3.1335570455814987], [-59.80084846383654, -3.1335570455814987], [-59.80084846383654, -3.124587285714804], [-59.809831616677734, -3.124587285714804], [-59.809831616677734, -3.1335570455814987]]]}, "id": "-6658,-349", "properties": {"cell_id": "c_-59.8053_-3.1291", "lat": -3.129072168792417, "lon": -59.805340040262685}}, {"type": "Feature", "geometry": {"type": "Polygon", "coordinates": [[[-59.80084846383654, -3.1335570455814987], [-59.791865310995355, -3.1335570455814987], [-59.791865310995355, -3.124587285714804], [-59.80084846383654, -3.124587285714804], [-59.80084846383654, -3.1335570455814987]]]}, "id": "-6657,-349", "properties": {"cell_id": "c_-59.7964_-3.1291", "lat": -3.1290721687904632, "lon": -59.79635688741932}}, {"type": "Feature", "geometry": {"type": "Polygon", "coordinates": [[[-59.791865310995355, -3.1335570455814987], [-59.78288215815416, -3.1335570455814987], [-59.78288215815416, -3.124587285714804], [-59.791865310995355, -3.124587285714804], [-59.791865310995355, -3.1335570455814987]]]}, "id": "-6656,-349", "properties": {"cell_id": "c_-59.7874_-3.1291", "lat": -3.1290721688030128, "lon": -59.787373734599804}}, {"type": "Feature", "geometry": {"type": "Polygon", "coordinates": [[[-59.78288215815416, -3.1335570455814987], [-59.773899005312956, -3.1335570455814987], [-59.773899005312956, -3.124587285714804], [-59.78288215815416, -3.124587285714804], [-59.78288215815416, -3.1335570455814987]]]}, "id": "-6655,-349", "properties": {"cell_id": "c_-59.7784_-3.1291", "lat": -3.12907216880234, "lon": -59.77839058170492}}, {"type": "Feature", "geometry": {"type": "Polygon", "coordinates": [[[-59.773899005312956, -3.1335570455814987], [-59.76491585247176, -3.1335570455814987], [-59.76491585247176, -3.124587285714804], [-59.773899005312956, -3.124587285714804], [-59.773899005312956, -3.1335570455814987]]]}, "id": "-6654,-349", "properties": {"cell_id": "c_-59.7694_-3.1291", "lat": -3.12907216879576, "lon": -59.769407428883824}}, {"type": "Feature", "geometry": {"type": "Polygon", "coordinates": [[[-59.76491585247176, -3.1335570455814987], [-59.75593269963056, -3.1335570455814987], [-59.75593269963056, -3.124587285714804], [-59.76491585247176, -3.124587285714804], [-59.76491585247176, -3.1335570455814987]]]}, "id": "-6653,-349", "properties": {"cell_id": "c_-59.7604_-3.1291", "lat": -3.1290721687934946, "lon": -59.76042427608378}}, {"type": "Feature", "geometry": {"type": "Polygon", "coordinates": [[[-59.75593269963056, -3.1335570455814987], [-59.74694954678938, -3.1335570455814987], [-59.74694954678938, -3.124587285714804], [-59.75593269963056, -3.124587285714804], [-59.75593269963056, -3.1335570455814987]]]}, "id": "-6652,-349", "properties": {"cell_id": "c_-59.7514_-3.1291", "lat": -3.1290721687926437, "lon": -59.751441123174715}}, {"type": "Feature", "geometry": {"type": "Polygon", "coordinates": [[[-60.20509034169033, -3.124587285714804], [-60.19610718884913, -3.124587285714804], [-60.19610718884913, -3.115617449192556], [-60.20509034169033, -3.115617449192556], [-60.20509034169033, -3.124587285714804]]]}, "id": "-6702,-348", "properties": {"cell_id": "c_-60.2006_-3.1201", "lat": -3.120102370636669, "lon": -60.20059876527451}}, {"type": "Feature", "geometry": {"type": "Polygon", "coordinates": [[[-60.19610718884913, -3.124587285714804], [-60.18712403600794, -3.124587285714804], [-60.18712403600794, -3.115617449192556], [-60.19610718884913, -3.115617449192556], [-60.19610718884913, -3.124587285714804]]]}, "id": "-6701,-348", "properties": {"cell_id": "c_-60.1916_-3.1201", "lat": -3.1201023706480524, "lon": -60.191615612427505}}, {"type": "Feature", "geometry": {"type": "Polygon", "coordinates": [[[-60.18712403600794, -3.124587285714804], [-60.17814088316674, -3.124587285714804], [-60.17814088316674, -3.115617449192556], [-60.18712403600794, -3.115617449192556], [-60.18712403600794, -3.124587285714804]]]}, "id": "-6700,-348", "properties": {"cell_id": "c_-60.1826_-3.1201", "lat": -3.120102370640799, "lon": -60.182632459574194}}, {"type": "Feature", "geometry": {"type": "Polygon", "coordinates": [[[-60.17814088316674, -3.124587285714804], [-60.16915773032555, -3.124587285714804], [-60.16915773032555, -3.115617449192556], [-60.17814088316674, -3.115617449192556], [-60.17814088316674, -3.124587285714804]]]}, "id": "-6699,-348", "properties": {"cell_id": "c_-60.1736_-3.1201", "lat": -3.1201023706325115, "lon": -60.17364930674825}}, {"type": "Feature", "geometry": {"type": "Polygon", "coordinates": [[[-60.16915773032555, -3.124587285714804], [-60.160174577484355, -3.124587285714804], [-60.160174577484355, -3.115617449192556], [-60.16915773032555, -3.115617449192556], [-60.16915773032555, -3.124587285714804]]]}, "id": "-6698,-348", "properties": {"cell_id": "c_-60.1647_-3.1201", "lat": -3.120102370635748, "lon": -60.16466615390311}}, {"type": "Feature", "geometry": {"type": "Polygon", "coordinates": [[[-60.160174577484355, -3.124587285714804], [-60.15119142464316, -3.124587285714804], [-60.15119142464316, -3.115617449192556], [-60.160174577484355, -3.115617449192556], [-60.160174577484355, -3.124587285714804]]]}, "id": "-6697,-348", "properties": {"cell_id": "c_-60.1557_-3.1201", "lat": -3.1201023706404123, "lon": -60.15568300104423}}, {"type": "Feature", "geometry": {"type": "Polygon", "coordinates": [[[-60.15119142464316, -3.124587285714804], [-60.14220827180196, -3.124587285714804], [-60.14220827180196, -3.115617449192556], [-60.15119142464316, -3.115617449192556], [-60.15119142464316, -3.124587285714804]]]}, "id": "-6696,-348", "properties": {"cell_id": "c_-60.1467_-3.1201", "lat": -3.120102370641458, "lon": -60.14669984823832}}, {"type": "Feature", "geometry": {"type": "Polygon", "coordinates": [[[-60.14220827180196, -3.124587285714804], [-60.133225118960766, -3.124587285714804], [-60.133225118960766, -3.115617449192556], [-60.14220827180196, -3.115617449192556], [-60.14220827180196, -3.124587285714804]]]}, "id": "-6695,-348", "properties": {"cell_id": "c_-60.1377_-3.1201", "lat": -3.1201023706388846, "lon": -60.13771669538042}}, {"type": "Feature", "geometry": {"type": "Polygon", "coordinates": [[[-60.133225118960766, -3.124587285714804], [-60.12424196611957, -3.124587285714804], [-60.12424196611957, -3.115617449192556], [-60.133225118960766, -3.115617449192556], [-60.133225118960766, -3.124587285714804]]]}, "id": "-6694,-348", "properties": {"cell_id": "c_-60.1287_-3.1201", "lat": -3.1201023706401894, "lon": -60.12873354255968}}, {"type": "Feature", "geometry": {"type": "Polygon", "coordinates": [[[-60.12424196611957, -3.124587285714804], [-60.11525881327838, -3.124587285714804], [-60.11525881327838, -3.115617449192556], [-60.12424196611957, -3.115617449192556], [-60.12424196611957, -3.124587285714804]]]}, "id": "-6693,-348", "properties": {"cell_id": "c_-60.1198_-3.1201", "lat": -3.120102370640317, "lon": -60.119750389666}}, {"type": "Feature", "geometry": {"type": "Polygon", "coordinates": [[[-60.11525881327838, -3.124587285714804], [-60.106275660437184, -3.124587285714804], [-60.106275660437184, -3.115617449192556], [-60.11525881327838, -3.115617449192556], [-60.11525881327838, -3.124587285714804]]]}, "id": "-6692,-348", "properties": {"cell_id": "c_-60.1108_-3.1201", "lat": -3.120102370639268, "lon": -60.11076723686206}}, {"type": "Feature", "geometry": {"type": "Polygon", "coordinates": [[[-60.106275660437184, -3.124587285714804], [-60.09729250759599, -3.124587285714804], [-60.09729250759599, -3.115617449192556], [-60.106275660437184, -3.115617449192556], [-60.106275660437184, -3.124587285714804]]]}, "id": "-6691,-348", "properties": {"cell_id": "c_-60.1018_-3.1201", "lat": -3.120102370644526, "lon": -60.10178408402479}}, {"type": "Feature", "geometry": {"type": "Polygon", "coordinates": [[[-60.09729250759599, -3.124587285714804], [-60.08830935475479, -3.124587285714804], [-60.08830935475479, -3.115617449192556], [-60.09729250759599, -3.115617449192556], [-60.09729250759599, -3.124587285714804]]]}, "id": "-6690,-348", "properties": {"cell_id": "c_-60.0928_-3.1201", "lat": -3.1201023706385014, "lon": -60.09280093118305}}, {"type": "Feature", "geometry": {"type": "Polygon", "coordinates": [[[-60.08830935475479, -3.124587285714804], [-60.079326201913595, -3.124587285714804], [-60.079326201913595, -3.115617449192556], [-60.08830935475479, -3.115617449192556], [-60.08830935475479, -3.124587285714804]]]}, "id": "-6689,-348", "properties": {"cell_id": "c_-60.0838_-3.1201", "lat": -3.1201023706286737, "lon": -60.083817778360334}}, {"type": "Feature", "geometry": {"type": "Polygon", "coordinates": [[[-60.079326201913595, -3.124587285714804], [-60.0703430490724, -3.124587285714804], [-60.0703430490724, -3.115617449192556], [-60.079326201913595, -3.115617449192556], [-60.079326201913595, -3.124587285714804]]]}, "id": "-6688,-348", "properties": {"cell_id": "c_-60.0748_-3.1201", "lat": -3.120102370645148, "lon": -60.07483462544705}}, {"type": "Feature", "geometry": {"type": "Polygon", "coordinates": [[[-60.0703430490724, -3.124587285714804], [-60.06135989623121, -3.124587285714804], [-60.06135989623121, -3.115617449192556], [-60.0703430490724, -3.115617449192556], [-60.0703430490724, -3.124587285714804]]]}, "id": "-6687,-348", "properties": {"cell_id": "c_-60.0659_-3.1201", "lat": -3.120102370647696, "lon": -60.06585147265007}}, {"type": "Feature", "geometry": {"type": "Polygon", "coordinates": [[[-60.06135989623121, -3.124587285714804], [-60.05237674339001, -3.124587285714804], [-60.05237674339001, -3.115617449192556], [-60.06135989623121, -3.115617449192556], [-60.06135989623121, -3.124587285714804]]]}, "id": "-6686,-348", "properties": {"cell_id": "c_-60.0569_-3.1201", "lat": -3.1201023706312614, "lon": -60.05686831986028}}, {"type": "Feature", "geometry": {"type": "Polygon", "coordinates": [[[-60.05237674339001, -3.124587285714804], [-60.04339359054882, -3.124587285714804], [-60.04339359054882, -3.115617449192556], [-60.05237674339001, -3.115617449192556], [-60.05237674339001, -3.124587285714804]]]}, "id": "-6685,-348", "properties": {"cell_id": "c_-60.0479_-3.1201", "lat": -3.1201023706435174, "lon": -60.0478851669548}}, {"type": "Feature", "geometry": {"type": "Polygon", "coordinates": [[[-60.04339359054882, -3.124587285714804], [-60.03441043770762, -3.124587285714804], [-60.03441043770762, -3.115617449192556], [-60.04339359054882, -3.115617449192556], [-60.04339359054882, -3.124587285714804]]]}, "id": "-6684,-348", "properties": {"cell_id": "c_-60.0389_-3.1201", "lat": -3.120102370649308, "lon": -60.03890201409051}}, {"type": "Feature", "geometry": {"type": "Polygon", "coordinates": [[[-60.03441043770762, -3.124587285714804], [-60.025427284866424, -3.124587285714804], [-60.025427284866424, -3.115617449192556], [-60.03441043770762, -3.115617449192556], [-60.03441043770762, -3.124587285714804]]]}, "id": "-6683,-348", "properties": {"cell_id": "c_-60.0299_-3.1201", "lat": -3.1201023706385067, "lon": -60.02991886133418}}, {"type": "Feature", "geometry": {"type": "Polygon", "coordinates": [[[-60.025427284866424, -3.124587285714804], [-60.01644413202522, -3.124587285714804], [-60.01644413202522, -3.115617449192556], [-60.025427284866424, -3.115617449192556], [-60.025427284866424, -3.124587285714804]]]}, "id": "-6682,-348", "properties": {"cell_id": "c_-60.0209_-3.1201", "lat": -3.1201023706411983, "lon": -60.02093570843965}}, {"type": "Feature", "geometry": {"type": "Polygon", "coordinates": [[[-60.01644413202522, -3.124587285714804], [-60.00746097918404, -3.124587285714804], [-60.00746097918404, -3.115617449192556], [-60.01644413202522, -3.115617449192556], [-60.01644413202522, -3.124587285714804]]]}, "id": "-6681,-348", "properties": {"cell_id": "c_-60.0120_-3.1201", "lat": -3.12010237065231, "lon": -60.011952555589104}}, {"type": "Feature", "geometry": {"type": "Polygon", "coordinates": [[[-60.00746097918404, -3.124587285714804], [-59.99847782634284, -3.124587285714804], [-59.99847782634284, -3.115617449192556], [-60.00746097918404, -3.115617449192556], [-60.00746097918404, -3.124587285714804]]]}, "id": "-6680,-348", "properties": {"cell_id": "c_-60.0030_-3.1201", "lat": -3.1201023706617006, "lon": -60.00296940276415}}, {"type": "Feature", "geometry": {"type": "Polygon", "coordinates": [[[-59.99847782634284, -3.124587285714804], [-59.989494673501646, -3.124587285714804], [-59.989494673501646, -3.115617449192556], [-59.99847782634284, -3.115617449192556], [-59.99847782634284, -3.124587285714804]]]}, "id": "-6679,-348", "properties": {"cell_id": "c_-59.9940_-3.1201", "lat": -3.120102370656876, "lon": -59.99398624992701}}, {"type": "Feature", "geometry": {"type": "Polygon", "coordinates": [[[-59.989494673501646, -3.124587285714804], [-59.98051152066045, -3.124587285714804], [-59.98051152066045, -3.115617449192556], [-59.989494673501646, -3.115617449192556], [-59.989494673501646, -3.124587285714804]]]}, "id": "-6678,-348", "properties": {"cell_id": "c_-59.9850_-3.1201", "lat": -3.120102370662826, "lon": -59.98500309706869}}, {"type": "Feature", "geometry": {"type": "Polygon", "coordinates": [[[-59.98051152066045, -3.124587285714804], [-59.971528367819246, -3.124587285714804], [-59.971528367819246, -3.115617449192556], [-59.98051152066045, -3.115617449192556], [-59.98051152066045, -3.124587285714804]]]}, "id": "-6677,-348", "properties": {"cell_id": "c_-59.9760_-3.1201", "lat": -3.12010237065184, "lon": -59.97601994427367}}, {"type": "Feature", "geometry": {"type": "Polygon", "coordinates": [[[-59.971528367819246, -3.124587285714804], [-59.96254521497805, -3.124587285714804], [-59.96254521497805, -3.115617449192556], [-59.971528367819246, -3.115617449192556], [-59.971528367819246, -3.124587285714804]]]}, "id": "-6676,-348", "properties": {"cell_id": "c_-59.9670_-3.1201", "lat": -3.1201023706465576, "lon": -59.96703679134851}}, {"type": "Feature", "geometry": {"type": "Polygon", "coordinates": [[[-59.96254521497805, -3.124587285714804], [-59.95356206213687, -3.124587285714804], [-59.95356206213687, -3.115617449192556], [-59.96254521497805, -3.115617449192556], [-59.96254521497805, -3.124587285714804]]]}, "id": "-6675,-348", "properties": {"cell_id": "c_-59.9581_-3.1201", "lat": -3.1201023706543953, "lon": -59.95805363857858}}, {"type": "Feature", "geometry": {"type": "Polygon", "coordinates": [[[-59.95356206213687, -3.124587285714804], [-59.94457890929567, -3.124587285714804], [-59.94457890929567, -3.115617449192556], [-59.95356206213687, -3.115617449192556], [-59.95356206213687, -3.124587285714804]]]}, "id": "-6674,-348", "properties": {"cell_id": "c_-59.9491_-3.1201", "lat": -3.120102370642549, "lon": -59.949070485716575}}, {"type": "Feature", "geometry": {"type": "Polygon", "coordinates": [[[-59.94457890929567, -3.124587285714804], [-59.935595756454475, -3.124587285714804], [-59.935595756454475, -3.115617449192556], [-59.94457890929567, -3.115617449192556], [-59.94457890929567, -3.124587285714804]]]}, "id": "-6673,-348", "properties": {"cell_id": "c_-59.9401_-3.1201", "lat": -3.120102370633658, "lon": -59.94008733287073}}, {"type": "Feature", "geometry": {"type": "Polygon", "coordinates": [[[-59.935595756454475, -3.124587285714804], [-59.92661260361328, -3.124587285714804], [-59.92661260361328, -3.115617449192556], [-59.935595756454475, -3.115617449192556], [-59.935595756454475, -3.124587285714804]]]}, "id": "-6672,-348", "properties": {"cell_id": "c_-59.9311_-3.1201", "lat": -3.120102370637894, "lon": -59.931104180057105}}, {"type": "Feature", "geometry": {"type": "Polygon", "coordinates": [[[-59.92661260361328, -3.124587285714804], [-59.917629450772075, -3.124587285714804], [-59.917629450772075, -3.115617449192556], [-59.92661260361328, -3.115617449192556], [-59.92661260361328, -3.124587285714804]]]}, "id": "-6671,-348", "properties": {"cell_id": "c_-59.9221_-3.1201", "lat": -3.1201023706474014, "lon": -59.92212102716362}}, {"type": "Feature", "geometry": {"type": "Polygon", "coordinates": [[[-59.917629450772075, -3.124587285714804], [-59.90864629793088, -3.124587285714804], [-59.90864629793088, -3.115617449192556], [-59.917629450772075, -3.115617449192556], [-59.917629450772075, -3.124587285714804]]]}, "id": "-6670,-348", "properties": {"cell_id": "c_-59.9131_-3.1201", "lat": -3.1201023706520137, "lon": -59.913137874357155}}, {"type": "Feature", "geometry": {"type": "Polygon", "coordinates": [[[-59.90864629793088, -3.124587285714804], [-59.8996631450897, -3.124587285714804], [-59.8996631450897, -3.115617449192556], [-59.90864629793088, -3.115617449192556], [-59.90864629793088, -3.124587285714804]]]}, "id": "-6669,-348", "properties": {"cell_id": "c_-59.9042_-3.1201", "lat": -3.1201023706443434, "lon": -59.904154721500184}}, {"type": "Feature", "geometry": {"type": "Polygon", "coordinates": [[[-59.8996631450897, -3.124587285714804], [-59.8906799922485, -3.124587285714804], [-59.8906799922485, -3.115617449192556], [-59.8996631450897, -3.115617449192556], [-59.8996631450897, -3.124587285714804]]]}, "id": "-6668,-348", "properties": {"cell_id": "c_-59.8952_-3.1201", "lat": -3.120102370639157, "lon": -59.89517156870504}}, {"type": "Feature", "geometry": {"type": "Polygon", "coordinates": [[[-59.8906799922485, -3.124587285714804], [-59.881696839407304, -3.124587285714804], [-59.881696839407304, -3.115617449192556], [-59.8906799922485, -3.115617449192556], [-59.8906799922485, -3.124587285714804]]]}, "id": "-6667,-348", "properties": {"cell_id": "c_-59.8862_-3.1201", "lat": -3.1201023706364426, "lon": -59.88618841580088}}, {"type": "Feature", "geometry": {"type": "Polygon", "coordinates": [[[-59.881696839407304, -3.124587285714804], [-59.8727136865661, -3.124587285714804], [-59.8727136865661, -3.115617449192556], [-59.881696839407304, -3.115617449192556], [-59.881696839407304, -3.124587285714804]]]}, "id": "-6666,-348", "properties": {"cell_id": "c_-59.8772_-3.1201", "lat": -3.1201023706288313, "lon": -59.877205262992504}}, {"type": "Feature", "geometry": {"type": "Polygon", "coordinates": [[[-59.8727136865661, -3.124587285714804], [-59.863730533724905, -3.124587285714804], [-59.863730533724905, -3.115617449192556], [-59.8727136865661, -3.115617449192556], [-59.8727136865661, -3.124587285714804]]]}, "id": "-6665,-348", "properties": {"cell_id": "c_-59.8682_-3.1201", "lat": -3.1201023706412547, "lon": -59.868222110159955}}, {"type": "Feature", "geometry": {"type": "Polygon", "coordinates": [[[-59.863730533724905, -3.124587285714804], [-59.85474738088371, -3.124587285714804], [-59.85474738088371, -3.115617449192556], [-59.863730533724905, -3.115617449192556], [-59.863730533724905, -3.124587285714804]]]}, "id": "-6664,-348", "properties": {"cell_id": "c_-59.8592_-3.1201", "lat": -3.1201023706533353, "lon": -59.85923895728983}}, {"type": "Feature", "geometry": {"type": "Polygon", "coordinates": [[[-59.85474738088371, -3.124587285714804], [-59.845764228042526, -3.124587285714804], [-59.845764228042526, -3.115617449192556], [-59.85474738088371, -3.115617449192556], [-59.85474738088371, -3.124587285714804]]]}, "id": "-6663,-348", "properties": {"cell_id": "c_-59.8503_-3.1201", "lat": -3.1201023706475324, "lon": -59.850255804454335}}, {"type": "Feature", "geometry": {"type": "Polygon", "coordinates": [[[-59.845764228042526, -3.124587285714804], [-59.83678107520133, -3.124587285714804], [-59.83678107520133, -3.115617449192556], [-59.845764228042526, -3.115617449192556], [-59.845764228042526, -3.124587285714804]]]}, "id": "-6662,-348", "properties": {"cell_id": "c_-59.8413_-3.1201", "lat": -3.1201023706515802, "lon": -59.8412726516293}}, {"type": "Feature", "geometry": {"type": "Polygon", "coordinates": [[[-59.83678107520133, -3.124587285714804], [-59.827797922360126, -3.124587285714804], [-59.827797922360126, -3.115617449192556], [-59.83678107520133, -3.115617449192556], [-59.83678107520133, -3.124587285714804]]]}, "id": "-6661,-348", "properties": {"cell_id": "c_-59.8323_-3.1201", "lat": -3.1201023706524422, "lon": -59.832289498800755}}, {"type": "Feature", "geometry": {"type": "Polygon", "coordinates": [[[-59.827797922360126, -3.124587285714804], [-59.81881476951893, -3.124587285714804], [-59.81881476951893, -3.115617449192556], [-59.827797922360126, -3.115617449192556], [-59.827797922360126, -3.124587285714804]]]}, "id": "-6660,-348", "properties": {"cell_id": "c_-59.8233_-3.1201", "lat": -3.120102370632579, "lon": -59.823306345943465}}, {"type": "Feature", "geometry": {"type": "Polygon", "coordinates": [[[-59.81881476951893, -3.124587285714804], [-59.809831616677734, -3.124587285714804], [-59.809831616677734, -3.115617449192556], [-59.81881476951893, -3.115617449192556], [-59.81881476951893, -3.124587285714804]]]}, "id": "-6659,-348", "properties": {"cell_id": "c_-59.8143_-3.1201", "lat": -3.120102370637257, "lon": -59.814323193072276}}, {"type": "Feature", "geometry": {"type": "Polygon", "coordinates": [[[-59.809831616677734, -3.124587285714804], [-59.80084846383654, -3.124587285714804], [-59.80084846383654, -3.115617449192556], [-59.809831616677734, -3.115617449192556], [-59.809831616677734, -3.124587285714804]]]}, "id": "-6658,-348", "properties": {"cell_id": "c_-59.8053_-3.1201", "lat": -3.120102370656276, "lon": -59.80534004025435}}, {"type": "Feature", "geometry": {"type": "Polygon", "coordinates": [[[-59.80084846383654, -3.124587285714804], [-59.791865310995355, -3.124587285714804], [-59.791865310995355, -3.115617449192556], [-59.80084846383654, -3.115617449192556], [-59.80084846383654, -3.124587285714804]]]}, "id": "-6657,-348", "properties": {"cell_id": "c_-59.7964_-3.1201", "lat": -3.1201023706472486, "lon": -59.796356887416664}}, {"type": "Feature", "geometry": {"type": "Polygon", "coordinates": [[[-59.791865310995355, -3.124587285714804], [-59.78288215815416, -3.124587285714804], [-59.78288215815416, -3.115617449192556], [-59.791865310995355, -3.115617449192556], [-59.791865310995355, -3.124587285714804]]]}, "id": "-6656,-348", "properties": {"cell_id": "c_-59.7874_-3.1201", "lat": -3.1201023706321735, "lon": -59.78737373459993}}, {"type": "Feature", "geometry": {"type": "Polygon", "coordinates": [[[-59.78288215815416, -3.124587285714804], [-59.773899005312956, -3.124587285714804], [-59.773899005312956, -3.115617449192556], [-59.78288215815416, -3.115617449192556], [-59.78288215815416, -3.124587285714804]]]}, "id": "-6655,-348", "properties": {"cell_id": "c_-59.7784_-3.1201", "lat": -3.1201023706534223, "lon": -59.77839058172539}}, {"type": "Feature", "geometry": {"type": "Polygon", "coordinates": [[[-59.773899005312956, -3.124587285714804], [-59.76491585247176, -3.124587285714804], [-59.76491585247176, -3.115617449192556], [-59.773899005312956, -3.115617449192556], [-59.773899005312956, -3.124587285714804]]]}, "id": "-6654,-348", "properties": {"cell_id": "c_-59.7694_-3.1201", "lat": -3.1201023706686035, "lon": -59.769407428871965}}, {"type": "Feature", "geometry": {"type": "Polygon", "coordinates": [[[-59.76491585247176, -3.124587285714804], [-59.75593269963056, -3.124587285714804], [-59.75593269963056, -3.115617449192556], [-59.76491585247176, -3.115617449192556], [-59.76491585247176, -3.124587285714804]]]}, "id": "-6653,-348", "properties": {"cell_id": "c_-59.7604_-3.1201", "lat": -3.120102370649986, "lon": -59.76042427607472}}, {"type": "Feature", "geometry": {"type": "Polygon", "coordinates": [[[-59.75593269963056, -3.124587285714804], [-59.74694954678938, -3.124587285714804], [-59.74694954678938, -3.115617449192556], [-59.75593269963056, -3.115617449192556], [-59.75593269963056, -3.124587285714804]]]}, "id": "-6652,-348", "properties": {"cell_id": "c_-59.7514_-3.1201", "lat": -3.1201023706501467, "lon": -59.7514411231831}}, {"type": "Feature", "geometry": {"type": "Polygon", "coordinates": [[[-60.20509034169033, -3.115617449192556], [-60.19610718884913, -3.115617449192556], [-60.19610718884913, -3.106647536233946], [-60.20509034169033, -3.106647536233946], [-60.20509034169033, -3.115617449192556]]]}, "id": "-6702,-347", "properties": {"cell_id": "c_-60.2006_-3.1111", "lat": -3.1111324959256184, "lon": -60.20059876528805}}, {"type": "Feature", "geometry": {"type": "Polygon", "coordinates": [[[-60.19610718884913, -3.115617449192556], [-60.18712403600794, -3.115617449192556], [-60.18712403600794, -3.106647536233946], [-60.19610718884913, -3.106647536233946], [-60.19610718884913, -3.115617449192556]]]}, "id": "-6701,-347", "properties": {"cell_id": "c_-60.1916_-3.1111", "lat": -3.111132495936335, "lon": -60.1916156124361}}, {"type": "Feature", "geometry": {"type": "Polygon", "coordinates": [[[-60.18712403600794, -3.115617449192556], [-60.17814088316674, -3.115617449192556], [-60.17814088316674, -3.106647536233946], [-60.18712403600794, -3.106647536233946], [-60.18712403600794, -3.115617449192556]]]}, "id": "-6700,-347", "properties": {"cell_id": "c_-60.1826_-3.1111", "lat": -3.111132495945746, "lon": -60.182632459567756}}, {"type": "Feature", "geometry": {"type": "Polygon", "coordinates": [[[-60.17814088316674, -3.115617449192556], [-60.16915773032555, -3.115617449192556], [-60.16915773032555, -3.106647536233946], [-60.17814088316674, -3.106647536233946], [-60.17814088316674, -3.115617449192556]]]}, "id": "-6699,-347", "properties": {"cell_id": "c_-60.1736_-3.1111", "lat": -3.1111324959488096, "lon": -60.17364930674946}}, {"type": "Feature", "geometry": {"type": "Polygon", "coordinates": [[[-60.16915773032555, -3.115617449192556], [-60.160174577484355, -3.115617449192556], [-60.160174577484355, -3.106647536233946], [-60.16915773032555, -3.106647536233946], [-60.16915773032555, -3.115617449192556]]]}, "id": "-6698,-347", "properties": {"cell_id": "c_-60.1647_-3.1111", "lat": -3.1111324959354443, "lon": -60.16466615389174}}, {"type": "Feature", "geometry": {"type": "Polygon", "coordinates": [[[-60.160174577484355, -3.115617449192556], [-60.15119142464316, -3.115617449192556], [-60.15119142464316, -3.106647536233946], [-60.160174577484355, -3.106647536233946], [-60.160174577484355, -3.115617449192556]]]}, "id": "-6697,-347", "properties": {"cell_id": "c_-60.1557_-3.1111", "lat": -3.1111324959357987, "lon": -60.1556830010606}}, {"type": "Feature", "geometry": {"type": "Polygon", "coordinates": [[[-60.15119142464316, -3.115617449192556], [-60.14220827180196, -3.115617449192556], [-60.14220827180196, -3.106647536233946], [-60.15119142464316, -3.106647536233946], [-60.15119142464316, -3.115617449192556]]]}, "id": "-6696,-347", "properties": {"cell_id": "c_-60.1467_-3.1111", "lat": -3.1111324959448194, "lon": -60.146699848232025}}, {"type": "Feature", "geometry": {"type": "Polygon", "coordinates": [[[-60.14220827180196, -3.115617449192556], [-60.133225118960766, -3.115617449192556], [-60.133225118960766, -3.106647536233946], [-60.14220827180196, -3.106647536233946], [-60.14220827180196, -3.115617449192556]]]}, "id": "-6695,-347", "properties": {"cell_id": "c_-60.1377_-3.1111", "lat": -3.1111324959398687, "lon": -60.13771669537919}}, {"type": "Feature", "geometry": {"type": "Polygon", "coordinates": [[[-60.133225118960766, -3.115617449192556], [-60.12424196611957, -3.115617449192556], [-60.12424196611957, -3.106647536233946], [-60.133225118960766, -3.106647536233946], [-60.133225118960766, -3.115617449192556]]]}, "id": "-6694,-347", "properties": {"cell_id": "c_-60.1287_-3.1111", "lat": -3.111132495920947, "lon": -60.12873354254327}}, {"type": "Feature", "geometry": {"type": "Polygon", "coordinates": [[[-60.12424196611957, -3.115617449192556], [-60.11525881327838, -3.115617449192556], [-60.11525881327838, -3.106647536233946], [-60.12424196611957, -3.106647536233946], [-60.12424196611957, -3.115617449192556]]]}, "id": "-6693,-347", "properties": {"cell_id": "c_-60.1198_-3.1111", "lat": -3.111132495913139, "lon": -60.11975038967472}}, {"type": "Feature", "geometry": {"type": "Polygon", "coordinates": [[[-60.11525881327838, -3.115617449192556], [-60.106275660437184, -3.115617449192556], [-60.106275660437184, -3.106647536233946], [-60.11525881327838, -3.106647536233946], [-60.11525881327838, -3.115617449192556]]]}, "id": "-6692,-347", "properties": {"cell_id": "c_-60.1108_-3.1111", "lat": -3.1111324959289792, "lon": -60.11076723686815}}, {"type": "Feature", "geometry": {"type": "Polygon", "coordinates": [[[-60.106275660437184, -3.115617449192556], [-60.09729250759599, -3.115617449192556], [-60.09729250759599, -3.106647536233946], [-60.106275660437184, -3.106647536233946], [-60.106275660437184, -3.115617449192556]]]}, "id": "-6691,-347", "properties": {"cell_id": "c_-60.1018_-3.1111", "lat": -3.111132495928233, "lon": -60.101784084023215}}, {"type": "Feature", "geometry": {"type": "Polygon", "coordinates": [[[-60.09729250759599, -3.115617449192556], [-60.08830935475479, -3.115617449192556], [-60.08830935475479, -3.106647536233946], [-60.09729250759599, -3.106647536233946], [-60.09729250759599, -3.115617449192556]]]}, "id": "-6690,-347", "properties": {"cell_id": "c_-60.0928_-3.1111", "lat": -3.1111324959183824, "lon": -60.092800931168725}}, {"type": "Feature", "geometry": {"type": "Polygon", "coordinates": [[[-60.08830935475479, -3.115617449192556], [-60.079326201913595, -3.115617449192556], [-60.079326201913595, -3.106647536233946], [-60.08830935475479, -3.106647536233946], [-60.08830935475479, -3.115617449192556]]]}, "id": "-6689,-347", "properties": {"cell_id": "c_-60.0838_-3.1111", "lat": -3.1111324959220594, "lon": -60.08381777836849}}, {"type": "Feature", "geometry": {"type": "Polygon", "coordinates": [[[-60.079326201913595, -3.115617449192556], [-60.0703430490724, -3.115617449192556], [-60.0703430490724, -3.106647536233946], [-60.079326201913595, -3.106647536233946], [-60.079326201913595, -3.115617449192556]]]}, "id": "-6688,-347", "properties": {"cell_id": "c_-60.0748_-3.1111", "lat": -3.111132495929157, "lon": -60.074834625462515}}, {"type": "Feature", "geometry": {"type": "Polygon", "coordinates": [[[-60.0703430490724, -3.115617449192556], [-60.06135989623121, -3.115617449192556], [-60.06135989623121, -3.106647536233946], [-60.0703430490724, -3.106647536233946], [-60.0703430490724, -3.115617449192556]]]}, "id": "-6687,-347", "properties": {"cell_id": "c_-60.0659_-3.1111", "lat": -3.111132495929549, "lon": -60.065851472637576}}, {"type": "Feature", "geometry": {"type": "Polygon", "coordinates": [[[-60.06135989623121, -3.115617449192556], [-60.05237674339001, -3.115617449192556], [-60.05237674339001, -3.106647536233946], [-60.06135989623121, -3.106647536233946], [-60.06135989623121, -3.115617449192556]]]}, "id": "-6686,-347", "properties": {"cell_id": "c_-60.0569_-3.1111", "lat": -3.111132495928301, "lon": -60.05686831985506}}, {"type": "Feature", "geometry": {"type": "Polygon", "coordinates": [[[-60.05237674339001, -3.115617449192556], [-60.04339359054882, -3.115617449192556], [-60.04339359054882, -3.106647536233946], [-60.05237674339001, -3.106647536233946], [-60.05237674339001, -3.115617449192556]]]}, "id": "-6685,-347", "properties": {"cell_id": "c_-60.0479_-3.1111", "lat": -3.1111324959152893, "lon": -60.04788516695925}}, {"type": "Feature", "geometry": {"type": "Polygon", "coordinates": [[[-60.04339359054882, -3.115617449192556], [-60.03441043770762, -3.115617449192556], [-60.03441043770762, -3.106647536233946], [-60.04339359054882, -3.106647536233946], [-60.04339359054882, -3.115617449192556]]]}, "id": "-6684,-347", "properties": {"cell_id": "c_-60.0389_-3.1111", "lat": -3.111132495920609, "lon": -60.038902014097175}}, {"type": "Feature", "geometry": {"type": "Polygon", "coordinates": [[[-60.03441043770762, -3.115617449192556], [-60.025427284866424, -3.115617449192556], [-60.025427284866424, -3.106647536233946], [-60.03441043770762, -3.106647536233946], [-60.03441043770762, -3.115617449192556]]]}, "id": "-6683,-347", "properties": {"cell_id": "c_-60.0299_-3.1111", "lat": -3.111132495939193, "lon": -60.02991886133529}}, {"type": "Feature", "geometry": {"type": "Polygon", "coordinates": [[[-60.025427284866424, -3.115617449192556], [-60.01644413202522, -3.115617449192556], [-60.01644413202522, -3.106647536233946], [-60.025427284866424, -3.106647536233946], [-60.025427284866424, -3.115617449192556]]]}, "id": "-6682,-347", "properties": {"cell_id": "c_-60.0209_-3.1111", "lat": -3.1111324959257525, "lon": -60.02093570842776}}, {"type": "Feature", "geometry": {"type": "Polygon", "coordinates": [[[-60.01644413202522, -3.115617449192556], [-60.00746097918404, -3.115617449192556], [-60.00746097918404, -3.106647536233946], [-60.01644413202522, -3.106647536233946], [-60.01644413202522, -3.115617449192556]]]}, "id": "-6681,-347", "properties": {"cell_id": "c_-60.0120_-3.1111", "lat": -3.111132495920511, "lon": -60.011952555606875}}, {"type": "Feature", "geometry": {"type": "Polygon", "coordinates": [[[-60.00746097918404, -3.115617449192556], [-59.99847782634284, -3.115617449192556], [-59.99847782634284, -3.106647536233946], [-60.00746097918404, -3.106647536233946], [-60.00746097918404, -3.115617449192556]]]}, "id": "-6680,-347", "properties": {"cell_id": "c_-60.0030_-3.1111", "lat": -3.1111324959309026, "lon": -60.002969402766205}}, {"type": "Feature", "geometry": {"type": "Polygon", "coordinates": [[[-59.99847782634284, -3.115617449192556], [-59.989494673501646, -3.115617449192556], [-59.989494673501646, -3.106647536233946], [-59.99847782634284, -3.106647536233946], [-59.99847782634284, -3.115617449192556]]]}, "id": "-6679,-347", "properties": {"cell_id": "c_-59.9940_-3.1111", "lat": -3.111132495924139, "lon": -59.99398624991335}}, {"type": "Feature", "geometry": {"type": "Polygon", "coordinates": [[[-59.989494673501646, -3.115617449192556], [-59.98051152066045, -3.115617449192556], [-59.98051152066045, -3.106647536233946], [-59.989494673501646, -3.106647536233946], [-59.989494673501646, -3.115617449192556]]]}, "id": "-6678,-347", "properties": {"cell_id": "c_-59.9850_-3.1111", "lat": -3.1111324959052937, "lon": -59.98500309706943}}, {"type": "Feature", "geometry": {"type": "Polygon", "coordinates": [[[-59.98051152066045, -3.115617449192556], [-59.971528367819246, -3.115617449192556], [-59.971528367819246, -3.106647536233946], [-59.98051152066045, -3.106647536233946], [-59.98051152066045, -3.115617449192556]]]}, "id": "-6677,-347", "properties": {"cell_id": "c_-59.9760_-3.1111", "lat": -3.1111324959095006, "lon": -59.976019944266156}}, {"type": "Feature", "geometry": {"type": "Polygon", "coordinates": [[[-59.971528367819246, -3.115617449192556], [-59.96254521497805, -3.115617449192556], [-59.96254521497805, -3.106647536233946], [-59.971528367819246, -3.106647536233946], [-59.971528367819246, -3.115617449192556]]]}, "id": "-6676,-347", "properties": {"cell_id": "c_-59.9670_-3.1111", "lat": -3.111132495926611, "lon": -59.9670367913679}}, {"type": "Feature", "geometry": {"type": "Polygon", "coordinates": [[[-59.96254521497805, -3.115617449192556], [-59.95356206213687, -3.115617449192556], [-59.95356206213687, -3.106647536233946], [-59.96254521497805, -3.106647536233946], [-59.96254521497805, -3.115617449192556]]]}, "id": "-6675,-347", "properties": {"cell_id": "c_-59.9581_-3.1111", "lat": -3.11113249592891, "lon": -59.958053638569346}}, {"type": "Feature", "geometry": {"type": "Polygon", "coordinates": [[[-59.95356206213687, -3.115617449192556], [-59.94457890929567, -3.115617449192556], [-59.94457890929567, -3.106647536233946], [-59.95356206213687, -3.106647536233946], [-59.95356206213687, -3.115617449192556]]]}, "id": "-6674,-347", "properties": {"cell_id": "c_-59.9491_-3.1111", "lat": -3.1111324959163973, "lon": -59.94907048570141}}, {"type": "Feature", "geometry": {"type": "Polygon", "coordinates": [[[-59.94457890929567, -3.115617449192556], [-59.935595756454475, -3.115617449192556], [-59.935595756454475, -3.106647536233946], [-59.94457890929567, -3.106647536233946], [-59.94457890929567, -3.115617449192556]]]}, "id": "-6673,-347", "properties": {"cell_id": "c_-59.9401_-3.1111", "lat": -3.111132495924197, "lon": -59.9400873328848}}, {"type": "Feature", "geometry": {"type": "Polygon", "coordinates": [[[-59.935595756454475, -3.115617449192556], [-59.92661260361328, -3.115617449192556], [-59.92661260361328, -3.106647536233946], [-59.935595756454475, -3.106647536233946], [-59.935595756454475, -3.115617449192556]]]}, "id": "-6672,-347", "properties": {"cell_id": "c_-59.9311_-3.1111", "lat": -3.111132495926909, "lon": -59.93110418004999}}, {"type": "Feature", "geometry": {"type": "Polygon", "coordinates": [[[-59.92661260361328, -3.115617449192556], [-59.917629450772075, -3.115617449192556], [-59.917629450772075, -3.106647536233946], [-59.92661260361328, -3.106647536233946], [-59.92661260361328, -3.115617449192556]]]}, "id": "-6671,-347", "properties": {"cell_id": "c_-59.9221_-3.1111", "lat": -3.111132495924515, "lon": -59.922121027177866}}, {"type": "Feature", "geometry": {"type": "Polygon", "coordinates": [[[-59.917629450772075, -3.115617449192556], [-59.90864629793088, -3.115617449192556], [-59.90864629793088, -3.106647536233946], [-59.917629450772075, -3.106647536233946], [-59.917629450772075, -3.115617449192556]]]}, "id": "-6670,-347", "properties": {"cell_id": "c_-59.9131_-3.1111", "lat": -3.1111324959198012, "lon": -59.9131378743428}}, {"type": "Feature", "geometry": {"type": "Polygon", "coordinates": [[[-59.90864629793088, -3.115617449192556], [-59.8996631450897, -3.115617449192556], [-59.8996631450897, -3.106647536233946], [-59.90864629793088, -3.106647536233946], [-59.90864629793088, -3.115617449192556]]]}, "id": "-6669,-347", "properties": {"cell_id": "c_-59.9042_-3.1111", "lat": -3.111132495927546, "lon": -59.904154721514594}}, {"type": "Feature", "geometry": {"type": "Polygon", "coordinates": [[[-59.8996631450897, -3.115617449192556], [-59.8906799922485, -3.115617449192556], [-59.8906799922485, -3.106647536233946], [-59.8996631450897, -3.106647536233946], [-59.8996631450897, -3.115617449192556]]]}, "id": "-6668,-347", "properties": {"cell_id": "c_-59.8952_-3.1111", "lat": -3.1111324959375777, "lon": -59.89517156869547}}, {"type": "Feature", "geometry": {"type": "Polygon", "coordinates": [[[-59.8906799922485, -3.115617449192556], [-59.881696839407304, -3.115617449192556], [-59.881696839407304, -3.106647536233946], [-59.8906799922485, -3.106647536233946], [-59.8906799922485, -3.115617449192556]]]}, "id": "-6667,-347", "properties": {"cell_id": "c_-59.8862_-3.1111", "lat": -3.1111324959323445, "lon": -59.88618841580248}}, {"type": "Feature", "geometry": {"type": "Polygon", "coordinates": [[[-59.881696839407304, -3.115617449192556], [-59.8727136865661, -3.115617449192556], [-59.8727136865661, -3.106647536233946], [-59.881696839407304, -3.106647536233946], [-59.881696839407304, -3.115617449192556]]]}, "id": "-6666,-347", "properties": {"cell_id": "c_-59.8772_-3.1111", "lat": -3.1111324959367703, "lon": -59.87720526298771}}, {"type": "Feature", "geometry": {"type": "Polygon", "coordinates": [[[-59.8727136865661, -3.115617449192556], [-59.863730533724905, -3.115617449192556], [-59.863730533724905, -3.106647536233946], [-59.8727136865661, -3.106647536233946], [-59.8727136865661, -3.115617449192556]]]}, "id": "-6665,-347", "properties": {"cell_id": "c_-59.8682_-3.1111", "lat": -3.1111324959231217, "lon": -59.86822211016352}}, {"type": "Feature", "geometry": {"type": "Polygon", "coordinates": [[[-59.863730533724905, -3.115617449192556], [-59.85474738088371, -3.115617449192556], [-59.85474738088371, -3.106647536233946], [-59.863730533724905, -3.106647536233946], [-59.863730533724905, -3.115617449192556]]]}, "id": "-6664,-347", "properties": {"cell_id": "c_-59.8592_-3.1111", "lat": -3.1111324959089437, "lon": -59.85923895728417}}, {"type": "Feature", "geometry": {"type": "Polygon", "coordinates": [[[-59.85474738088371, -3.115617449192556], [-59.845764228042526, -3.115617449192556], [-59.845764228042526, -3.106647536233946], [-59.85474738088371, -3.106647536233946], [-59.85474738088371, -3.115617449192556]]]}, "id": "-6663,-347", "properties": {"cell_id": "c_-59.8503_-3.1111", "lat": -3.1111324959117788, "lon": -59.850255804457014}}, {"type": "Feature", "geometry": {"type": "Polygon", "coordinates": [[[-59.845764228042526, -3.115617449192556], [-59.83678107520133, -3.115617449192556], [-59.83678107520133, -3.106647536233946], [-59.845764228042526, -3.106647536233946], [-59.845764228042526, -3.115617449192556]]]}, "id": "-6662,-347", "properties": {"cell_id": "c_-59.8413_-3.1111", "lat": -3.111132495931626, "lon": -59.84127265165055}}, {"type": "Feature", "geometry": {"type": "Polygon", "coordinates": [[[-59.83678107520133, -3.115617449192556], [-59.827797922360126, -3.115617449192556], [-59.827797922360126, -3.106647536233946], [-59.83678107520133, -3.106647536233946], [-59.83678107520133, -3.115617449192556]]]}, "id": "-6661,-347", "properties": {"cell_id": "c_-59.8323_-3.1111", "lat": -3.1111324959232216, "lon": -59.83228949877195}}, {"type": "Feature", "geometry": {"type": "Polygon", "coordinates": [[[-59.827797922360126, -3.115617449192556], [-59.81881476951893, -3.115617449192556], [-59.81881476951893, -3.106647536233946], [-59.827797922360126, -3.106647536233946], [-59.827797922360126, -3.115617449192556]]]}, "id": "-6660,-347", "properties": {"cell_id": "c_-59.8233_-3.1111", "lat": -3.111132495928992, "lon": -59.82330634595816}}, {"type": "Feature", "geometry": {"type": "Polygon", "coordinates": [[[-59.81881476951893, -3.115617449192556], [-59.809831616677734, -3.115617449192556], [-59.809831616677734, -3.106647536233946], [-59.81881476951893, -3.106647536233946], [-59.81881476951893, -3.115617449192556]]]}, "id": "-6659,-347", "properties": {"cell_id": "c_-59.8143_-3.1111", "lat": -3.111132495948935, "lon": -59.81432319308225}}, {"type": "Feature", "geometry": {"type": "Polygon", "coordinates": [[[-59.809831616677734, -3.115617449192556], [-59.80084846383654, -3.115617449192556], [-59.80084846383654, -3.106647536233946], [-59.809831616677734, -3.106647536233946], [-59.809831616677734, -3.115617449192556]]]}, "id": "-6658,-347", "properties": {"cell_id": "c_-59.8053_-3.1111", "lat": -3.1111324959275777, "lon": -59.80534004024205}}, {"type": "Feature", "geometry": {"type": "Polygon", "coordinates": [[[-59.80084846383654, -3.115617449192556], [-59.791865310995355, -3.115617449192556], [-59.791865310995355, -3.106647536233946], [-59.80084846383654, -3.106647536233946], [-59.80084846383654, -3.115617449192556]]]}, "id": "-6657,-347", "properties": {"cell_id": "c_-59.7964_-3.1111", "lat": -3.111132495917523, "lon": -59.79635688740987}}, {"type": "Feature", "geometry": {"type": "Polygon", "coordinates": [[[-59.791865310995355, -3.115617449192556], [-59.78288215815416, -3.115617449192556], [-59.78288215815416, -3.106647536233946], [-59.791865310995355, -3.106647536233946], [-59.791865310995355, -3.115617449192556]]]}, "id": "-6656,-347", "properties": {"cell_id": "c_-59.7874_-3.1111", "lat": -3.1111324959289646, "lon": -59.7873737346031}}, {"type": "Feature", "geometry": {"type": "Polygon", "coordinates": [[[-59.78288215815416, -3.115617449192556], [-59.773899005312956, -3.115617449192556], [-59.773899005312956, -3.106647536233946], [-59.78288215815416, -3.106647536233946], [-59.78288215815416, -3.115617449192556]]]}, "id": "-6655,-347", "properties": {"cell_id": "c_-59.7784_-3.1111", "lat": -3.111132495926855, "lon": -59.778390581741405}}, {"type": "Feature", "geometry": {"type": "Polygon", "coordinates": [[[-59.773899005312956, -3.115617449192556], [-59.76491585247176, -3.115617449192556], [-59.76491585247176, -3.106647536233946], [-59.773899005312956, -3.106647536233946], [-59.773899005312956, -3.115617449192556]]]}, "id": "-6654,-347", "properties": {"cell_id": "c_-59.7694_-3.1111", "lat": -3.1111324959258444, "lon": -59.76940742887016}}, {"type": "Feature", "geometry": {"type": "Polygon", "coordinates": [[[-59.76491585247176, -3.115617449192556], [-59.75593269963056, -3.115617449192556], [-59.75593269963056, -3.106647536233946], [-59.76491585247176, -3.106647536233946], [-59.76491585247176, -3.115617449192556]]]}, "id": "-6653,-347", "properties": {"cell_id": "c_-59.7604_-3.1111", "lat": -3.1111324959230213, "lon": -59.76042427605507}}, {"type": "Feature", "geometry": {"type": "Polygon", "coordinates": [[[-59.75593269963056, -3.115617449192556], [-59.74694954678938, -3.115617449192556], [-59.74694954678938, -3.106647536233946], [-59.75593269963056, -3.106647536233946], [-59.75593269963056, -3.115617449192556]]]}, "id": "-6652,-347", "properties": {"cell_id": "c_-59.7514_-3.1111", "lat": -3.1111324959110678, "lon": -59.75144112319093}}, {"type": "Feature", "geometry": {"type": "Polygon", "coordinates": [[[-60.20509034169033, -3.106647536233946], [-60.19610718884913, -3.106647536233946], [-60.19610718884913, -3.09767754705819], [-60.20509034169033, -3.09767754705819], [-60.20509034169033, -3.106647536233946]]]}, "id": "-6702,-346", "properties": {"cell_id": "c_-60.2006_-3.1022", "lat": -3.102162544806783, "lon": -60.200598765292234}}, {"type": "Feature", "geometry": {"type": "Polygon", "coordinates": [[[-60.19610718884913, -3.106647536233946], [-60.18712403600794, -3.106647536233946], [-60.18712403600794, -3.09767754705819], [-60.19610718884913, -3.09767754705819], [-60.19610718884913, -3.106647536233946]]]}, "id": "-6701,-346", "properties": {"cell_id": "c_-60.1916_-3.1022", "lat": -3.1021625448067525, "lon": -60.19161561244262}}, {"type": "Feature", "geometry": {"type": "Polygon", "coordinates": [[[-60.18712403600794, -3.106647536233946], [-60.17814088316674, -3.106647536233946], [-60.17814088316674, -3.09767754705819], [-60.18712403600794, -3.09767754705819], [-60.18712403600794, -3.106647536233946]]]}, "id": "-6700,-346", "properties": {"cell_id": "c_-60.1826_-3.1022", "lat": -3.1021625448126566, "lon": -60.1826324595766}}, {"type": "Feature", "geometry": {"type": "Polygon", "coordinates": [[[-60.17814088316674, -3.106647536233946], [-60.16915773032555, -3.106647536233946], [-60.16915773032555, -3.09767754705819], [-60.17814088316674, -3.09767754705819], [-60.17814088316674, -3.106647536233946]]]}, "id": "-6699,-346", "properties": {"cell_id": "c_-60.1736_-3.1022", "lat": -3.102162544814415, "lon": -60.17364930674545}}, {"type": "Feature", "geometry": {"type": "Polygon", "coordinates": [[[-60.16915773032555, -3.106647536233946], [-60.160174577484355, -3.106647536233946], [-60.160174577484355, -3.09767754705819], [-60.16915773032555, -3.09767754705819], [-60.16915773032555, -3.106647536233946]]]}, "id": "-6698,-346", "properties": {"cell_id": "c_-60.1647_-3.1022", "lat": -3.1021625448245693, "lon": -60.164666153892526}}, {"type": "Feature", "geometry": {"type": "Polygon", "coordinates": [[[-60.160174577484355, -3.106647536233946], [-60.15119142464316, -3.106647536233946], [-60.15119142464316, -3.09767754705819], [-60.160174577484355, -3.09767754705819], [-60.160174577484355, -3.106647536233946]]]}, "id": "-6697,-346", "properties": {"cell_id": "c_-60.1557_-3.1022", "lat": -3.1021625448305707, "lon": -60.15568300106619}}, {"type": "Feature", "geometry": {"type": "Polygon", "coordinates": [[[-60.15119142464316, -3.106647536233946], [-60.14220827180196, -3.106647536233946], [-60.14220827180196, -3.09767754705819], [-60.15119142464316, -3.09767754705819], [-60.15119142464316, -3.106647536233946]]]}, "id": "-6696,-346", "properties": {"cell_id": "c_-60.1467_-3.1022", "lat": -3.10216254482738, "lon": -60.14669984823228}}, {"type": "Feature", "geometry": {"type": "Polygon", "coordinates": [[[-60.14220827180196, -3.106647536233946], [-60.133225118960766, -3.106647536233946], [-60.133225118960766, -3.09767754705819], [-60.14220827180196, -3.09767754705819], [-60.14220827180196, -3.106647536233946]]]}, "id": "-6695,-346", "properties": {"cell_id": "c_-60.1377_-3.1022", "lat": -3.1021625448174457, "lon": -60.13771669536402}}, {"type": "Feature", "geometry": {"type": "Polygon", "coordinates": [[[-60.133225118960766, -3.106647536233946], [-60.12424196611957, -3.106647536233946], [-60.12424196611957, -3.09767754705819], [-60.133225118960766, -3.09767754705819], [-60.133225118960766, -3.106647536233946]]]}, "id": "-6694,-346", "properties": {"cell_id": "c_-60.1287_-3.1022", "lat": -3.1021625448133108, "lon": -60.12873354253536}}, {"type": "Feature", "geometry": {"type": "Polygon", "coordinates": [[[-60.12424196611957, -3.106647536233946], [-60.11525881327838, -3.106647536233946], [-60.11525881327838, -3.09767754705819], [-60.12424196611957, -3.09767754705819], [-60.12424196611957, -3.106647536233946]]]}, "id": "-6693,-346", "properties": {"cell_id": "c_-60.1198_-3.1022", "lat": -3.1021625448200245, "lon": -60.11975038968155}}, {"type": "Feature", "geometry": {"type": "Polygon", "coordinates": [[[-60.11525881327838, -3.106647536233946], [-60.106275660437184, -3.106647536233946], [-60.106275660437184, -3.09767754705819], [-60.11525881327838, -3.09767754705819], [-60.11525881327838, -3.106647536233946]]]}, "id": "-6692,-346", "properties": {"cell_id": "c_-60.1108_-3.1022", "lat": -3.102162544827478, "lon": -60.110767236884655}}, {"type": "Feature", "geometry": {"type": "Polygon", "coordinates": [[[-60.106275660437184, -3.106647536233946], [-60.09729250759599, -3.106647536233946], [-60.09729250759599, -3.09767754705819], [-60.106275660437184, -3.09767754705819], [-60.106275660437184, -3.106647536233946]]]}, "id": "-6691,-346", "properties": {"cell_id": "c_-60.1018_-3.1022", "lat": -3.1021625448255734, "lon": -60.10178408400405}}, {"type": "Feature", "geometry": {"type": "Polygon", "coordinates": [[[-60.09729250759599, -3.106647536233946], [-60.08830935475479, -3.106647536233946], [-60.08830935475479, -3.09767754705819], [-60.09729250759599, -3.09767754705819], [-60.09729250759599, -3.106647536233946]]]}, "id": "-6690,-346", "properties": {"cell_id": "c_-60.0928_-3.1022", "lat": -3.102162544836945, "lon": -60.09280093118941}}, {"type": "Feature", "geometry": {"type": "Polygon", "coordinates": [[[-60.08830935475479, -3.106647536233946], [-60.079326201913595, -3.106647536233946], [-60.079326201913595, -3.09767754705819], [-60.08830935475479, -3.09767754705819], [-60.08830935475479, -3.106647536233946]]]}, "id": "-6689,-346", "properties": {"cell_id": "c_-60.0838_-3.1022", "lat": -3.1021625448338987, "lon": -60.083817778348454}}, {"type": "Feature", "geometry": {"type": "Polygon", "coordinates": [[[-60.079326201913595, -3.106647536233946], [-60.0703430490724, -3.106647536233946], [-60.0703430490724, -3.09767754705819], [-60.079326201913595, -3.09767754705819], [-60.079326201913595, -3.106647536233946]]]}, "id": "-6688,-346", "properties": {"cell_id": "c_-60.0748_-3.1022", "lat": -3.102162544823907, "lon": -60.07483462547966}}, {"type": "Feature", "geometry": {"type": "Polygon", "coordinates": [[[-60.0703430490724, -3.106647536233946], [-60.06135989623121, -3.106647536233946], [-60.06135989623121, -3.09767754705819], [-60.0703430490724, -3.09767754705819], [-60.0703430490724, -3.106647536233946]]]}, "id": "-6687,-346", "properties": {"cell_id": "c_-60.0659_-3.1022", "lat": -3.1021625448421277, "lon": -60.065851472639075}}, {"type": "Feature", "geometry": {"type": "Polygon", "coordinates": [[[-60.06135989623121, -3.106647536233946], [-60.05237674339001, -3.106647536233946], [-60.05237674339001, -3.09767754705819], [-60.06135989623121, -3.09767754705819], [-60.06135989623121, -3.106647536233946]]]}, "id": "-6686,-346", "properties": {"cell_id": "c_-60.0569_-3.1022", "lat": -3.1021625448432752, "lon": -60.05686831985346}}, {"type": "Feature", "geometry": {"type": "Polygon", "coordinates": [[[-60.05237674339001, -3.106647536233946], [-60.04339359054882, -3.106647536233946], [-60.04339359054882, -3.09767754705819], [-60.05237674339001, -3.09767754705819], [-60.05237674339001, -3.106647536233946]]]}, "id": "-6685,-346", "properties": {"cell_id": "c_-60.0479_-3.1022", "lat": -3.102162544844931, "lon": -60.04788516694948}}, {"type": "Feature", "geometry": {"type": "Polygon", "coordinates": [[[-60.04339359054882, -3.106647536233946], [-60.03441043770762, -3.106647536233946], [-60.03441043770762, -3.09767754705819], [-60.04339359054882, -3.09767754705819], [-60.04339359054882, -3.106647536233946]]]}, "id": "-6684,-346", "properties": {"cell_id": "c_-60.0389_-3.1022", "lat": -3.1021625448369687, "lon": -60.0389020141043}}, {"type": "Feature", "geometry": {"type": "Polygon", "coordinates": [[[-60.03441043770762, -3.106647536233946], [-60.025427284866424, -3.106647536233946], [-60.025427284866424, -3.09767754705819], [-60.03441043770762, -3.09767754705819], [-60.03441043770762, -3.106647536233946]]]}, "id": "-6683,-346", "properties": {"cell_id": "c_-60.0299_-3.1022", "lat": -3.102162544819387, "lon": -60.02991886132918}}, {"type": "Feature", "geometry": {"type": "Polygon", "coordinates": [[[-60.025427284866424, -3.106647536233946], [-60.01644413202522, -3.106647536233946], [-60.01644413202522, -3.09767754705819], [-60.025427284866424, -3.09767754705819], [-60.025427284866424, -3.106647536233946]]]}, "id": "-6682,-346", "properties": {"cell_id": "c_-60.0209_-3.1022", "lat": -3.1021625448273364, "lon": -60.0209357084284}}, {"type": "Feature", "geometry": {"type": "Polygon", "coordinates": [[[-60.01644413202522, -3.106647536233946], [-60.00746097918404, -3.106647536233946], [-60.00746097918404, -3.09767754705819], [-60.01644413202522, -3.09767754705819], [-60.01644413202522, -3.106647536233946]]]}, "id": "-6681,-346", "properties": {"cell_id": "c_-60.0120_-3.1022", "lat": -3.102162544822976, "lon": -60.011952555596636}}, {"type": "Feature", "geometry": {"type": "Polygon", "coordinates": [[[-60.00746097918404, -3.106647536233946], [-59.99847782634284, -3.106647536233946], [-59.99847782634284, -3.09767754705819], [-60.00746097918404, -3.09767754705819], [-60.00746097918404, -3.106647536233946]]]}, "id": "-6680,-346", "properties": {"cell_id": "c_-60.0030_-3.1022", "lat": -3.1021625448113705, "lon": -60.00296940277522}}, {"type": "Feature", "geometry": {"type": "Polygon", "coordinates": [[[-59.99847782634284, -3.106647536233946], [-59.989494673501646, -3.106647536233946], [-59.989494673501646, -3.09767754705819], [-59.99847782634284, -3.09767754705819], [-59.99847782634284, -3.106647536233946]]]}, "id": "-6679,-346", "properties": {"cell_id": "c_-59.9940_-3.1022", "lat": -3.102162544827663, "lon": -59.993986249913874}}, {"type": "Feature", "geometry": {"type": "Polygon", "coordinates": [[[-59.989494673501646, -3.106647536233946], [-59.98051152066045, -3.106647536233946], [-59.98051152066045, -3.09767754705819], [-59.989494673501646, -3.09767754705819], [-59.989494673501646, -3.106647536233946]]]}, "id": "-6678,-346", "properties": {"cell_id": "c_-59.9850_-3.1022", "lat": -3.1021625448390644, "lon": -59.98500309706145}}, {"type": "Feature", "geometry": {"type": "Polygon", "coordinates": [[[-59.98051152066045, -3.106647536233946], [-59.971528367819246, -3.106647536233946], [-59.971528367819246, -3.09767754705819], [-59.98051152066045, -3.09767754705819], [-59.98051152066045, -3.106647536233946]]]}, "id": "-6677,-346", "properties": {"cell_id": "c_-59.9760_-3.1022", "lat": -3.10216254482294, "lon": -59.97601994426219}}, {"type": "Feature", "geometry": {"type": "Polygon", "coordinates": [[[-59.971528367819246, -3.106647536233946], [-59.96254521497805, -3.106647536233946], [-59.96254521497805, -3.09767754705819], [-59.971528367819246, -3.09767754705819], [-59.971528367819246, -3.106647536233946]]]}, "id": "-6676,-346", "properties": {"cell_id": "c_-59.9670_-3.1022", "lat": -3.1021625448093486, "lon": -59.967036791375385}}, {"type": "Feature", "geometry": {"type": "Polygon", "coordinates": [[[-59.96254521497805, -3.106647536233946], [-59.95356206213687, -3.106647536233946], [-59.95356206213687, -3.09767754705819], [-59.96254521497805, -3.09767754705819], [-59.96254521497805, -3.106647536233946]]]}, "id": "-6675,-346", "properties": {"cell_id": "c_-59.9581_-3.1022", "lat": -3.1021625447982837, "lon": -59.9580536385531}}, {"type": "Feature", "geometry": {"type": "Polygon", "coordinates": [[[-59.95356206213687, -3.106647536233946], [-59.94457890929567, -3.106647536233946], [-59.94457890929567, -3.09767754705819], [-59.95356206213687, -3.09767754705819], [-59.95356206213687, -3.106647536233946]]]}, "id": "-6674,-346", "properties": {"cell_id": "c_-59.9491_-3.1022", "lat": -3.10216254480731, "lon": -59.94907048571417}}, {"type": "Feature", "geometry": {"type": "Polygon", "coordinates": [[[-59.94457890929567, -3.106647536233946], [-59.935595756454475, -3.106647536233946], [-59.935595756454475, -3.09767754705819], [-59.94457890929567, -3.09767754705819], [-59.94457890929567, -3.106647536233946]]]}, "id": "-6673,-346", "properties": {"cell_id": "c_-59.9401_-3.1022", "lat": -3.102162544816112, "lon": -59.94008733288866}}, {"type": "Feature", "geometry": {"type": "Polygon", "coordinates": [[[-59.935595756454475, -3.106647536233946], [-59.92661260361328, -3.106647536233946], [-59.92661260361328, -3.09767754705819], [-59.935595756454475, -3.09767754705819], [-59.935595756454475, -3.106647536233946]]]}, "id": "-6672,-346", "properties": {"cell_id": "c_-59.9311_-3.1022", "lat": -3.1021625448246852, "lon": -59.931104180057424}}, {"type": "Feature", "geometry": {"type": "Polygon", "coordinates": [[[-59.92661260361328, -3.106647536233946], [-59.917629450772075, -3.106647536233946], [-59.917629450772075, -3.09767754705819], [-59.92661260361328, -3.09767754705819], [-59.92661260361328, -3.106647536233946]]]}, "id": "-6671,-346", "properties": {"cell_id": "c_-59.9221_-3.1022", "lat": -3.1021625448205548, "lon": -59.9221210271639}}, {"type": "Feature", "geometry": {"type": "Polygon", "coordinates": [[[-59.917629450772075, -3.106647536233946], [-59.90864629793088, -3.106647536233946], [-59.90864629793088, -3.09767754705819], [-59.917629450772075, -3.09767754705819], [-59.917629450772075, -3.106647536233946]]]}, "id": "-6670,-346", "properties": {"cell_id": "c_-59.9131_-3.1022", "lat": -3.102162544818506, "lon": -59.91313787435001}}, {"type": "Feature", "geometry": {"type": "Polygon", "coordinates": [[[-59.90864629793088, -3.106647536233946], [-59.8996631450897, -3.106647536233946], [-59.8996631450897, -3.09767754705819], [-59.90864629793088, -3.09767754705819], [-59.90864629793088, -3.106647536233946]]]}, "id": "-6669,-346", "properties": {"cell_id": "c_-59.9042_-3.1022", "lat": -3.102162544828704, "lon": -59.90415472152537}}, {"type": "Feature", "geometry": {"type": "Polygon", "coordinates": [[[-59.8996631450897, -3.106647536233946], [-59.8906799922485, -3.106647536233946], [-59.8906799922485, -3.09767754705819], [-59.8996631450897, -3.09767754705819], [-59.8996631450897, -3.106647536233946]]]}, "id": "-6668,-346", "properties": {"cell_id": "c_-59.8952_-3.1022", "lat": -3.1021625448234302, "lon": -59.89517156868946}}, {"type": "Feature", "geometry": {"type": "Polygon", "coordinates": [[[-59.8906799922485, -3.106647536233946], [-59.881696839407304, -3.106647536233946], [-59.881696839407304, -3.09767754705819], [-59.8906799922485, -3.09767754705819], [-59.8906799922485, -3.106647536233946]]]}, "id": "-6667,-346", "properties": {"cell_id": "c_-59.8862_-3.1022", "lat": -3.1021625448349885, "lon": -59.886188415814836}}, {"type": "Feature", "geometry": {"type": "Polygon", "coordinates": [[[-59.881696839407304, -3.106647536233946], [-59.8727136865661, -3.106647536233946], [-59.8727136865661, -3.09767754705819], [-59.881696839407304, -3.09767754705819], [-59.881696839407304, -3.106647536233946]]]}, "id": "-6666,-346", "properties": {"cell_id": "c_-59.8772_-3.1022", "lat": -3.102162544838445, "lon": -59.87720526298325}}, {"type": "Feature", "geometry": {"type": "Polygon", "coordinates": [[[-59.8727136865661, -3.106647536233946], [-59.863730533724905, -3.106647536233946], [-59.863730533724905, -3.09767754705819], [-59.8727136865661, -3.09767754705819], [-59.8727136865661, -3.106647536233946]]]}, "id": "-6665,-346", "properties": {"cell_id": "c_-59.8682_-3.1022", "lat": -3.102162544833812, "lon": -59.86822211014967}}, {"type": "Feature", "geometry": {"type": "Polygon", "coordinates": [[[-59.863730533724905, -3.106647536233946], [-59.85474738088371, -3.106647536233946], [-59.85474738088371, -3.09767754705819], [-59.863730533724905, -3.09767754705819], [-59.863730533724905, -3.106647536233946]]]}, "id": "-6664,-346", "properties": {"cell_id": "c_-59.8592_-3.1022", "lat": -3.1021625448358203, "lon": -59.85923895728583}}, {"type": "Feature", "geometry": {"type": "Polygon", "coordinates": [[[-59.85474738088371, -3.106647536233946], [-59.845764228042526, -3.106647536233946], [-59.845764228042526, -3.09767754705819], [-59.85474738088371, -3.09767754705819], [-59.85474738088371, -3.106647536233946]]]}, "id": "-6663,-346", "properties": {"cell_id": "c_-59.8503_-3.1022", "lat": -3.102162544844458, "lon": -59.85025580446684}}, {"type": "Feature", "geometry": {"type": "Polygon", "coordinates": [[[-59.845764228042526, -3.106647536233946], [-59.83678107520133, -3.106647536233946], [-59.83678107520133, -3.09767754705819], [-59.845764228042526, -3.09767754705819], [-59.845764228042526, -3.106647536233946]]]}, "id": "-6662,-346", "properties": {"cell_id": "c_-59.8413_-3.1022", "lat": -3.102162544824646, "lon": -59.841272651640764}}, {"type": "Feature", "geometry": {"type": "Polygon", "coordinates": [[[-59.83678107520133, -3.106647536233946], [-59.827797922360126, -3.106647536233946], [-59.827797922360126, -3.09767754705819], [-59.83678107520133, -3.09767754705819], [-59.83678107520133, -3.106647536233946]]]}, "id": "-6661,-346", "properties": {"cell_id": "c_-59.8323_-3.1022", "lat": -3.10216254481882, "lon": -59.832289498767494}}, {"type": "Feature", "geometry": {"type": "Polygon", "coordinates": [[[-59.827797922360126, -3.106647536233946], [-59.81881476951893, -3.106647536233946], [-59.81881476951893, -3.09767754705819], [-59.827797922360126, -3.09767754705819], [-59.827797922360126, -3.106647536233946]]]}, "id": "-6660,-346", "properties": {"cell_id": "c_-59.8233_-3.1022", "lat": -3.1021625448167804, "lon": -59.82330634596635}}, {"type": "Feature", "geometry": {"type": "Polygon", "coordinates": [[[-59.81881476951893, -3.106647536233946], [-59.809831616677734, -3.106647536233946], [-59.809831616677734, -3.09767754705819], [-59.81881476951893, -3.09767754705819], [-59.81881476951893, -3.106647536233946]]]}, "id": "-6659,-346", "properties": {"cell_id": "c_-59.8143_-3.1022", "lat": -3.102162544800988, "lon": -59.814323193078216}}, {"type": "Feature", "geometry": {"type": "Polygon", "coordinates": [[[-59.809831616677734, -3.106647536233946], [-59.80084846383654, -3.106647536233946], [-59.80084846383654, -3.09767754705819], [-59.809831616677734, -3.09767754705819], [-59.809831616677734, -3.106647536233946]]]}, "id": "-6658,-346", "properties": {"cell_id": "c_-59.8053_-3.1022", "lat": -3.1021625448167174, "lon": -59.80534004024046}}, {"type": "Feature", "geometry": {"type": "Polygon", "coordinates": [[[-59.80084846383654, -3.106647536233946], [-59.791865310995355, -3.106647536233946], [-59.791865310995355, -3.09767754705819], [-59.80084846383654, -3.09767754705819], [-59.80084846383654, -3.106647536233946]]]}, "id": "-6657,-346", "properties": {"cell_id": "c_-59.7964_-3.1022", "lat": -3.102162544826034, "lon": -59.796356887410724}}, {"type": "Feature", "geometry": {"type": "Polygon", "coordinates": [[[-59.791865310995355, -3.106647536233946], [-59.78288215815416, -3.106647536233946], [-59.78288215815416, -3.09767754705819], [-59.791865310995355, -3.09767754705819], [-59.791865310995355, -3.106647536233946]]]}, "id": "-6656,-346", "properties": {"cell_id": "c_-59.7874_-3.1022", "lat": -3.102162544818735, "lon": -59.7873737346064}}, {"type": "Feature", "geometry": {"type": "Polygon", "coordinates": [[[-59.78288215815416, -3.106647536233946], [-59.773899005312956, -3.106647536233946], [-59.773899005312956, -3.09767754705819], [-59.78288215815416, -3.09767754705819], [-59.78288215815416, -3.106647536233946]]]}, "id": "-6655,-346", "properties": {"cell_id": "c_-59.7784_-3.1022", "lat": -3.1021625448123458, "lon": -59.77839058172959}}, {"type": "Feature", "geometry": {"type": "Polygon", "coordinates": [[[-59.773899005312956, -3.106647536233946], [-59.76491585247176, -3.106647536233946], [-59.76491585247176, -3.09767754705819], [-59.773899005312956, -3.09767754705819], [-59.773899005312956, -3.106647536233946]]]}, "id": "-6654,-346", "properties": {"cell_id": "c_-59.7694_-3.1022", "lat": -3.1021625448243983, "lon": -59.76940742889302}}, {"type": "Feature", "geometry": {"type": "Polygon", "coordinates": [[[-59.76491585247176, -3.106647536233946], [-59.75593269963056, -3.106647536233946], [-59.75593269963056, -3.09767754705819], [-59.76491585247176, -3.09767754705819], [-59.76491585247176, -3.106647536233946]]]}, "id": "-6653,-346", "properties": {"cell_id": "c_-59.7604_-3.1022", "lat": -3.1021625448446812, "lon": -59.76042427604968}}, {"type": "Feature", "geometry": {"type": "Polygon", "coordinates": [[[-59.75593269963056, -3.106647536233946], [-59.74694954678938, -3.106647536233946], [-59.74694954678938, -3.09767754705819], [-59.75593269963056, -3.09767754705819], [-59.75593269963056, -3.106647536233946]]]}, "id": "-6652,-346", "properties": {"cell_id": "c_-59.7514_-3.1022", "lat": -3.1021625448454455, "lon": -59.75144112318512}}, {"type": "Feature", "geometry": {"type": "Polygon", "coordinates": [[[-60.20509034169033, -3.09767754705819], [-60.19610718884913, -3.09767754705819], [-60.19610718884913, -3.088707481884479], [-60.20509034169033, -3.088707481884479], [-60.20509034169033, -3.09767754705819]]]}, "id": "-6702,-345", "properties": {"cell_id": "c_-60.2006_-3.0932", "lat": -3.0931925176260595, "lon": -60.20059876529206}}, {"type": "Feature", "geometry": {"type": "Polygon", "coordinates": [[[-60.19610718884913, -3.09767754705819], [-60.18712403600794, -3.09767754705819], [-60.18712403600794, -3.088707481884479], [-60.19610718884913, -3.088707481884479], [-60.19610718884913, -3.09767754705819]]]}, "id": "-6701,-345", "properties": {"cell_id": "c_-60.1916_-3.0932", "lat": -3.0931925176227115, "lon": -60.19161561243943}}, {"type": "Feature", "geometry": {"type": "Polygon", "coordinates": [[[-60.18712403600794, -3.09767754705819], [-60.17814088316674, -3.09767754705819], [-60.17814088316674, -3.088707481884479], [-60.18712403600794, -3.088707481884479], [-60.18712403600794, -3.09767754705819]]]}, "id": "-6700,-345", "properties": {"cell_id": "c_-60.1826_-3.0932", "lat": -3.0931925176074095, "lon": -60.18263245957038}}, {"type": "Feature", "geometry": {"type": "Polygon", "coordinates": [[[-60.17814088316674, -3.09767754705819], [-60.16915773032555, -3.09767754705819], [-60.16915773032555, -3.088707481884479], [-60.17814088316674, -3.088707481884479], [-60.17814088316674, -3.09767754705819]]]}, "id": "-6699,-345", "properties": {"cell_id": "c_-60.1736_-3.0932", "lat": -3.0931925176052784, "lon": -60.17364930675128}}, {"type": "Feature", "geometry": {"type": "Polygon", "coordinates": [[[-60.16915773032555, -3.09767754705819], [-60.160174577484355, -3.09767754705819], [-60.160174577484355, -3.088707481884479], [-60.16915773032555, -3.088707481884479], [-60.16915773032555, -3.09767754705819]]]}, "id": "-6698,-345", "properties": {"cell_id": "c_-60.1647_-3.0932", "lat": -3.0931925176062167, "lon": -60.164666153897834}}, {"type": "Feature", "geometry": {"type": "Polygon", "coordinates": [[[-60.160174577484355, -3.09767754705819], [-60.15119142464316, -3.09767754705819], [-60.15119142464316, -3.088707481884479], [-60.160174577484355, -3.088707481884479], [-60.160174577484355, -3.09767754705819]]]}, "id": "-6697,-345", "properties": {"cell_id": "c_-60.1557_-3.0932", "lat": -3.093192517592635, "lon": -60.1556830010533}}, {"type": "Feature", "geometry": {"type": "Polygon", "coordinates": [[[-60.15119142464316, -3.09767754705819], [-60.14220827180196, -3.09767754705819], [-60.14220827180196, -3.088707481884479], [-60.15119142464316, -3.088707481884479], [-60.15119142464316, -3.09767754705819]]]}, "id": "-6696,-345", "properties": {"cell_id": "c_-60.1467_-3.0932", "lat": -3.093192517594678, "lon": -60.14669984824401}}, {"type": "Feature", "geometry": {"type": "Polygon", "coordinates": [[[-60.14220827180196, -3.09767754705819], [-60.133225118960766, -3.09767754705819], [-60.133225118960766, -3.088707481884479], [-60.14220827180196, -3.088707481884479], [-60.14220827180196, -3.09767754705819]]]}, "id": "-6695,-345", "properties": {"cell_id": "c_-60.1377_-3.0932", "lat": -3.0931925176072936, "lon": -60.13771669535499}}, {"type": "Feature", "geometry": {"type": "Polygon", "coordinates": [[[-60.133225118960766, -3.09767754705819], [-60.12424196611957, -3.09767754705819], [-60.12424196611957, -3.088707481884479], [-60.133225118960766, -3.088707481884479], [-60.133225118960766, -3.09767754705819]]]}, "id": "-6694,-345", "properties": {"cell_id": "c_-60.1287_-3.0932", "lat": -3.0931925176254342, "lon": -60.12873354255841}}, {"type": "Feature", "geometry": {"type": "Polygon", "coordinates": [[[-60.12424196611957, -3.09767754705819], [-60.11525881327838, -3.09767754705819], [-60.11525881327838, -3.088707481884479], [-60.12424196611957, -3.088707481884479], [-60.12424196611957, -3.09767754705819]]]}, "id": "-6693,-345", "properties": {"cell_id": "c_-60.1198_-3.0932", "lat": -3.0931925176339443, "lon": -60.11975038967374}}, {"type": "Feature", "geometry": {"type": "Polygon", "coordinates": [[[-60.11525881327838, -3.09767754705819], [-60.106275660437184, -3.09767754705819], [-60.106275660437184, -3.088707481884479], [-60.11525881327838, -3.088707481884479], [-60.11525881327838, -3.09767754705819]]]}, "id": "-6692,-345", "properties": {"cell_id": "c_-60.1108_-3.0932", "lat": -3.093192517620285, "lon": -60.110767236886254}}, {"type": "Feature", "geometry": {"type": "Polygon", "coordinates": [[[-60.106275660437184, -3.09767754705819], [-60.09729250759599, -3.09767754705819], [-60.09729250759599, -3.088707481884479], [-60.106275660437184, -3.088707481884479], [-60.106275660437184, -3.09767754705819]]]}, "id": "-6691,-345", "properties": {"cell_id": "c_-60.1018_-3.0932", "lat": -3.0931925176196384, "lon": -60.101784083999895}}, {"type": "Feature", "geometry": {"type": "Polygon", "coordinates": [[[-60.09729250759599, -3.09767754705819], [-60.08830935475479, -3.09767754705819], [-60.08830935475479, -3.088707481884479], [-60.09729250759599, -3.088707481884479], [-60.09729250759599, -3.09767754705819]]]}, "id": "-6690,-345", "properties": {"cell_id": "c_-60.0928_-3.0932", "lat": -3.093192517611787, "lon": -60.09280093119709}}, {"type": "Feature", "geometry": {"type": "Polygon", "coordinates": [[[-60.08830935475479, -3.09767754705819], [-60.079326201913595, -3.09767754705819], [-60.079326201913595, -3.088707481884479], [-60.08830935475479, -3.088707481884479], [-60.08830935475479, -3.09767754705819]]]}, "id": "-6689,-345", "properties": {"cell_id": "c_-60.0838_-3.0932", "lat": -3.0931925176143045, "lon": -60.08381777834023}}, {"type": "Feature", "geometry": {"type": "Polygon", "coordinates": [[[-60.079326201913595, -3.09767754705819], [-60.0703430490724, -3.09767754705819], [-60.0703430490724, -3.088707481884479], [-60.079326201913595, -3.088707481884479], [-60.079326201913595, -3.09767754705819]]]}, "id": "-6688,-345", "properties": {"cell_id": "c_-60.0748_-3.0932", "lat": -3.09319251761467, "lon": -60.074834625478225}}, {"type": "Feature", "geometry": {"type": "Polygon", "coordinates": [[[-60.0703430490724, -3.09767754705819], [-60.06135989623121, -3.09767754705819], [-60.06135989623121, -3.088707481884479], [-60.0703430490724, -3.088707481884479], [-60.0703430490724, -3.09767754705819]]]}, "id": "-6687,-345", "properties": {"cell_id": "c_-60.0659_-3.0932", "lat": -3.093192517602769, "lon": -60.06585147264685}}, {"type": "Feature", "geometry": {"type": "Polygon", "coordinates": [[[-60.06135989623121, -3.09767754705819], [-60.05237674339001, -3.09767754705819], [-60.05237674339001, -3.088707481884479], [-60.06135989623121, -3.088707481884479], [-60.06135989623121, -3.09767754705819]]]}, "id": "-6686,-345", "properties": {"cell_id": "c_-60.0569_-3.0932", "lat": -3.093192517603645, "lon": -60.05686831984774}}, {"type": "Feature", "geometry": {"type": "Polygon", "coordinates": [[[-60.05237674339001, -3.09767754705819], [-60.04339359054882, -3.09767754705819], [-60.04339359054882, -3.088707481884479], [-60.05237674339001, -3.088707481884479], [-60.05237674339001, -3.09767754705819]]]}, "id": "-6685,-345", "properties": {"cell_id": "c_-60.0479_-3.0932", "lat": -3.09319251759465, "lon": -60.047885166947864}}, {"type": "Feature", "geometry": {"type": "Polygon", "coordinates": [[[-60.04339359054882, -3.09767754705819], [-60.03441043770762, -3.09767754705819], [-60.03441043770762, -3.088707481884479], [-60.04339359054882, -3.088707481884479], [-60.04339359054882, -3.09767754705819]]]}, "id": "-6684,-345", "properties": {"cell_id": "c_-60.0389_-3.0932", "lat": -3.093192517593362, "lon": -60.03890201409666}}, {"type": "Feature", "geometry": {"type": "Polygon", "coordinates": [[[-60.03441043770762, -3.09767754705819], [-60.025427284866424, -3.09767754705819], [-60.025427284866424, -3.088707481884479], [-60.03441043770762, -3.088707481884479], [-60.03441043770762, -3.09767754705819]]]}, "id": "-6683,-345", "properties": {"cell_id": "c_-60.0299_-3.0932", "lat": -3.09319251759472, "lon": -60.029918861320596}}, {"type": "Feature", "geometry": {"type": "Polygon", "coordinates": [[[-60.025427284866424, -3.09767754705819], [-60.01644413202522, -3.09767754705819], [-60.01644413202522, -3.088707481884479], [-60.025427284866424, -3.088707481884479], [-60.025427284866424, -3.09767754705819]]]}, "id": "-6682,-345", "properties": {"cell_id": "c_-60.0209_-3.0932", "lat": -3.0931925175885904, "lon": -60.02093570843881}}, {"type": "Feature", "geometry": {"type": "Polygon", "coordinates": [[[-60.01644413202522, -3.09767754705819], [-60.00746097918404, -3.09767754705819], [-60.00746097918404, -3.088707481884479], [-60.01644413202522, -3.088707481884479], [-60.01644413202522, -3.09767754705819]]]}, "id": "-6681,-345", "properties": {"cell_id": "c_-60.0120_-3.0932", "lat": -3.0931925176050457, "lon": -60.01195255559831}}, {"type": "Feature", "geometry": {"type": "Polygon", "coordinates": [[[-60.00746097918404, -3.09767754705819], [-59.99847782634284, -3.09767754705819], [-59.99847782634284, -3.088707481884479], [-60.00746097918404, -3.088707481884479], [-60.00746097918404, -3.09767754705819]]]}, "id": "-6680,-345", "properties": {"cell_id": "c_-60.0030_-3.0932", "lat": -3.0931925176089488, "lon": -60.00296940276582}}, {"type": "Feature", "geometry": {"type": "Polygon", "coordinates": [[[-59.99847782634284, -3.09767754705819], [-59.989494673501646, -3.09767754705819], [-59.989494673501646, -3.088707481884479], [-59.99847782634284, -3.088707481884479], [-59.99847782634284, -3.09767754705819]]]}, "id": "-6679,-345", "properties": {"cell_id": "c_-59.9940_-3.0932", "lat": -3.0931925175901522, "lon": -59.993986249920766}}, {"type": "Feature", "geometry": {"type": "Polygon", "coordinates": [[[-59.989494673501646, -3.09767754705819], [-59.98051152066045, -3.09767754705819], [-59.98051152066045, -3.088707481884479], [-59.989494673501646, -3.088707481884479], [-59.989494673501646, -3.09767754705819]]]}, "id": "-6678,-345", "properties": {"cell_id": "c_-59.9850_-3.0932", "lat": -3.0931925175963007, "lon": -59.98500309707213}}, {"type": "Feature", "geometry": {"type": "Polygon", "coordinates": [[[-59.98051152066045, -3.09767754705819], [-59.971528367819246, -3.09767754705819], [-59.971528367819246, -3.088707481884479], [-59.98051152066045, -3.088707481884479], [-59.98051152066045, -3.09767754705819]]]}, "id": "-6677,-345", "properties": {"cell_id": "c_-59.9760_-3.0932", "lat": -3.0931925176098103, "lon": -59.9760199442489}}, {"type": "Feature", "geometry": {"type": "Polygon", "coordinates": [[[-59.971528367819246, -3.09767754705819], [-59.96254521497805, -3.09767754705819], [-59.96254521497805, -3.088707481884479], [-59.971528367819246, -3.088707481884479], [-59.971528367819246, -3.09767754705819]]]}, "id": "-6676,-345", "properties": {"cell_id": "c_-59.9670_-3.0932", "lat": -3.093192517602975, "lon": -59.96703679136821}}, {"type": "Feature", "geometry": {"type": "Polygon", "coordinates": [[[-59.96254521497805, -3.09767754705819], [-59.95356206213687, -3.09767754705819], [-59.95356206213687, -3.088707481884479], [-59.96254521497805, -3.088707481884479], [-59.96254521497805, -3.09767754705819]]]}, "id": "-6675,-345", "properties": {"cell_id": "c_-59.9581_-3.0932", "lat": -3.093192517610924, "lon": -59.958053638557146}}, {"type": "Feature", "geometry": {"type": "Polygon", "coordinates": [[[-59.95356206213687, -3.09767754705819], [-59.94457890929567, -3.09767754705819], [-59.94457890929567, -3.088707481884479], [-59.95356206213687, -3.088707481884479], [-59.95356206213687, -3.09767754705819]]]}, "id": "-6674,-345", "properties": {"cell_id": "c_-59.9491_-3.0932", "lat": -3.093192517618421, "lon": -59.94907048572668}}, {"type": "Feature", "geometry": {"type": "Polygon", "coordinates": [[[-59.94457890929567, -3.09767754705819], [-59.935595756454475, -3.09767754705819], [-59.935595756454475, -3.088707481884479], [-59.94457890929567, -3.088707481884479], [-59.94457890929567, -3.09767754705819]]]}, "id": "-6673,-345", "properties": {"cell_id": "c_-59.9401_-3.0932", "lat": -3.0931925176129846, "lon": -59.94008733287952}}, {"type": "Feature", "geometry": {"type": "Polygon", "coordinates": [[[-59.935595756454475, -3.09767754705819], [-59.92661260361328, -3.09767754705819], [-59.92661260361328, -3.088707481884479], [-59.935595756454475, -3.088707481884479], [-59.935595756454475, -3.09767754705819]]]}, "id": "-6672,-345", "properties": {"cell_id": "c_-59.9311_-3.0932", "lat": -3.093192517617262, "lon": -59.93110418007942}}, {"type": "Feature", "geometry": {"type": "Polygon", "coordinates": [[[-59.92661260361328, -3.09767754705819], [-59.917629450772075, -3.09767754705819], [-59.917629450772075, -3.088707481884479], [-59.92661260361328, -3.088707481884479], [-59.92661260361328, -3.09767754705819]]]}, "id": "-6671,-345", "properties": {"cell_id": "c_-59.9221_-3.0932", "lat": -3.0931925176234074, "lon": -59.92212102714392}}, {"type": "Feature", "geometry": {"type": "Polygon", "coordinates": [[[-59.917629450772075, -3.09767754705819], [-59.90864629793088, -3.09767754705819], [-59.90864629793088, -3.088707481884479], [-59.917629450772075, -3.088707481884479], [-59.917629450772075, -3.09767754705819]]]}, "id": "-6670,-345", "properties": {"cell_id": "c_-59.9131_-3.0932", "lat": -3.0931925176036925, "lon": -59.91313787434819}}, {"type": "Feature", "geometry": {"type": "Polygon", "coordinates": [[[-59.90864629793088, -3.09767754705819], [-59.8996631450897, -3.09767754705819], [-59.8996631450897, -3.088707481884479], [-59.90864629793088, -3.088707481884479], [-59.90864629793088, -3.09767754705819]]]}, "id": "-6669,-345", "properties": {"cell_id": "c_-59.9042_-3.0932", "lat": -3.0931925175932147, "lon": -59.90415472152691}}, {"type": "Feature", "geometry": {"type": "Polygon", "coordinates": [[[-59.8996631450897, -3.09767754705819], [-59.8906799922485, -3.09767754705819], [-59.8906799922485, -3.088707481884479], [-59.8996631450897, -3.088707481884479], [-59.8996631450897, -3.09767754705819]]]}, "id": "-6668,-345", "properties": {"cell_id": "c_-59.8952_-3.0932", "lat": -3.093192517602146, "lon": -59.89517156869158}}, {"type": "Feature", "geometry": {"type": "Polygon", "coordinates": [[[-59.8906799922485, -3.09767754705819], [-59.881696839407304, -3.09767754705819], [-59.881696839407304, -3.088707481884479], [-59.8906799922485, -3.088707481884479], [-59.8906799922485, -3.09767754705819]]]}, "id": "-6667,-345", "properties": {"cell_id": "c_-59.8862_-3.0932", "lat": -3.0931925175852184, "lon": -59.886188415807325}}, {"type": "Feature", "geometry": {"type": "Polygon", "coordinates": [[[-59.881696839407304, -3.09767754705819], [-59.8727136865661, -3.09767754705819], [-59.8727136865661, -3.088707481884479], [-59.881696839407304, -3.088707481884479], [-59.881696839407304, -3.09767754705819]]]}, "id": "-6666,-345", "properties": {"cell_id": "c_-59.8772_-3.0932", "lat": -3.093192517584903, "lon": -59.877205262993904}}, {"type": "Feature", "geometry": {"type": "Polygon", "coordinates": [[[-59.8727136865661, -3.09767754705819], [-59.863730533724905, -3.09767754705819], [-59.863730533724905, -3.088707481884479], [-59.8727136865661, -3.088707481884479], [-59.8727136865661, -3.09767754705819]]]}, "id": "-6665,-345", "properties": {"cell_id": "c_-59.8682_-3.0932", "lat": -3.093192517601198, "lon": -59.8682221101507}}, {"type": "Feature", "geometry": {"type": "Polygon", "coordinates": [[[-59.863730533724905, -3.09767754705819], [-59.85474738088371, -3.09767754705819], [-59.85474738088371, -3.088707481884479], [-59.863730533724905, -3.088707481884479], [-59.863730533724905, -3.09767754705819]]]}, "id": "-6664,-345", "properties": {"cell_id": "c_-59.8592_-3.0932", "lat": -3.0931925176063784, "lon": -59.85923895729201}}, {"type": "Feature", "geometry": {"type": "Polygon", "coordinates": [[[-59.85474738088371, -3.09767754705819], [-59.845764228042526, -3.09767754705819], [-59.845764228042526, -3.088707481884479], [-59.85474738088371, -3.088707481884479], [-59.85474738088371, -3.09767754705819]]]}, "id": "-6663,-345", "properties": {"cell_id": "c_-59.8503_-3.0932", "lat": -3.093192517617989, "lon": -59.85025580448096}}, {"type": "Feature", "geometry": {"type": "Polygon", "coordinates": [[[-59.845764228042526, -3.09767754705819], [-59.83678107520133, -3.09767754705819], [-59.83678107520133, -3.088707481884479], [-59.845764228042526, -3.088707481884479], [-59.845764228042526, -3.09767754705819]]]}, "id": "-6662,-345", "properties": {"cell_id": "c_-59.8413_-3.0932", "lat": -3.093192517615652, "lon": -59.841272651604456}}, {"type": "Feature", "geometry": {"type": "Polygon", "coordinates": [[[-59.83678107520133, -3.09767754705819], [-59.827797922360126, -3.09767754705819], [-59.827797922360126, -3.088707481884479], [-59.83678107520133, -3.088707481884479], [-59.83678107520133, -3.09767754705819]]]}, "id": "-6661,-345", "properties": {"cell_id": "c_-59.8323_-3.0932", "lat": -3.0931925175993613, "lon": -59.832289498781655}}, {"type": "Feature", "geometry": {"type": "Polygon", "coordinates": [[[-59.827797922360126, -3.09767754705819], [-59.81881476951893, -3.09767754705819], [-59.81881476951893, -3.088707481884479], [-59.827797922360126, -3.088707481884479], [-59.827797922360126, -3.09767754705819]]]}, "id": "-6660,-345", "properties": {"cell_id": "c_-59.8233_-3.0932", "lat": -3.093192517607051, "lon": -59.82330634595785}}, {"type": "Feature", "geometry": {"type": "Polygon", "coordinates": [[[-59.81881476951893, -3.09767754705819], [-59.809831616677734, -3.09767754705819], [-59.809831616677734, -3.088707481884479], [-59.81881476951893, -3.088707481884479], [-59.81881476951893, -3.09767754705819]]]}, "id": "-6659,-345", "properties": {"cell_id": "c_-59.8143_-3.0932", "lat": -3.0931925176081374, "lon": -59.81432319307197}}, {"type": "Feature", "geometry": {"type": "Polygon", "coordinates": [[[-59.809831616677734, -3.09767754705819], [-59.80084846383654, -3.09767754705819], [-59.80084846383654, -3.088707481884479], [-59.809831616677734, -3.088707481884479], [-59.809831616677734, -3.09767754705819]]]}, "id": "-6658,-345", "properties": {"cell_id": "c_-59.8053_-3.0932", "lat": -3.093192517592417, "lon": -59.80534004024669}}, {"type": "Feature", "geometry": {"type": "Polygon", "coordinates": [[[-59.80084846383654, -3.09767754705819], [-59.791865310995355, -3.09767754705819], [-59.791865310995355, -3.088707481884479], [-59.80084846383654, -3.088707481884479], [-59.80084846383654, -3.09767754705819]]]}, "id": "-6657,-345", "properties": {"cell_id": "c_-59.7964_-3.0932", "lat": -3.0931925176051513, "lon": -59.79635688742656}}, {"type": "Feature", "geometry": {"type": "Polygon", "coordinates": [[[-59.791865310995355, -3.09767754705819], [-59.78288215815416, -3.09767754705819], [-59.78288215815416, -3.088707481884479], [-59.791865310995355, -3.088707481884479], [-59.791865310995355, -3.09767754705819]]]}, "id": "-6656,-345", "properties": {"cell_id": "c_-59.7874_-3.0932", "lat": -3.0931925176186064, "lon": -59.78737373459673}}, {"type": "Feature", "geometry": {"type": "Polygon", "coordinates": [[[-59.78288215815416, -3.09767754705819], [-59.773899005312956, -3.09767754705819], [-59.773899005312956, -3.088707481884479], [-59.78288215815416, -3.088707481884479], [-59.78288215815416, -3.09767754705819]]]}, "id": "-6655,-345", "properties": {"cell_id": "c_-59.7784_-3.0932", "lat": -3.0931925176152535, "lon": -59.77839058172951}}, {"type": "Feature", "geometry": {"type": "Polygon", "coordinates": [[[-59.773899005312956, -3.09767754705819], [-59.76491585247176, -3.09767754705819], [-59.76491585247176, -3.088707481884479], [-59.773899005312956, -3.088707481884479], [-59.773899005312956, -3.09767754705819]]]}, "id": "-6654,-345", "properties": {"cell_id": "c_-59.7694_-3.0932", "lat": -3.09319251760242, "lon": -59.76940742889231}}, {"type": "Feature", "geometry": {"type": "Polygon", "coordinates": [[[-59.76491585247176, -3.09767754705819], [-59.75593269963056, -3.09767754705819], [-59.75593269963056, -3.088707481884479], [-59.76491585247176, -3.088707481884479], [-59.76491585247176, -3.09767754705819]]]}, "id": "-6653,-345", "properties": {"cell_id": "c_-59.7604_-3.0932", "lat": -3.0931925175874206, "lon": -59.760424276055694}}, {"type": "Feature", "geometry": {"type": "Polygon", "coordinates": [[[-59.75593269963056, -3.09767754705819], [-59.74694954678938, -3.09767754705819], [-59.74694954678938, -3.088707481884479], [-59.75593269963056, -3.088707481884479], [-59.75593269963056, -3.09767754705819]]]}, "id": "-6652,-345", "properties": {"cell_id": "c_-59.7514_-3.0932", "lat": -3.0931925175979966, "lon": -59.75144112319049}}, {"type": "Feature", "geometry": {"type": "Polygon", "coordinates": [[[-60.20509034169033, -3.088707481884479], [-60.19610718884913, -3.088707481884479], [-60.19610718884913, -3.0797373409320175], [-60.20509034169033, -3.0797373409320175], [-60.20509034169033, -3.088707481884479]]]}, "id": "-6702,-344", "properties": {"cell_id": "c_-60.2006_-3.0842", "lat": -3.0842224145645054, "lon": -60.200598765279885}}, {"type": "Feature", "geometry": {"type": "Polygon", "coordinates": [[[-60.19610718884913, -3.088707481884479], [-60.18712403600794, -3.088707481884479], [-60.18712403600794, -3.0797373409320175], [-60.19610718884913, -3.0797373409320175], [-60.19610718884913, -3.088707481884479]]]}, "id": "-6701,-344", "properties": {"cell_id": "c_-60.1916_-3.0842", "lat": -3.0842224145528045, "lon": -60.19161561243652}}, {"type": "Feature", "geometry": {"type": "Polygon", "coordinates": [[[-60.18712403600794, -3.088707481884479], [-60.17814088316674, -3.088707481884479], [-60.17814088316674, -3.0797373409320175], [-60.18712403600794, -3.0797373409320175], [-60.18712403600794, -3.088707481884479]]]}, "id": "-6700,-344", "properties": {"cell_id": "c_-60.1826_-3.0842", "lat": -3.0842224145614914, "lon": -60.18263245956666}}, {"type": "Feature", "geometry": {"type": "Polygon", "coordinates": [[[-60.17814088316674, -3.088707481884479], [-60.16915773032555, -3.088707481884479], [-60.16915773032555, -3.0797373409320175], [-60.17814088316674, -3.0797373409320175], [-60.17814088316674, -3.088707481884479]]]}, "id": "-6699,-344", "properties": {"cell_id": "c_-60.1736_-3.0842", "lat": -3.084222414560402, "lon": -60.17364930675179}}, {"type": "Feature", "geometry": {"type": "Polygon", "coordinates": [[[-60.16915773032555, -3.088707481884479], [-60.160174577484355, -3.088707481884479], [-60.160174577484355, -3.0797373409320175], [-60.16915773032555, -3.0797373409320175], [-60.16915773032555, -3.088707481884479]]]}, "id": "-6698,-344", "properties": {"cell_id": "c_-60.1647_-3.0842", "lat": -3.084222414567145, "lon": -60.16466615390502}}, {"type": "Feature", "geometry": {"type": "Polygon", "coordinates": [[[-60.160174577484355, -3.088707481884479], [-60.15119142464316, -3.088707481884479], [-60.15119142464316, -3.0797373409320175], [-60.160174577484355, -3.0797373409320175], [-60.160174577484355, -3.088707481884479]]]}, "id": "-6697,-344", "properties": {"cell_id": "c_-60.1557_-3.0842", "lat": -3.0842224145791306, "lon": -60.15568300104452}}, {"type": "Feature", "geometry": {"type": "Polygon", "coordinates": [[[-60.15119142464316, -3.088707481884479], [-60.14220827180196, -3.088707481884479], [-60.14220827180196, -3.0797373409320175], [-60.15119142464316, -3.0797373409320175], [-60.15119142464316, -3.088707481884479]]]}, "id": "-6696,-344", "properties": {"cell_id": "c_-60.1467_-3.0842", "lat": -3.0842224145787576, "lon": -60.14669984825447}}, {"type": "Feature", "geometry": {"type": "Polygon", "coordinates": [[[-60.14220827180196, -3.088707481884479], [-60.133225118960766, -3.088707481884479], [-60.133225118960766, -3.0797373409320175], [-60.14220827180196, -3.0797373409320175], [-60.14220827180196, -3.088707481884479]]]}, "id": "-6695,-344", "properties": {"cell_id": "c_-60.1377_-3.0842", "lat": -3.084222414583625, "lon": -60.13771669536202}}, {"type": "Feature", "geometry": {"type": "Polygon", "coordinates": [[[-60.133225118960766, -3.088707481884479], [-60.12424196611957, -3.088707481884479], [-60.12424196611957, -3.0797373409320175], [-60.133225118960766, -3.0797373409320175], [-60.133225118960766, -3.088707481884479]]]}, "id": "-6694,-344", "properties": {"cell_id": "c_-60.1287_-3.0842", "lat": -3.0842224145660406, "lon": -60.12873354255192}}, {"type": "Feature", "geometry": {"type": "Polygon", "coordinates": [[[-60.12424196611957, -3.088707481884479], [-60.11525881327838, -3.088707481884479], [-60.11525881327838, -3.0797373409320175], [-60.12424196611957, -3.0797373409320175], [-60.12424196611957, -3.088707481884479]]]}, "id": "-6693,-344", "properties": {"cell_id": "c_-60.1198_-3.0842", "lat": -3.0842224145611934, "lon": -60.119750389683894}}, {"type": "Feature", "geometry": {"type": "Polygon", "coordinates": [[[-60.11525881327838, -3.088707481884479], [-60.106275660437184, -3.088707481884479], [-60.106275660437184, -3.0797373409320175], [-60.11525881327838, -3.0797373409320175], [-60.11525881327838, -3.088707481884479]]]}, "id": "-6692,-344", "properties": {"cell_id": "c_-60.1108_-3.0842", "lat": -3.084222414576557, "lon": -60.11076723687782}}, {"type": "Feature", "geometry": {"type": "Polygon", "coordinates": [[[-60.106275660437184, -3.088707481884479], [-60.09729250759599, -3.088707481884479], [-60.09729250759599, -3.0797373409320175], [-60.106275660437184, -3.0797373409320175], [-60.106275660437184, -3.088707481884479]]]}, "id": "-6691,-344", "properties": {"cell_id": "c_-60.1018_-3.0842", "lat": -3.0842224145668524, "lon": -60.10178408399796}}, {"type": "Feature", "geometry": {"type": "Polygon", "coordinates": [[[-60.09729250759599, -3.088707481884479], [-60.08830935475479, -3.088707481884479], [-60.08830935475479, -3.0797373409320175], [-60.09729250759599, -3.0797373409320175], [-60.09729250759599, -3.088707481884479]]]}, "id": "-6690,-344", "properties": {"cell_id": "c_-60.0928_-3.0842", "lat": -3.084222414559773, "lon": -60.092800931184065}}, {"type": "Feature", "geometry": {"type": "Polygon", "coordinates": [[[-60.08830935475479, -3.088707481884479], [-60.079326201913595, -3.088707481884479], [-60.079326201913595, -3.0797373409320175], [-60.08830935475479, -3.0797373409320175], [-60.08830935475479, -3.088707481884479]]]}, "id": "-6689,-344", "properties": {"cell_id": "c_-60.0838_-3.0842", "lat": -3.0842224145627988, "lon": -60.08381777835882}}, {"type": "Feature", "geometry": {"type": "Polygon", "coordinates": [[[-60.079326201913595, -3.088707481884479], [-60.0703430490724, -3.088707481884479], [-60.0703430490724, -3.0797373409320175], [-60.079326201913595, -3.0797373409320175], [-60.079326201913595, -3.088707481884479]]]}, "id": "-6688,-344", "properties": {"cell_id": "c_-60.0748_-3.0842", "lat": -3.084222414560751, "lon": -60.07483462545797}}, {"type": "Feature", "geometry": {"type": "Polygon", "coordinates": [[[-60.0703430490724, -3.088707481884479], [-60.06135989623121, -3.088707481884479], [-60.06135989623121, -3.0797373409320175], [-60.0703430490724, -3.0797373409320175], [-60.0703430490724, -3.088707481884479]]]}, "id": "-6687,-344", "properties": {"cell_id": "c_-60.0659_-3.0842", "lat": -3.0842224145586923, "lon": -60.06585147265312}}, {"type": "Feature", "geometry": {"type": "Polygon", "coordinates": [[[-60.06135989623121, -3.088707481884479], [-60.05237674339001, -3.088707481884479], [-60.05237674339001, -3.0797373409320175], [-60.06135989623121, -3.0797373409320175], [-60.06135989623121, -3.088707481884479]]]}, "id": "-6686,-344", "properties": {"cell_id": "c_-60.0569_-3.0842", "lat": -3.084222414564077, "lon": -60.05686831984772}}, {"type": "Feature", "geometry": {"type": "Polygon", "coordinates": [[[-60.05237674339001, -3.088707481884479], [-60.04339359054882, -3.088707481884479], [-60.04339359054882, -3.0797373409320175], [-60.05237674339001, -3.0797373409320175], [-60.05237674339001, -3.088707481884479]]]}, "id": "-6685,-344", "properties": {"cell_id": "c_-60.0479_-3.0842", "lat": -3.0842224145769075, "lon": -60.047885166951716}}, {"type": "Feature", "geometry": {"type": "Polygon", "coordinates": [[[-60.04339359054882, -3.088707481884479], [-60.03441043770762, -3.088707481884479], [-60.03441043770762, -3.0797373409320175], [-60.04339359054882, -3.0797373409320175], [-60.04339359054882, -3.088707481884479]]]}, "id": "-6684,-344", "properties": {"cell_id": "c_-60.0389_-3.0842", "lat": -3.08422241459212, "lon": -60.03890201410674}}, {"type": "Feature", "geometry": {"type": "Polygon", "coordinates": [[[-60.03441043770762, -3.088707481884479], [-60.025427284866424, -3.088707481884479], [-60.025427284866424, -3.0797373409320175], [-60.03441043770762, -3.0797373409320175], [-60.03441043770762, -3.088707481884479]]]}, "id": "-6683,-344", "properties": {"cell_id": "c_-60.0299_-3.0842", "lat": -3.0842224145894557, "lon": -60.029918861309184}}, {"type": "Feature", "geometry": {"type": "Polygon", "coordinates": [[[-60.025427284866424, -3.088707481884479], [-60.01644413202522, -3.088707481884479], [-60.01644413202522, -3.0797373409320175], [-60.025427284866424, -3.0797373409320175], [-60.025427284866424, -3.088707481884479]]]}, "id": "-6682,-344", "properties": {"cell_id": "c_-60.0209_-3.0842", "lat": -3.0842224145790453, "lon": -60.02093570843365}}, {"type": "Feature", "geometry": {"type": "Polygon", "coordinates": [[[-60.01644413202522, -3.088707481884479], [-60.00746097918404, -3.088707481884479], [-60.00746097918404, -3.0797373409320175], [-60.01644413202522, -3.0797373409320175], [-60.01644413202522, -3.088707481884479]]]}, "id": "-6681,-344", "properties": {"cell_id": "c_-60.0120_-3.0842", "lat": -3.084222414578467, "lon": -60.01195255561938}}, {"type": "Feature", "geometry": {"type": "Polygon", "coordinates": [[[-60.00746097918404, -3.088707481884479], [-59.99847782634284, -3.088707481884479], [-59.99847782634284, -3.0797373409320175], [-60.00746097918404, -3.0797373409320175], [-60.00746097918404, -3.088707481884479]]]}, "id": "-6680,-344", "properties": {"cell_id": "c_-60.0030_-3.0842", "lat": -3.084222414579944, "lon": -60.002969402750146}}, {"type": "Feature", "geometry": {"type": "Polygon", "coordinates": [[[-59.99847782634284, -3.088707481884479], [-59.989494673501646, -3.088707481884479], [-59.989494673501646, -3.0797373409320175], [-59.99847782634284, -3.0797373409320175], [-59.99847782634284, -3.088707481884479]]]}, "id": "-6679,-344", "properties": {"cell_id": "c_-59.9940_-3.0842", "lat": -3.084222414593614, "lon": -59.993986249931304}}, {"type": "Feature", "geometry": {"type": "Polygon", "coordinates": [[[-59.989494673501646, -3.088707481884479], [-59.98051152066045, -3.088707481884479], [-59.98051152066045, -3.0797373409320175], [-59.989494673501646, -3.0797373409320175], [-59.989494673501646, -3.088707481884479]]]}, "id": "-6678,-344", "properties": {"cell_id": "c_-59.9850_-3.0842", "lat": -3.0842224145968378, "lon": -59.98500309707098}}, {"type": "Feature", "geometry": {"type": "Polygon", "coordinates": [[[-59.98051152066045, -3.088707481884479], [-59.971528367819246, -3.088707481884479], [-59.971528367819246, -3.0797373409320175], [-59.98051152066045, -3.0797373409320175], [-59.98051152066045, -3.088707481884479]]]}, "id": "-6677,-344", "properties": {"cell_id": "c_-59.9760_-3.0842", "lat": -3.084222414591966, "lon": -59.97601994425872}}, {"type": "Feature", "geometry": {"type": "Polygon", "coordinates": [[[-59.971528367819246, -3.088707481884479], [-59.96254521497805, -3.088707481884479], [-59.96254521497805, -3.0797373409320175], [-59.971528367819246, -3.0797373409320175], [-59.971528367819246, -3.088707481884479]]]}, "id": "-6676,-344", "properties": {"cell_id": "c_-59.9670_-3.0842", "lat": -3.0842224146016375, "lon": -59.96703679136124}}, {"type": "Feature", "geometry": {"type": "Polygon", "coordinates": [[[-59.96254521497805, -3.088707481884479], [-59.95356206213687, -3.088707481884479], [-59.95356206213687, -3.0797373409320175], [-59.96254521497805, -3.0797373409320175], [-59.96254521497805, -3.088707481884479]]]}, "id": "-6675,-344", "properties": {"cell_id": "c_-59.9581_-3.0842", "lat": -3.0842224145981336, "lon": -59.95805363856857}}, {"type": "Feature", "geometry": {"type": "Polygon", "coordinates": [[[-59.95356206213687, -3.088707481884479], [-59.94457890929567, -3.088707481884479], [-59.94457890929567, -3.0797373409320175], [-59.95356206213687, -3.0797373409320175], [-59.95356206213687, -3.088707481884479]]]}, "id": "-6674,-344", "properties": {"cell_id": "c_-59.9491_-3.0842", "lat": -3.0842224145814643, "lon": -59.94907048570608}}, {"type": "Feature", "geometry": {"type": "Polygon", "coordinates": [[[-59.94457890929567, -3.088707481884479], [-59.935595756454475, -3.088707481884479], [-59.935595756454475, -3.0797373409320175], [-59.94457890929567, -3.0797373409320175], [-59.94457890929567, -3.088707481884479]]]}, "id": "-6673,-344", "properties": {"cell_id": "c_-59.9401_-3.0842", "lat": -3.0842224145664323, "lon": -59.94008733287964}}, {"type": "Feature", "geometry": {"type": "Polygon", "coordinates": [[[-59.935595756454475, -3.088707481884479], [-59.92661260361328, -3.088707481884479], [-59.92661260361328, -3.0797373409320175], [-59.935595756454475, -3.0797373409320175], [-59.935595756454475, -3.088707481884479]]]}, "id": "-6672,-344", "properties": {"cell_id": "c_-59.9311_-3.0842", "lat": -3.0842224145581087, "lon": -59.93110418007527}}, {"type": "Feature", "geometry": {"type": "Polygon", "coordinates": [[[-59.92661260361328, -3.088707481884479], [-59.917629450772075, -3.088707481884479], [-59.917629450772075, -3.0797373409320175], [-59.92661260361328, -3.0797373409320175], [-59.92661260361328, -3.088707481884479]]]}, "id": "-6671,-344", "properties": {"cell_id": "c_-59.9221_-3.0842", "lat": -3.084222414561578, "lon": -59.9221210271577}}, {"type": "Feature", "geometry": {"type": "Polygon", "coordinates": [[[-59.917629450772075, -3.088707481884479], [-59.90864629793088, -3.088707481884479], [-59.90864629793088, -3.0797373409320175], [-59.917629450772075, -3.0797373409320175], [-59.917629450772075, -3.088707481884479]]]}, "id": "-6670,-344", "properties": {"cell_id": "c_-59.9131_-3.0842", "lat": -3.084222414574065, "lon": -59.91313787432717}}, {"type": "Feature", "geometry": {"type": "Polygon", "coordinates": [[[-59.90864629793088, -3.088707481884479], [-59.8996631450897, -3.088707481884479], [-59.8996631450897, -3.0797373409320175], [-59.90864629793088, -3.0797373409320175], [-59.90864629793088, -3.088707481884479]]]}, "id": "-6669,-344", "properties": {"cell_id": "c_-59.9042_-3.0842", "lat": -3.084222414588182, "lon": -59.90415472155158}}, {"type": "Feature", "geometry": {"type": "Polygon", "coordinates": [[[-59.8996631450897, -3.088707481884479], [-59.8906799922485, -3.088707481884479], [-59.8906799922485, -3.0797373409320175], [-59.8996631450897, -3.0797373409320175], [-59.8996631450897, -3.088707481884479]]]}, "id": "-6668,-344", "properties": {"cell_id": "c_-59.8952_-3.0842", "lat": -3.0842224145835955, "lon": -59.89517156867126}}, {"type": "Feature", "geometry": {"type": "Polygon", "coordinates": [[[-59.8906799922485, -3.088707481884479], [-59.881696839407304, -3.088707481884479], [-59.881696839407304, -3.0797373409320175], [-59.8906799922485, -3.0797373409320175], [-59.8906799922485, -3.088707481884479]]]}, "id": "-6667,-344", "properties": {"cell_id": "c_-59.8862_-3.0842", "lat": -3.084222414577853, "lon": -59.88618841580495}}, {"type": "Feature", "geometry": {"type": "Polygon", "coordinates": [[[-59.881696839407304, -3.088707481884479], [-59.8727136865661, -3.088707481884479], [-59.8727136865661, -3.0797373409320175], [-59.881696839407304, -3.0797373409320175], [-59.881696839407304, -3.088707481884479]]]}, "id": "-6666,-344", "properties": {"cell_id": "c_-59.8772_-3.0842", "lat": -3.08422241457832, "lon": -59.87720526299645}}, {"type": "Feature", "geometry": {"type": "Polygon", "coordinates": [[[-59.8727136865661, -3.088707481884479], [-59.863730533724905, -3.088707481884479], [-59.863730533724905, -3.0797373409320175], [-59.8727136865661, -3.0797373409320175], [-59.8727136865661, -3.088707481884479]]]}, "id": "-6665,-344", "properties": {"cell_id": "c_-59.8682_-3.0842", "lat": -3.0842224145748163, "lon": -59.868222110160964}}, {"type": "Feature", "geometry": {"type": "Polygon", "coordinates": [[[-59.863730533724905, -3.088707481884479], [-59.85474738088371, -3.088707481884479], [-59.85474738088371, -3.0797373409320175], [-59.863730533724905, -3.0797373409320175], [-59.863730533724905, -3.088707481884479]]]}, "id": "-6664,-344", "properties": {"cell_id": "c_-59.8592_-3.0842", "lat": -3.084222414580343, "lon": -59.85923895729245}}, {"type": "Feature", "geometry": {"type": "Polygon", "coordinates": [[[-59.85474738088371, -3.088707481884479], [-59.845764228042526, -3.088707481884479], [-59.845764228042526, -3.0797373409320175], [-59.85474738088371, -3.0797373409320175], [-59.85474738088371, -3.088707481884479]]]}, "id": "-6663,-344", "properties": {"cell_id": "c_-59.8503_-3.0842", "lat": -3.0842224145717156, "lon": -59.85025580448349}}, {"type": "Feature", "geometry": {"type": "Polygon", "coordinates": [[[-59.845764228042526, -3.088707481884479], [-59.83678107520133, -3.088707481884479], [-59.83678107520133, -3.0797373409320175], [-59.845764228042526, -3.0797373409320175], [-59.845764228042526, -3.088707481884479]]]}, "id": "-6662,-344", "properties": {"cell_id": "c_-59.8413_-3.0842", "lat": -3.0842224145664727, "lon": -59.84127265159433}}, {"type": "Feature", "geometry": {"type": "Polygon", "coordinates": [[[-59.83678107520133, -3.088707481884479], [-59.827797922360126, -3.088707481884479], [-59.827797922360126, -3.0797373409320175], [-59.83678107520133, -3.0797373409320175], [-59.83678107520133, -3.088707481884479]]]}, "id": "-6661,-344", "properties": {"cell_id": "c_-59.8323_-3.0842", "lat": -3.0842224145747994, "lon": -59.832289498783794}}, {"type": "Feature", "geometry": {"type": "Polygon", "coordinates": [[[-59.827797922360126, -3.088707481884479], [-59.81881476951893, -3.088707481884479], [-59.81881476951893, -3.0797373409320175], [-59.827797922360126, -3.0797373409320175], [-59.827797922360126, -3.088707481884479]]]}, "id": "-6660,-344", "properties": {"cell_id": "c_-59.8233_-3.0842", "lat": -3.084222414576313, "lon": -59.82330634596492}}, {"type": "Feature", "geometry": {"type": "Polygon", "coordinates": [[[-59.81881476951893, -3.088707481884479], [-59.809831616677734, -3.088707481884479], [-59.809831616677734, -3.0797373409320175], [-59.81881476951893, -3.0797373409320175], [-59.81881476951893, -3.088707481884479]]]}, "id": "-6659,-344", "properties": {"cell_id": "c_-59.8143_-3.0842", "lat": -3.084222414571016, "lon": -59.81432319306067}}, {"type": "Feature", "geometry": {"type": "Polygon", "coordinates": [[[-59.809831616677734, -3.088707481884479], [-59.80084846383654, -3.088707481884479], [-59.80084846383654, -3.0797373409320175], [-59.809831616677734, -3.0797373409320175], [-59.809831616677734, -3.088707481884479]]]}, "id": "-6658,-344", "properties": {"cell_id": "c_-59.8053_-3.0842", "lat": -3.0842224145939814, "lon": -59.80534004026524}}, {"type": "Feature", "geometry": {"type": "Polygon", "coordinates": [[[-59.80084846383654, -3.088707481884479], [-59.791865310995355, -3.088707481884479], [-59.791865310995355, -3.0797373409320175], [-59.80084846383654, -3.0797373409320175], [-59.80084846383654, -3.088707481884479]]]}, "id": "-6657,-344", "properties": {"cell_id": "c_-59.7964_-3.0842", "lat": -3.0842224145999304, "lon": -59.79635688742674}}, {"type": "Feature", "geometry": {"type": "Polygon", "coordinates": [[[-59.791865310995355, -3.088707481884479], [-59.78288215815416, -3.088707481884479], [-59.78288215815416, -3.0797373409320175], [-59.791865310995355, -3.0797373409320175], [-59.791865310995355, -3.088707481884479]]]}, "id": "-6656,-344", "properties": {"cell_id": "c_-59.7874_-3.0842", "lat": -3.084222414578676, "lon": -59.78737373458873}}, {"type": "Feature", "geometry": {"type": "Polygon", "coordinates": [[[-59.78288215815416, -3.088707481884479], [-59.773899005312956, -3.088707481884479], [-59.773899005312956, -3.0797373409320175], [-59.78288215815416, -3.0797373409320175], [-59.78288215815416, -3.088707481884479]]]}, "id": "-6655,-344", "properties": {"cell_id": "c_-59.7784_-3.0842", "lat": -3.0842224145725905, "lon": -59.77839058172805}}, {"type": "Feature", "geometry": {"type": "Polygon", "coordinates": [[[-59.773899005312956, -3.088707481884479], [-59.76491585247176, -3.088707481884479], [-59.76491585247176, -3.0797373409320175], [-59.773899005312956, -3.0797373409320175], [-59.773899005312956, -3.088707481884479]]]}, "id": "-6654,-344", "properties": {"cell_id": "c_-59.7694_-3.0842", "lat": -3.084222414564136, "lon": -59.76940742887246}}, {"type": "Feature", "geometry": {"type": "Polygon", "coordinates": [[[-59.76491585247176, -3.088707481884479], [-59.75593269963056, -3.088707481884479], [-59.75593269963056, -3.0797373409320175], [-59.76491585247176, -3.0797373409320175], [-59.76491585247176, -3.088707481884479]]]}, "id": "-6653,-344", "properties": {"cell_id": "c_-59.7604_-3.0842", "lat": -3.0842224145737447, "lon": -59.76042427607013}}, {"type": "Feature", "geometry": {"type": "Polygon", "coordinates": [[[-59.75593269963056, -3.088707481884479], [-59.74694954678938, -3.088707481884479], [-59.74694954678938, -3.0797373409320175], [-59.75593269963056, -3.0797373409320175], [-59.75593269963056, -3.088707481884479]]]}, "id": "-6652,-344", "properties": {"cell_id": "c_-59.7514_-3.0842", "lat": -3.084222414570781, "lon": -59.75144112318364}}, {"type": "Feature", "geometry": {"type": "Polygon", "coordinates": [[[-60.20509034169033, -3.0797373409320175], [-60.19610718884913, -3.0797373409320175], [-60.19610718884913, -3.0707671244200596], [-60.20509034169033, -3.0707671244200596], [-60.20509034169033, -3.0797373409320175]]]}, "id": "-6702,-343", "properties": {"cell_id": "c_-60.2006_-3.0753", "lat": -3.0752522358471976, "lon": -60.2005987652708}}, {"type": "Feature", "geometry": {"type": "Polygon", "coordinates": [[[-60.19610718884913, -3.0797373409320175], [-60.18712403600794, -3.0797373409320175], [-60.18712403600794, -3.0707671244200596], [-60.19610718884913, -3.0707671244200596], [-60.19610718884913, -3.0797373409320175]]]}, "id": "-6701,-343", "properties": {"cell_id": "c_-60.1916_-3.0753", "lat": -3.0752522358521768, "lon": -60.19161561243888}}, {"type": "Feature", "geometry": {"type": "Polygon", "coordinates": [[[-60.18712403600794, -3.0797373409320175], [-60.17814088316674, -3.0797373409320175], [-60.17814088316674, -3.0707671244200596], [-60.18712403600794, -3.0707671244200596], [-60.18712403600794, -3.0797373409320175]]]}, "id": "-6700,-343", "properties": {"cell_id": "c_-60.1826_-3.0753", "lat": -3.0752522358470764, "lon": -60.182632459567884}}, {"type": "Feature", "geometry": {"type": "Polygon", "coordinates": [[[-60.17814088316674, -3.0797373409320175], [-60.16915773032555, -3.0797373409320175], [-60.16915773032555, -3.0707671244200596], [-60.17814088316674, -3.0707671244200596], [-60.17814088316674, -3.0797373409320175]]]}, "id": "-6699,-343", "properties": {"cell_id": "c_-60.1736_-3.0753", "lat": -3.0752522358444554, "lon": -60.17364930674684}}, {"type": "Feature", "geometry": {"type": "Polygon", "coordinates": [[[-60.16915773032555, -3.0797373409320175], [-60.160174577484355, -3.0797373409320175], [-60.160174577484355, -3.0707671244200596], [-60.16915773032555, -3.0707671244200596], [-60.16915773032555, -3.0797373409320175]]]}, "id": "-6698,-343", "properties": {"cell_id": "c_-60.1647_-3.0753", "lat": -3.0752522358467798, "lon": -60.164666153919036}}, {"type": "Feature", "geometry": {"type": "Polygon", "coordinates": [[[-60.160174577484355, -3.0797373409320175], [-60.15119142464316, -3.0797373409320175], [-60.15119142464316, -3.0707671244200596], [-60.160174577484355, -3.0707671244200596], [-60.160174577484355, -3.0797373409320175]]]}, "id": "-6697,-343", "properties": {"cell_id": "c_-60.1557_-3.0753", "lat": -3.0752522358364494, "lon": -60.155683001032145}}, {"type": "Feature", "geometry": {"type": "Polygon", "coordinates": [[[-60.15119142464316, -3.0797373409320175], [-60.14220827180196, -3.0797373409320175], [-60.14220827180196, -3.0707671244200596], [-60.15119142464316, -3.0707671244200596], [-60.15119142464316, -3.0797373409320175]]]}, "id": "-6696,-343", "properties": {"cell_id": "c_-60.1467_-3.0753", "lat": -3.0752522358134673, "lon": -60.14669984824345}}, {"type": "Feature", "geometry": {"type": "Polygon", "coordinates": [[[-60.14220827180196, -3.0797373409320175], [-60.133225118960766, -3.0797373409320175], [-60.133225118960766, -3.0707671244200596], [-60.14220827180196, -3.0707671244200596], [-60.14220827180196, -3.0797373409320175]]]}, "id": "-6695,-343", "properties": {"cell_id": "c_-60.1377_-3.0753", "lat": -3.0752522358079797, "lon": -60.13771669537243}}, {"type": "Feature", "geometry": {"type": "Polygon", "coordinates": [[[-60.133225118960766, -3.0797373409320175], [-60.12424196611957, -3.0797373409320175], [-60.12424196611957, -3.0707671244200596], [-60.133225118960766, -3.0707671244200596], [-60.133225118960766, -3.0797373409320175]]]}, "id": "-6694,-343", "properties": {"cell_id": "c_-60.1287_-3.0753", "lat": -3.075252235822426, "lon": -60.128733542538384}}, {"type": "Feature", "geometry": {"type": "Polygon", "coordinates": [[[-60.12424196611957, -3.0797373409320175], [-60.11525881327838, -3.0797373409320175], [-60.11525881327838, -3.0707671244200596], [-60.12424196611957, -3.0707671244200596], [-60.12424196611957, -3.0797373409320175]]]}, "id": "-6693,-343", "properties": {"cell_id": "c_-60.1198_-3.0753", "lat": -3.0752522358216146, "lon": -60.11975038969177}}, {"type": "Feature", "geometry": {"type": "Polygon", "coordinates": [[[-60.11525881327838, -3.0797373409320175], [-60.106275660437184, -3.0797373409320175], [-60.106275660437184, -3.0707671244200596], [-60.11525881327838, -3.0707671244200596], [-60.11525881327838, -3.0797373409320175]]]}, "id": "-6692,-343", "properties": {"cell_id": "c_-60.1108_-3.0753", "lat": -3.0752522358055563, "lon": -60.11076723686926}}, {"type": "Feature", "geometry": {"type": "Polygon", "coordinates": [[[-60.106275660437184, -3.0797373409320175], [-60.09729250759599, -3.0797373409320175], [-60.09729250759599, -3.0707671244200596], [-60.106275660437184, -3.0707671244200596], [-60.106275660437184, -3.0797373409320175]]]}, "id": "-6691,-343", "properties": {"cell_id": "c_-60.1018_-3.0753", "lat": -3.0752522358219627, "lon": -60.10178408401324}}, {"type": "Feature", "geometry": {"type": "Polygon", "coordinates": [[[-60.09729250759599, -3.0797373409320175], [-60.08830935475479, -3.0797373409320175], [-60.08830935475479, -3.0707671244200596], [-60.09729250759599, -3.0707671244200596], [-60.09729250759599, -3.0797373409320175]]]}, "id": "-6690,-343", "properties": {"cell_id": "c_-60.0928_-3.0753", "lat": -3.075252235843133, "lon": -60.09280093118291}}, {"type": "Feature", "geometry": {"type": "Polygon", "coordinates": [[[-60.08830935475479, -3.0797373409320175], [-60.079326201913595, -3.0797373409320175], [-60.079326201913595, -3.0707671244200596], [-60.08830935475479, -3.0707671244200596], [-60.08830935475479, -3.0797373409320175]]]}, "id": "-6689,-343", "properties": {"cell_id": "c_-60.0838_-3.0753", "lat": -3.075252235841368, "lon": -60.08381777836124}}, {"type": "Feature", "geometry": {"type": "Polygon", "coordinates": [[[-60.079326201913595, -3.0797373409320175], [-60.0703430490724, -3.0797373409320175], [-60.0703430490724, -3.0707671244200596], [-60.079326201913595, -3.0707671244200596], [-60.079326201913595, -3.0797373409320175]]]}, "id": "-6688,-343", "properties": {"cell_id": "c_-60.0748_-3.0753", "lat": -3.075252235834255, "lon": -60.074834625446364}}, {"type": "Feature", "geometry": {"type": "Polygon", "coordinates": [[[-60.0703430490724, -3.0797373409320175], [-60.06135989623121, -3.0797373409320175], [-60.06135989623121, -3.0707671244200596], [-60.0703430490724, -3.0707671244200596], [-60.0703430490724, -3.0797373409320175]]]}, "id": "-6687,-343", "properties": {"cell_id": "c_-60.0659_-3.0753", "lat": -3.0752522358343084, "lon": -60.065851472662715}}, {"type": "Feature", "geometry": {"type": "Polygon", "coordinates": [[[-60.06135989623121, -3.0797373409320175], [-60.05237674339001, -3.0797373409320175], [-60.05237674339001, -3.0707671244200596], [-60.06135989623121, -3.0707671244200596], [-60.06135989623121, -3.0797373409320175]]]}, "id": "-6686,-343", "properties": {"cell_id": "c_-60.0569_-3.0753", "lat": -3.075252235841536, "lon": -60.056868319850764}}, {"type": "Feature", "geometry": {"type": "Polygon", "coordinates": [[[-60.05237674339001, -3.0797373409320175], [-60.04339359054882, -3.0797373409320175], [-60.04339359054882, -3.0707671244200596], [-60.05237674339001, -3.0707671244200596], [-60.05237674339001, -3.0797373409320175]]]}, "id": "-6685,-343", "properties": {"cell_id": "c_-60.0479_-3.0753", "lat": -3.075252235828236, "lon": -60.04788516694822}}, {"type": "Feature", "geometry": {"type": "Polygon", "coordinates": [[[-60.04339359054882, -3.0797373409320175], [-60.03441043770762, -3.0797373409320175], [-60.03441043770762, -3.0707671244200596], [-60.04339359054882, -3.0707671244200596], [-60.04339359054882, -3.0797373409320175]]]}, "id": "-6684,-343", "properties": {"cell_id": "c_-60.0389_-3.0753", "lat": -3.075252235819435, "lon": -60.03890201411668}}, {"type": "Feature", "geometry": {"type": "Polygon", "coordinates": [[[-60.03441043770762, -3.0797373409320175], [-60.025427284866424, -3.0797373409320175], [-60.025427284866424, -3.0707671244200596], [-60.03441043770762, -3.0707671244200596], [-60.03441043770762, -3.0797373409320175]]]}, "id": "-6683,-343", "properties": {"cell_id": "c_-60.0299_-3.0753", "lat": -3.075252235820196, "lon": -60.02991886129734}}, {"type": "Feature", "geometry": {"type": "Polygon", "coordinates": [[[-60.025427284866424, -3.0797373409320175], [-60.01644413202522, -3.0797373409320175], [-60.01644413202522, -3.0707671244200596], [-60.025427284866424, -3.0707671244200596], [-60.025427284866424, -3.0797373409320175]]]}, "id": "-6682,-343", "properties": {"cell_id": "c_-60.0209_-3.0753", "lat": -3.075252235837958, "lon": -60.020935708452846}}, {"type": "Feature", "geometry": {"type": "Polygon", "coordinates": [[[-60.01644413202522, -3.0797373409320175], [-60.00746097918404, -3.0797373409320175], [-60.00746097918404, -3.0707671244200596], [-60.01644413202522, -3.0707671244200596], [-60.01644413202522, -3.0797373409320175]]]}, "id": "-6681,-343", "properties": {"cell_id": "c_-60.0120_-3.0753", "lat": -3.0752522358274406, "lon": -60.011952555589076}}, {"type": "Feature", "geometry": {"type": "Polygon", "coordinates": [[[-60.00746097918404, -3.0797373409320175], [-59.99847782634284, -3.0797373409320175], [-59.99847782634284, -3.0707671244200596], [-60.00746097918404, -3.0707671244200596], [-60.00746097918404, -3.0797373409320175]]]}, "id": "-6680,-343", "properties": {"cell_id": "c_-60.0030_-3.0753", "lat": -3.0752522358112877, "lon": -60.00296940276576}}, {"type": "Feature", "geometry": {"type": "Polygon", "coordinates": [[[-59.99847782634284, -3.0797373409320175], [-59.989494673501646, -3.0797373409320175], [-59.989494673501646, -3.0707671244200596], [-59.99847782634284, -3.0707671244200596], [-59.99847782634284, -3.0797373409320175]]]}, "id": "-6679,-343", "properties": {"cell_id": "c_-59.9940_-3.0753", "lat": -3.0752522358144967, "lon": -59.99398624993261}}, {"type": "Feature", "geometry": {"type": "Polygon", "coordinates": [[[-59.989494673501646, -3.0797373409320175], [-59.98051152066045, -3.0797373409320175], [-59.98051152066045, -3.0707671244200596], [-59.989494673501646, -3.0707671244200596], [-59.989494673501646, -3.0797373409320175]]]}, "id": "-6678,-343", "properties": {"cell_id": "c_-59.9850_-3.0753", "lat": -3.075252235814429, "lon": -59.98500309707284}}, {"type": "Feature", "geometry": {"type": "Polygon", "coordinates": [[[-59.98051152066045, -3.0797373409320175], [-59.971528367819246, -3.0797373409320175], [-59.971528367819246, -3.0707671244200596], [-59.98051152066045, -3.0707671244200596], [-59.98051152066045, -3.0797373409320175]]]}, "id": "-6677,-343", "properties": {"cell_id": "c_-59.9760_-3.0753", "lat": -3.0752522358235774, "lon": -59.97601994426113}}, {"type": "Feature", "geometry": {"type": "Polygon", "coordinates": [[[-59.971528367819246, -3.0797373409320175], [-59.96254521497805, -3.0797373409320175], [-59.96254521497805, -3.0707671244200596], [-59.971528367819246, -3.0707671244200596], [-59.971528367819246, -3.0797373409320175]]]}, "id": "-6676,-343", "properties": {"cell_id": "c_-59.9670_-3.0753", "lat": -3.0752522358192973, "lon": -59.96703679136422}}, {"type": "Feature", "geometry": {"type": "Polygon", "coordinates": [[[-59.96254521497805, -3.0797373409320175], [-59.95356206213687, -3.0797373409320175], [-59.95356206213687, -3.0707671244200596], [-59.96254521497805, -3.0707671244200596], [-59.96254521497805, -3.0797373409320175]]]}, "id": "-6675,-343", "properties": {"cell_id": "c_-59.9581_-3.0753", "lat": -3.075252235814084, "lon": -59.958053638556855}}, {"type": "Feature", "geometry": {"type": "Polygon", "coordinates": [[[-59.95356206213687, -3.0797373409320175], [-59.94457890929567, -3.0797373409320175], [-59.94457890929567, -3.0707671244200596], [-59.95356206213687, -3.0707671244200596], [-59.95356206213687, -3.0797373409320175]]]}, "id": "-6674,-343", "properties": {"cell_id": "c_-59.9491_-3.0753", "lat": -3.0752522358204186, "lon": -59.94907048570742}}, {"type": "Feature", "geometry": {"type": "Polygon", "coordinates": [[[-59.94457890929567, -3.0797373409320175], [-59.935595756454475, -3.0797373409320175], [-59.935595756454475, -3.0707671244200596], [-59.94457890929567, -3.0707671244200596], [-59.94457890929567, -3.0797373409320175]]]}, "id": "-6673,-343", "properties": {"cell_id": "c_-59.9401_-3.0753", "lat": -3.07525223584338, "lon": -59.940087332886215}}, {"type": "Feature", "geometry": {"type": "Polygon", "coordinates": [[[-59.935595756454475, -3.0797373409320175], [-59.92661260361328, -3.0797373409320175], [-59.92661260361328, -3.0707671244200596], [-59.935595756454475, -3.0707671244200596], [-59.935595756454475, -3.0797373409320175]]]}, "id": "-6672,-343", "properties": {"cell_id": "c_-59.9311_-3.0753", "lat": -3.0752522358474055, "lon": -59.93110418006438}}, {"type": "Feature", "geometry": {"type": "Polygon", "coordinates": [[[-59.92661260361328, -3.0797373409320175], [-59.917629450772075, -3.0797373409320175], [-59.917629450772075, -3.0707671244200596], [-59.92661260361328, -3.0707671244200596], [-59.92661260361328, -3.0797373409320175]]]}, "id": "-6671,-343", "properties": {"cell_id": "c_-59.9221_-3.0753", "lat": -3.0752522358250918, "lon": -59.92212102714973}}, {"type": "Feature", "geometry": {"type": "Polygon", "coordinates": [[[-59.917629450772075, -3.0797373409320175], [-59.90864629793088, -3.0797373409320175], [-59.90864629793088, -3.0707671244200596], [-59.917629450772075, -3.0707671244200596], [-59.917629450772075, -3.0797373409320175]]]}, "id": "-6670,-343", "properties": {"cell_id": "c_-59.9131_-3.0753", "lat": -3.0752522358245065, "lon": -59.913137874347065}}, {"type": "Feature", "geometry": {"type": "Polygon", "coordinates": [[[-59.90864629793088, -3.0797373409320175], [-59.8996631450897, -3.0797373409320175], [-59.8996631450897, -3.0707671244200596], [-59.90864629793088, -3.0707671244200596], [-59.90864629793088, -3.0797373409320175]]]}, "id": "-6669,-343", "properties": {"cell_id": "c_-59.9042_-3.0753", "lat": -3.075252235829919, "lon": -59.90415472155122}}, {"type": "Feature", "geometry": {"type": "Polygon", "coordinates": [[[-59.8996631450897, -3.0797373409320175], [-59.8906799922485, -3.0797373409320175], [-59.8906799922485, -3.0707671244200596], [-59.8996631450897, -3.0707671244200596], [-59.8996631450897, -3.0797373409320175]]]}, "id": "-6668,-343", "properties": {"cell_id": "c_-59.8952_-3.0753", "lat": -3.075252235823766, "lon": -59.89517156866086}}, {"type": "Feature", "geometry": {"type": "Polygon", "coordinates": [[[-59.8906799922485, -3.0797373409320175], [-59.881696839407304, -3.0797373409320175], [-59.881696839407304, -3.0707671244200596], [-59.8906799922485, -3.0707671244200596], [-59.8906799922485, -3.0797373409320175]]]}, "id": "-6667,-343", "properties": {"cell_id": "c_-59.8862_-3.0753", "lat": -3.0752522358337693, "lon": -59.88618841581962}}, {"type": "Feature", "geometry": {"type": "Polygon", "coordinates": [[[-59.881696839407304, -3.0797373409320175], [-59.8727136865661, -3.0797373409320175], [-59.8727136865661, -3.0707671244200596], [-59.881696839407304, -3.0707671244200596], [-59.881696839407304, -3.0797373409320175]]]}, "id": "-6666,-343", "properties": {"cell_id": "c_-59.8772_-3.0753", "lat": -3.075252235842385, "lon": -59.87720526299088}}, {"type": "Feature", "geometry": {"type": "Polygon", "coordinates": [[[-59.8727136865661, -3.0797373409320175], [-59.863730533724905, -3.0797373409320175], [-59.863730533724905, -3.0707671244200596], [-59.8727136865661, -3.0707671244200596], [-59.8727136865661, -3.0797373409320175]]]}, "id": "-6665,-343", "properties": {"cell_id": "c_-59.8682_-3.0753", "lat": -3.0752522358394465, "lon": -59.86822211016008}}, {"type": "Feature", "geometry": {"type": "Polygon", "coordinates": [[[-59.863730533724905, -3.0797373409320175], [-59.85474738088371, -3.0797373409320175], [-59.85474738088371, -3.0707671244200596], [-59.863730533724905, -3.0707671244200596], [-59.863730533724905, -3.0797373409320175]]]}, "id": "-6664,-343", "properties": {"cell_id": "c_-59.8592_-3.0753", "lat": -3.0752522358294927, "lon": -59.8592389572889}}, {"type": "Feature", "geometry": {"type": "Polygon", "coordinates": [[[-59.85474738088371, -3.0797373409320175], [-59.845764228042526, -3.0797373409320175], [-59.845764228042526, -3.0707671244200596], [-59.85474738088371, -3.0707671244200596], [-59.85474738088371, -3.0797373409320175]]]}, "id": "-6663,-343", "properties": {"cell_id": "c_-59.8503_-3.0753", "lat": -3.075252235832885, "lon": -59.85025580448179}}, {"type": "Feature", "geometry": {"type": "Polygon", "coordinates": [[[-59.845764228042526, -3.0797373409320175], [-59.83678107520133, -3.0797373409320175], [-59.83678107520133, -3.0707671244200596], [-59.845764228042526, -3.0707671244200596], [-59.845764228042526, -3.0797373409320175]]]}, "id": "-6662,-343", "properties": {"cell_id": "c_-59.8413_-3.0753", "lat": -3.0752522358394354, "lon": -59.841272651597336}}, {"type": "Feature", "geometry": {"type": "Polygon", "coordinates": [[[-59.83678107520133, -3.0797373409320175], [-59.827797922360126, -3.0797373409320175], [-59.827797922360126, -3.0707671244200596], [-59.83678107520133, -3.0707671244200596], [-59.83678107520133, -3.0797373409320175]]]}, "id": "-6661,-343", "properties": {"cell_id": "c_-59.8323_-3.0753", "lat": -3.075252235838953, "lon": -59.832289498788654}}, {"type": "Feature", "geometry": {"type": "Polygon", "coordinates": [[[-59.827797922360126, -3.0797373409320175], [-59.81881476951893, -3.0797373409320175], [-59.81881476951893, -3.0707671244200596], [-59.827797922360126, -3.0707671244200596], [-59.827797922360126, -3.0797373409320175]]]}, "id": "-6660,-343", "properties": {"cell_id": "c_-59.8233_-3.0753", "lat": -3.075252235831442, "lon": -59.82330634595406}}, {"type": "Feature", "geometry": {"type": "Polygon", "coordinates": [[[-59.81881476951893, -3.0797373409320175], [-59.809831616677734, -3.0797373409320175], [-59.809831616677734, -3.0707671244200596], [-59.81881476951893, -3.0707671244200596], [-59.81881476951893, -3.0797373409320175]]]}, "id": "-6659,-343", "properties": {"cell_id": "c_-59.8143_-3.0753", "lat": -3.0752522358344354, "lon": -59.814323193069235}}, {"type": "Feature", "geometry": {"type": "Polygon", "coordinates": [[[-59.809831616677734, -3.0797373409320175], [-59.80084846383654, -3.0797373409320175], [-59.80084846383654, -3.0707671244200596], [-59.809831616677734, -3.0707671244200596], [-59.809831616677734, -3.0797373409320175]]]}, "id": "-6658,-343", "properties": {"cell_id": "c_-59.8053_-3.0753", "lat": -3.0752522358377417, "lon": -59.805340040282985}}, {"type": "Feature", "geometry": {"type": "Polygon", "coordinates": [[[-59.80084846383654, -3.0797373409320175], [-59.791865310995355, -3.0797373409320175], [-59.791865310995355, -3.0707671244200596], [-59.80084846383654, -3.0707671244200596], [-59.80084846383654, -3.0797373409320175]]]}, "id": "-6657,-343", "properties": {"cell_id": "c_-59.7964_-3.0753", "lat": -3.0752522358311576, "lon": -59.79635688740834}}, {"type": "Feature", "geometry": {"type": "Polygon", "coordinates": [[[-59.791865310995355, -3.0797373409320175], [-59.78288215815416, -3.0797373409320175], [-59.78288215815416, -3.0707671244200596], [-59.791865310995355, -3.0707671244200596], [-59.791865310995355, -3.0797373409320175]]]}, "id": "-6656,-343", "properties": {"cell_id": "c_-59.7874_-3.0753", "lat": -3.075252235832217, "lon": -59.78737373458689}}, {"type": "Feature", "geometry": {"type": "Polygon", "coordinates": [[[-59.78288215815416, -3.0797373409320175], [-59.773899005312956, -3.0797373409320175], [-59.773899005312956, -3.0707671244200596], [-59.78288215815416, -3.0707671244200596], [-59.78288215815416, -3.0797373409320175]]]}, "id": "-6655,-343", "properties": {"cell_id": "c_-59.7784_-3.0753", "lat": -3.075252235830711, "lon": -59.77839058172227}}, {"type": "Feature", "geometry": {"type": "Polygon", "coordinates": [[[-59.773899005312956, -3.0797373409320175], [-59.76491585247176, -3.0797373409320175], [-59.76491585247176, -3.0707671244200596], [-59.773899005312956, -3.0707671244200596], [-59.773899005312956, -3.0797373409320175]]]}, "id": "-6654,-343", "properties": {"cell_id": "c_-59.7694_-3.0753", "lat": -3.075252235826632, "lon": -59.769407428865684}}, {"type": "Feature", "geometry": {"type": "Polygon", "coordinates": [[[-59.76491585247176, -3.0797373409320175], [-59.75593269963056, -3.0797373409320175], [-59.75593269963056, -3.0707671244200596], [-59.76491585247176, -3.0707671244200596], [-59.76491585247176, -3.0797373409320175]]]}, "id": "-6653,-343", "properties": {"cell_id": "c_-59.7604_-3.0753", "lat": -3.0752522358199905, "lon": -59.76042427607989}}, {"type": "Feature", "geometry": {"type": "Polygon", "coordinates": [[[-59.75593269963056, -3.0797373409320175], [-59.74694954678938, -3.0797373409320175], [-59.74694954678938, -3.0707671244200596], [-59.75593269963056, -3.0707671244200596], [-59.75593269963056, -3.0797373409320175]]]}, "id": "-6652,-343", "properties": {"cell_id": "c_-59.7514_-3.0753", "lat": -3.0752522358356233, "lon": -59.75144112318658}}, {"type": "Feature", "geometry": {"type": "Polygon", "coordinates": [[[-60.20509034169033, -3.0707671244200596], [-60.19610718884913, -3.0707671244200596], [-60.19610718884913, -3.0617968325678095], [-60.20509034169033, -3.0617968325678095], [-60.20509034169033, -3.0707671244200596]]]}, "id": "-6702,-342", "properties": {"cell_id": "c_-60.2006_-3.0663", "lat": -3.06628198160128, "lon": -60.20059876528739}}, {"type": "Feature", "geometry": {"type": "Polygon", "coordinates": [[[-60.19610718884913, -3.0707671244200596], [-60.18712403600794, -3.0707671244200596], [-60.18712403600794, -3.0617968325678095], [-60.19610718884913, -3.0617968325678095], [-60.19610718884913, -3.0707671244200596]]]}, "id": "-6701,-342", "properties": {"cell_id": "c_-60.1916_-3.0663", "lat": -3.0662819815952598, "lon": -60.191615612421245}}, {"type": "Feature", "geometry": {"type": "Polygon", "coordinates": [[[-60.18712403600794, -3.0707671244200596], [-60.17814088316674, -3.0707671244200596], [-60.17814088316674, -3.0617968325678095], [-60.18712403600794, -3.0617968325678095], [-60.18712403600794, -3.0707671244200596]]]}, "id": "-6700,-342", "properties": {"cell_id": "c_-60.1826_-3.0663", "lat": -3.0662819815813207, "lon": -60.18263245956646}}, {"type": "Feature", "geometry": {"type": "Polygon", "coordinates": [[[-60.17814088316674, -3.0707671244200596], [-60.16915773032555, -3.0707671244200596], [-60.16915773032555, -3.0617968325678095], [-60.17814088316674, -3.0617968325678095], [-60.17814088316674, -3.0707671244200596]]]}, "id": "-6699,-342", "properties": {"cell_id": "c_-60.1736_-3.0663", "lat": -3.066281981599702, "lon": -60.17364930676406}}, {"type": "Feature", "geometry": {"type": "Polygon", "coordinates": [[[-60.16915773032555, -3.0707671244200596], [-60.160174577484355, -3.0707671244200596], [-60.160174577484355, -3.0617968325678095], [-60.16915773032555, -3.0617968325678095], [-60.16915773032555, -3.0707671244200596]]]}, "id": "-6698,-342", "properties": {"cell_id": "c_-60.1647_-3.0663", "lat": -3.0662819816051208, "lon": -60.16466615390956}}, {"type": "Feature", "geometry": {"type": "Polygon", "coordinates": [[[-60.160174577484355, -3.0707671244200596], [-60.15119142464316, -3.0707671244200596], [-60.15119142464316, -3.0617968325678095], [-60.160174577484355, -3.0617968325678095], [-60.160174577484355, -3.0707671244200596]]]}, "id": "-6697,-342", "properties": {"cell_id": "c_-60.1557_-3.0663", "lat": -3.0662819816101266, "lon": -60.15568300103628}}, {"type": "Feature", "geometry": {"type": "Polygon", "coordinates": [[[-60.15119142464316, -3.0707671244200596], [-60.14220827180196, -3.0707671244200596], [-60.14220827180196, -3.0617968325678095], [-60.15119142464316, -3.0617968325678095], [-60.15119142464316, -3.0707671244200596]]]}, "id": "-6696,-342", "properties": {"cell_id": "c_-60.1467_-3.0663", "lat": -3.0662819816272693, "lon": -60.146699848233474}}, {"type": "Feature", "geometry": {"type": "Polygon", "coordinates": [[[-60.14220827180196, -3.0707671244200596], [-60.133225118960766, -3.0707671244200596], [-60.133225118960766, -3.0617968325678095], [-60.14220827180196, -3.0617968325678095], [-60.14220827180196, -3.0707671244200596]]]}, "id": "-6695,-342", "properties": {"cell_id": "c_-60.1377_-3.0663", "lat": -3.066281981611266, "lon": -60.13771669536088}}, {"type": "Feature", "geometry": {"type": "Polygon", "coordinates": [[[-60.133225118960766, -3.0707671244200596], [-60.12424196611957, -3.0707671244200596], [-60.12424196611957, -3.0617968325678095], [-60.133225118960766, -3.0617968325678095], [-60.133225118960766, -3.0707671244200596]]]}, "id": "-6694,-342", "properties": {"cell_id": "c_-60.1287_-3.0663", "lat": -3.0662819816023528, "lon": -60.12873354255546}}, {"type": "Feature", "geometry": {"type": "Polygon", "coordinates": [[[-60.12424196611957, -3.0707671244200596], [-60.11525881327838, -3.0707671244200596], [-60.11525881327838, -3.0617968325678095], [-60.12424196611957, -3.0617968325678095], [-60.12424196611957, -3.0707671244200596]]]}, "id": "-6693,-342", "properties": {"cell_id": "c_-60.1198_-3.0663", "lat": -3.0662819816080216, "lon": -60.11975038967955}}, {"type": "Feature", "geometry": {"type": "Polygon", "coordinates": [[[-60.11525881327838, -3.0707671244200596], [-60.106275660437184, -3.0707671244200596], [-60.106275660437184, -3.0617968325678095], [-60.11525881327838, -3.0617968325678095], [-60.11525881327838, -3.0707671244200596]]]}, "id": "-6692,-342", "properties": {"cell_id": "c_-60.1108_-3.0663", "lat": -3.066281981600573, "lon": -60.11076723685794}}, {"type": "Feature", "geometry": {"type": "Polygon", "coordinates": [[[-60.106275660437184, -3.0707671244200596], [-60.09729250759599, -3.0707671244200596], [-60.09729250759599, -3.0617968325678095], [-60.106275660437184, -3.0617968325678095], [-60.106275660437184, -3.0707671244200596]]]}, "id": "-6691,-342", "properties": {"cell_id": "c_-60.1018_-3.0663", "lat": -3.0662819815975957, "lon": -60.10178408403802}}, {"type": "Feature", "geometry": {"type": "Polygon", "coordinates": [[[-60.09729250759599, -3.0707671244200596], [-60.08830935475479, -3.0707671244200596], [-60.08830935475479, -3.0617968325678095], [-60.09729250759599, -3.0617968325678095], [-60.09729250759599, -3.0707671244200596]]]}, "id": "-6690,-342", "properties": {"cell_id": "c_-60.0928_-3.0663", "lat": -3.066281981594036, "lon": -60.09280093117576}}, {"type": "Feature", "geometry": {"type": "Polygon", "coordinates": [[[-60.08830935475479, -3.0707671244200596], [-60.079326201913595, -3.0707671244200596], [-60.079326201913595, -3.0617968325678095], [-60.08830935475479, -3.0617968325678095], [-60.08830935475479, -3.0707671244200596]]]}, "id": "-6689,-342", "properties": {"cell_id": "c_-60.0838_-3.0663", "lat": -3.066281981584834, "lon": -60.0838177783574}}, {"type": "Feature", "geometry": {"type": "Polygon", "coordinates": [[[-60.079326201913595, -3.0707671244200596], [-60.0703430490724, -3.0707671244200596], [-60.0703430490724, -3.0617968325678095], [-60.079326201913595, -3.0617968325678095], [-60.079326201913595, -3.0707671244200596]]]}, "id": "-6688,-342", "properties": {"cell_id": "c_-60.0748_-3.0663", "lat": -3.0662819816001003, "lon": -60.074834625458365}}, {"type": "Feature", "geometry": {"type": "Polygon", "coordinates": [[[-60.0703430490724, -3.0707671244200596], [-60.06135989623121, -3.0707671244200596], [-60.06135989623121, -3.0617968325678095], [-60.0703430490724, -3.0617968325678095], [-60.0703430490724, -3.0707671244200596]]]}, "id": "-6687,-342", "properties": {"cell_id": "c_-60.0659_-3.0663", "lat": -3.066281981599611, "lon": -60.06585147265026}}, {"type": "Feature", "geometry": {"type": "Polygon", "coordinates": [[[-60.06135989623121, -3.0707671244200596], [-60.05237674339001, -3.0707671244200596], [-60.05237674339001, -3.0617968325678095], [-60.06135989623121, -3.0617968325678095], [-60.06135989623121, -3.0707671244200596]]]}, "id": "-6686,-342", "properties": {"cell_id": "c_-60.0569_-3.0663", "lat": -3.066281981578308, "lon": -60.05686831984911}}, {"type": "Feature", "geometry": {"type": "Polygon", "coordinates": [[[-60.05237674339001, -3.0707671244200596], [-60.04339359054882, -3.0707671244200596], [-60.04339359054882, -3.0617968325678095], [-60.05237674339001, -3.0617968325678095], [-60.05237674339001, -3.0707671244200596]]]}, "id": "-6685,-342", "properties": {"cell_id": "c_-60.0479_-3.0663", "lat": -3.066281981596385, "lon": -60.04788516695464}}, {"type": "Feature", "geometry": {"type": "Polygon", "coordinates": [[[-60.04339359054882, -3.0707671244200596], [-60.03441043770762, -3.0707671244200596], [-60.03441043770762, -3.0617968325678095], [-60.04339359054882, -3.0617968325678095], [-60.04339359054882, -3.0707671244200596]]]}, "id": "-6684,-342", "properties": {"cell_id": "c_-60.0389_-3.0663", "lat": -3.0662819816061617, "lon": -60.03890201411122}}, {"type": "Feature", "geometry": {"type": "Polygon", "coordinates": [[[-60.03441043770762, -3.0707671244200596], [-60.025427284866424, -3.0707671244200596], [-60.025427284866424, -3.0617968325678095], [-60.03441043770762, -3.0617968325678095], [-60.03441043770762, -3.0707671244200596]]]}, "id": "-6683,-342", "properties": {"cell_id": "c_-60.0299_-3.0663", "lat": -3.0662819815975215, "lon": -60.02991886129491}}, {"type": "Feature", "geometry": {"type": "Polygon", "coordinates": [[[-60.025427284866424, -3.0707671244200596], [-60.01644413202522, -3.0707671244200596], [-60.01644413202522, -3.0617968325678095], [-60.025427284866424, -3.0617968325678095], [-60.025427284866424, -3.0707671244200596]]]}, "id": "-6682,-342", "properties": {"cell_id": "c_-60.0209_-3.0663", "lat": -3.066281981590408, "lon": -60.02093570846595}}, {"type": "Feature", "geometry": {"type": "Polygon", "coordinates": [[[-60.01644413202522, -3.0707671244200596], [-60.00746097918404, -3.0707671244200596], [-60.00746097918404, -3.0617968325678095], [-60.01644413202522, -3.0617968325678095], [-60.01644413202522, -3.0707671244200596]]]}, "id": "-6681,-342", "properties": {"cell_id": "c_-60.0120_-3.0663", "lat": -3.066281981600022, "lon": -60.01195255557507}}, {"type": "Feature", "geometry": {"type": "Polygon", "coordinates": [[[-60.00746097918404, -3.0707671244200596], [-59.99847782634284, -3.0707671244200596], [-59.99847782634284, -3.0617968325678095], [-60.00746097918404, -3.0617968325678095], [-60.00746097918404, -3.0707671244200596]]]}, "id": "-6680,-342", "properties": {"cell_id": "c_-60.0030_-3.0663", "lat": -3.0662819816111666, "lon": -60.002969402774724}}, {"type": "Feature", "geometry": {"type": "Polygon", "coordinates": [[[-59.99847782634284, -3.0707671244200596], [-59.989494673501646, -3.0707671244200596], [-59.989494673501646, -3.0617968325678095], [-59.99847782634284, -3.0617968325678095], [-59.99847782634284, -3.0707671244200596]]]}, "id": "-6679,-342", "properties": {"cell_id": "c_-59.9940_-3.0663", "lat": -3.066281981608622, "lon": -59.99398624992429}}, {"type": "Feature", "geometry": {"type": "Polygon", "coordinates": [[[-59.989494673501646, -3.0707671244200596], [-59.98051152066045, -3.0707671244200596], [-59.98051152066045, -3.0617968325678095], [-59.989494673501646, -3.0617968325678095], [-59.989494673501646, -3.0707671244200596]]]}, "id": "-6678,-342", "properties": {"cell_id": "c_-59.9850_-3.0663", "lat": -3.0662819815974576, "lon": -59.9850030970699}}, {"type": "Feature", "geometry": {"type": "Polygon", "coordinates": [[[-59.98051152066045, -3.0707671244200596], [-59.971528367819246, -3.0707671244200596], [-59.971528367819246, -3.0617968325678095], [-59.98051152066045, -3.0617968325678095], [-59.98051152066045, -3.0707671244200596]]]}, "id": "-6677,-342", "properties": {"cell_id": "c_-59.9760_-3.0663", "lat": -3.0662819815952482, "lon": -59.976019944271}}, {"type": "Feature", "geometry": {"type": "Polygon", "coordinates": [[[-59.971528367819246, -3.0707671244200596], [-59.96254521497805, -3.0707671244200596], [-59.96254521497805, -3.0617968325678095], [-59.971528367819246, -3.0617968325678095], [-59.971528367819246, -3.0707671244200596]]]}, "id": "-6676,-342", "properties": {"cell_id": "c_-59.9670_-3.0663", "lat": -3.066281981609408, "lon": -59.96703679136424}}, {"type": "Feature", "geometry": {"type": "Polygon", "coordinates": [[[-59.96254521497805, -3.0707671244200596], [-59.95356206213687, -3.0707671244200596], [-59.95356206213687, -3.0617968325678095], [-59.96254521497805, -3.0617968325678095], [-59.96254521497805, -3.0707671244200596]]]}, "id": "-6675,-342", "properties": {"cell_id": "c_-59.9581_-3.0663", "lat": -3.066281981612217, "lon": -59.95805363855444}}, {"type": "Feature", "geometry": {"type": "Polygon", "coordinates": [[[-59.95356206213687, -3.0707671244200596], [-59.94457890929567, -3.0707671244200596], [-59.94457890929567, -3.0617968325678095], [-59.95356206213687, -3.0617968325678095], [-59.95356206213687, -3.0707671244200596]]]}, "id": "-6674,-342", "properties": {"cell_id": "c_-59.9491_-3.0663", "lat": -3.066281981616161, "lon": -59.94907048572015}}, {"type": "Feature", "geometry": {"type": "Polygon", "coordinates": [[[-59.94457890929567, -3.0707671244200596], [-59.935595756454475, -3.0707671244200596], [-59.935595756454475, -3.0617968325678095], [-59.94457890929567, -3.0617968325678095], [-59.94457890929567, -3.0707671244200596]]]}, "id": "-6673,-342", "properties": {"cell_id": "c_-59.9401_-3.0663", "lat": -3.066281981598596, "lon": -59.94008733287891}}, {"type": "Feature", "geometry": {"type": "Polygon", "coordinates": [[[-59.935595756454475, -3.0707671244200596], [-59.92661260361328, -3.0707671244200596], [-59.92661260361328, -3.0617968325678095], [-59.935595756454475, -3.0617968325678095], [-59.935595756454475, -3.0707671244200596]]]}, "id": "-6672,-342", "properties": {"cell_id": "c_-59.9311_-3.0663", "lat": -3.06628198159741, "lon": -59.93110418007452}}, {"type": "Feature", "geometry": {"type": "Polygon", "coordinates": [[[-59.92661260361328, -3.0707671244200596], [-59.917629450772075, -3.0707671244200596], [-59.917629450772075, -3.0617968325678095], [-59.92661260361328, -3.0617968325678095], [-59.92661260361328, -3.0707671244200596]]]}, "id": "-6671,-342", "properties": {"cell_id": "c_-59.9221_-3.0663", "lat": -3.0662819816223212, "lon": -59.92212102714217}}, {"type": "Feature", "geometry": {"type": "Polygon", "coordinates": [[[-59.917629450772075, -3.0707671244200596], [-59.90864629793088, -3.0707671244200596], [-59.90864629793088, -3.0617968325678095], [-59.917629450772075, -3.0617968325678095], [-59.917629450772075, -3.0707671244200596]]]}, "id": "-6670,-342", "properties": {"cell_id": "c_-59.9131_-3.0663", "lat": -3.0662819816252602, "lon": -59.91313787435698}}, {"type": "Feature", "geometry": {"type": "Polygon", "coordinates": [[[-59.90864629793088, -3.0707671244200596], [-59.8996631450897, -3.0707671244200596], [-59.8996631450897, -3.0617968325678095], [-59.90864629793088, -3.0617968325678095], [-59.90864629793088, -3.0707671244200596]]]}, "id": "-6669,-342", "properties": {"cell_id": "c_-59.9042_-3.0663", "lat": -3.066281981591452, "lon": -59.90415472151289}}, {"type": "Feature", "geometry": {"type": "Polygon", "coordinates": [[[-59.8996631450897, -3.0707671244200596], [-59.8906799922485, -3.0707671244200596], [-59.8906799922485, -3.0617968325678095], [-59.8996631450897, -3.0617968325678095], [-59.8996631450897, -3.0707671244200596]]]}, "id": "-6668,-342", "properties": {"cell_id": "c_-59.8952_-3.0663", "lat": -3.066281981573564, "lon": -59.895171568675124}}, {"type": "Feature", "geometry": {"type": "Polygon", "coordinates": [[[-59.8906799922485, -3.0707671244200596], [-59.881696839407304, -3.0707671244200596], [-59.881696839407304, -3.0617968325678095], [-59.8906799922485, -3.0617968325678095], [-59.8906799922485, -3.0707671244200596]]]}, "id": "-6667,-342", "properties": {"cell_id": "c_-59.8862_-3.0663", "lat": -3.066281981589143, "lon": -59.886188415830965}}, {"type": "Feature", "geometry": {"type": "Polygon", "coordinates": [[[-59.881696839407304, -3.0707671244200596], [-59.8727136865661, -3.0707671244200596], [-59.8727136865661, -3.0617968325678095], [-59.881696839407304, -3.0617968325678095], [-59.881696839407304, -3.0707671244200596]]]}, "id": "-6666,-342", "properties": {"cell_id": "c_-59.8772_-3.0663", "lat": -3.066281981600293, "lon": -59.877205262999325}}, {"type": "Feature", "geometry": {"type": "Polygon", "coordinates": [[[-59.8727136865661, -3.0707671244200596], [-59.863730533724905, -3.0707671244200596], [-59.863730533724905, -3.0617968325678095], [-59.8727136865661, -3.0617968325678095], [-59.8727136865661, -3.0707671244200596]]]}, "id": "-6665,-342", "properties": {"cell_id": "c_-59.8682_-3.0663", "lat": -3.0662819815866436, "lon": -59.86822211013502}}, {"type": "Feature", "geometry": {"type": "Polygon", "coordinates": [[[-59.863730533724905, -3.0707671244200596], [-59.85474738088371, -3.0707671244200596], [-59.85474738088371, -3.0617968325678095], [-59.863730533724905, -3.0617968325678095], [-59.863730533724905, -3.0707671244200596]]]}, "id": "-6664,-342", "properties": {"cell_id": "c_-59.8592_-3.0663", "lat": -3.0662819815861, "lon": -59.85923895730344}}, {"type": "Feature", "geometry": {"type": "Polygon", "coordinates": [[[-59.85474738088371, -3.0707671244200596], [-59.845764228042526, -3.0707671244200596], [-59.845764228042526, -3.0617968325678095], [-59.85474738088371, -3.0617968325678095], [-59.85474738088371, -3.0707671244200596]]]}, "id": "-6663,-342", "properties": {"cell_id": "c_-59.8503_-3.0663", "lat": -3.066281981581128, "lon": -59.85025580446567}}, {"type": "Feature", "geometry": {"type": "Polygon", "coordinates": [[[-59.845764228042526, -3.0707671244200596], [-59.83678107520133, -3.0707671244200596], [-59.83678107520133, -3.0617968325678095], [-59.845764228042526, -3.0617968325678095], [-59.845764228042526, -3.0707671244200596]]]}, "id": "-6662,-342", "properties": {"cell_id": "c_-59.8413_-3.0663", "lat": -3.066281981568897, "lon": -59.84127265160778}}, {"type": "Feature", "geometry": {"type": "Polygon", "coordinates": [[[-59.83678107520133, -3.0707671244200596], [-59.827797922360126, -3.0707671244200596], [-59.827797922360126, -3.0617968325678095], [-59.83678107520133, -3.0617968325678095], [-59.83678107520133, -3.0707671244200596]]]}, "id": "-6661,-342", "properties": {"cell_id": "c_-59.8323_-3.0663", "lat": -3.066281981584489, "lon": -59.832289498793365}}, {"type": "Feature", "geometry": {"type": "Polygon", "coordinates": [[[-59.827797922360126, -3.0707671244200596], [-59.81881476951893, -3.0707671244200596], [-59.81881476951893, -3.0617968325678095], [-59.827797922360126, -3.0617968325678095], [-59.827797922360126, -3.0707671244200596]]]}, "id": "-6660,-342", "properties": {"cell_id": "c_-59.8233_-3.0663", "lat": -3.0662819816103624, "lon": -59.82330634596775}}, {"type": "Feature", "geometry": {"type": "Polygon", "coordinates": [[[-59.81881476951893, -3.0707671244200596], [-59.809831616677734, -3.0707671244200596], [-59.809831616677734, -3.0617968325678095], [-59.81881476951893, -3.0617968325678095], [-59.81881476951893, -3.0707671244200596]]]}, "id": "-6659,-342", "properties": {"cell_id": "c_-59.8143_-3.0663", "lat": -3.066281981608589, "lon": -59.81432319305679}}, {"type": "Feature", "geometry": {"type": "Polygon", "coordinates": [[[-59.809831616677734, -3.0707671244200596], [-59.80084846383654, -3.0707671244200596], [-59.80084846383654, -3.0617968325678095], [-59.809831616677734, -3.0617968325678095], [-59.809831616677734, -3.0707671244200596]]]}, "id": "-6658,-342", "properties": {"cell_id": "c_-59.8053_-3.0663", "lat": -3.0662819815791704, "lon": -59.8053400402693}}, {"type": "Feature", "geometry": {"type": "Polygon", "coordinates": [[[-59.80084846383654, -3.0707671244200596], [-59.791865310995355, -3.0707671244200596], [-59.791865310995355, -3.0617968325678095], [-59.80084846383654, -3.0617968325678095], [-59.80084846383654, -3.0707671244200596]]]}, "id": "-6657,-342", "properties": {"cell_id": "c_-59.7964_-3.0663", "lat": -3.066281981574711, "lon": -59.79635688741098}}, {"type": "Feature", "geometry": {"type": "Polygon", "coordinates": [[[-59.791865310995355, -3.0707671244200596], [-59.78288215815416, -3.0707671244200596], [-59.78288215815416, -3.0617968325678095], [-59.791865310995355, -3.0617968325678095], [-59.791865310995355, -3.0707671244200596]]]}, "id": "-6656,-342", "properties": {"cell_id": "c_-59.7874_-3.0663", "lat": -3.0662819815849924, "lon": -59.78737373459562}}, {"type": "Feature", "geometry": {"type": "Polygon", "coordinates": [[[-59.78288215815416, -3.0707671244200596], [-59.773899005312956, -3.0707671244200596], [-59.773899005312956, -3.0617968325678095], [-59.78288215815416, -3.0617968325678095], [-59.78288215815416, -3.0707671244200596]]]}, "id": "-6655,-342", "properties": {"cell_id": "c_-59.7784_-3.0663", "lat": -3.066281981602699, "lon": -59.77839058172978}}, {"type": "Feature", "geometry": {"type": "Polygon", "coordinates": [[[-59.773899005312956, -3.0707671244200596], [-59.76491585247176, -3.0707671244200596], [-59.76491585247176, -3.0617968325678095], [-59.773899005312956, -3.0617968325678095], [-59.773899005312956, -3.0707671244200596]]]}, "id": "-6654,-342", "properties": {"cell_id": "c_-59.7694_-3.0663", "lat": -3.066281981617632, "lon": -59.76940742886905}}, {"type": "Feature", "geometry": {"type": "Polygon", "coordinates": [[[-59.76491585247176, -3.0707671244200596], [-59.75593269963056, -3.0707671244200596], [-59.75593269963056, -3.0617968325678095], [-59.76491585247176, -3.0617968325678095], [-59.76491585247176, -3.0707671244200596]]]}, "id": "-6653,-342", "properties": {"cell_id": "c_-59.7604_-3.0663", "lat": -3.0662819816166715, "lon": -59.760424276068896}}, {"type": "Feature", "geometry": {"type": "Polygon", "coordinates": [[[-59.75593269963056, -3.0707671244200596], [-59.74694954678938, -3.0707671244200596], [-59.74694954678938, -3.0617968325678095], [-59.75593269963056, -3.0617968325678095], [-59.75593269963056, -3.0707671244200596]]]}, "id": "-6652,-342", "properties": {"cell_id": "c_-59.7514_-3.0663", "lat": -3.066281981602725, "lon": -59.75144112319925}}, {"type": "Feature", "geometry": {"type": "Polygon", "coordinates": [[[-60.20509034169033, -3.0617968325678095], [-60.19610718884913, -3.0617968325678095], [-60.19610718884913, -3.052826465594535], [-60.20509034169033, -3.052826465594535], [-60.20509034169033, -3.0617968325678095]]]}, "id": "-6702,-341", "properties": {"cell_id": "c_-60.2006_-3.0573", "lat": -3.057311652229575, "lon": -60.2005987653044}}, {"type": "Feature", "geometry": {"type": "Polygon", "coordinates": [[[-60.19610718884913, -3.0617968325678095], [-60.18712403600794, -3.0617968325678095], [-60.18712403600794, -3.052826465594535], [-60.19610718884913, -3.052826465594535], [-60.19610718884913, -3.0617968325678095]]]}, "id": "-6701,-341", "properties": {"cell_id": "c_-60.1916_-3.0573", "lat": -3.057311652235112, "lon": -60.19161561240374}}, {"type": "Feature", "geometry": {"type": "Polygon", "coordinates": [[[-60.18712403600794, -3.0617968325678095], [-60.17814088316674, -3.0617968325678095], [-60.17814088316674, -3.052826465594535], [-60.18712403600794, -3.052826465594535], [-60.18712403600794, -3.0617968325678095]]]}, "id": "-6700,-341", "properties": {"cell_id": "c_-60.1826_-3.0573", "lat": -3.057311652244963, "lon": -60.18263245957986}}, {"type": "Feature", "geometry": {"type": "Polygon", "coordinates": [[[-60.17814088316674, -3.0617968325678095], [-60.16915773032555, -3.0617968325678095], [-60.16915773032555, -3.052826465594535], [-60.17814088316674, -3.052826465594535], [-60.17814088316674, -3.0617968325678095]]]}, "id": "-6699,-341", "properties": {"cell_id": "c_-60.1736_-3.0573", "lat": -3.0573116522364825, "lon": -60.173649306760566}}, {"type": "Feature", "geometry": {"type": "Polygon", "coordinates": [[[-60.16915773032555, -3.0617968325678095], [-60.160174577484355, -3.0617968325678095], [-60.160174577484355, -3.052826465594535], [-60.16915773032555, -3.052826465594535], [-60.16915773032555, -3.0617968325678095]]]}, "id": "-6698,-341", "properties": {"cell_id": "c_-60.1647_-3.0573", "lat": -3.057311652214721, "lon": -60.1646661538967}}, {"type": "Feature", "geometry": {"type": "Polygon", "coordinates": [[[-60.160174577484355, -3.0617968325678095], [-60.15119142464316, -3.0617968325678095], [-60.15119142464316, -3.052826465594535], [-60.160174577484355, -3.052826465594535], [-60.160174577484355, -3.0617968325678095]]]}, "id": "-6697,-341", "properties": {"cell_id": "c_-60.1557_-3.0573", "lat": -3.057311652222381, "lon": -60.15568300106185}}, {"type": "Feature", "geometry": {"type": "Polygon", "coordinates": [[[-60.15119142464316, -3.0617968325678095], [-60.14220827180196, -3.0617968325678095], [-60.14220827180196, -3.052826465594535], [-60.15119142464316, -3.052826465594535], [-60.15119142464316, -3.0617968325678095]]]}, "id": "-6696,-341", "properties": {"cell_id": "c_-60.1467_-3.0573", "lat": -3.0573116522317667, "lon": -60.14669984823448}}, {"type": "Feature", "geometry": {"type": "Polygon", "coordinates": [[[-60.14220827180196, -3.0617968325678095], [-60.133225118960766, -3.0617968325678095], [-60.133225118960766, -3.052826465594535], [-60.14220827180196, -3.052826465594535], [-60.14220827180196, -3.0617968325678095]]]}, "id": "-6695,-341", "properties": {"cell_id": "c_-60.1377_-3.0573", "lat": -3.0573116522428796, "lon": -60.137716695354975}}, {"type": "Feature", "geometry": {"type": "Polygon", "coordinates": [[[-60.133225118960766, -3.0617968325678095], [-60.12424196611957, -3.0617968325678095], [-60.12424196611957, -3.052826465594535], [-60.133225118960766, -3.052826465594535], [-60.133225118960766, -3.0617968325678095]]]}, "id": "-6694,-341", "properties": {"cell_id": "c_-60.1287_-3.0573", "lat": -3.0573116522456165, "lon": -60.12873354255519}}, {"type": "Feature", "geometry": {"type": "Polygon", "coordinates": [[[-60.12424196611957, -3.0617968325678095], [-60.11525881327838, -3.0617968325678095], [-60.11525881327838, -3.052826465594535], [-60.12424196611957, -3.052826465594535], [-60.12424196611957, -3.0617968325678095]]]}, "id": "-6693,-341", "properties": {"cell_id": "c_-60.1198_-3.0573", "lat": -3.057311652239982, "lon": -60.11975038967986}}, {"type": "Feature", "geometry": {"type": "Polygon", "coordinates": [[[-60.11525881327838, -3.0617968325678095], [-60.106275660437184, -3.0617968325678095], [-60.106275660437184, -3.052826465594535], [-60.11525881327838, -3.052826465594535], [-60.11525881327838, -3.0617968325678095]]]}, "id": "-6692,-341", "properties": {"cell_id": "c_-60.1108_-3.0573", "lat": -3.057311652238511, "lon": -60.11076723684869}}, {"type": "Feature", "geometry": {"type": "Polygon", "coordinates": [[[-60.106275660437184, -3.0617968325678095], [-60.09729250759599, -3.0617968325678095], [-60.09729250759599, -3.052826465594535], [-60.106275660437184, -3.052826465594535], [-60.106275660437184, -3.0617968325678095]]]}, "id": "-6691,-341", "properties": {"cell_id": "c_-60.1018_-3.0573", "lat": -3.0573116522361565, "lon": -60.10178408404192}}, {"type": "Feature", "geometry": {"type": "Polygon", "coordinates": [[[-60.09729250759599, -3.0617968325678095], [-60.08830935475479, -3.0617968325678095], [-60.08830935475479, -3.052826465594535], [-60.09729250759599, -3.052826465594535], [-60.09729250759599, -3.0617968325678095]]]}, "id": "-6690,-341", "properties": {"cell_id": "c_-60.0928_-3.0573", "lat": -3.0573116522454473, "lon": -60.09280093117759}}, {"type": "Feature", "geometry": {"type": "Polygon", "coordinates": [[[-60.08830935475479, -3.0617968325678095], [-60.079326201913595, -3.0617968325678095], [-60.079326201913595, -3.052826465594535], [-60.08830935475479, -3.052826465594535], [-60.08830935475479, -3.0617968325678095]]]}, "id": "-6689,-341", "properties": {"cell_id": "c_-60.0838_-3.0573", "lat": -3.057311652256268, "lon": -60.08381777835718}}, {"type": "Feature", "geometry": {"type": "Polygon", "coordinates": [[[-60.079326201913595, -3.0617968325678095], [-60.0703430490724, -3.0617968325678095], [-60.0703430490724, -3.052826465594535], [-60.079326201913595, -3.052826465594535], [-60.079326201913595, -3.0617968325678095]]]}, "id": "-6688,-341", "properties": {"cell_id": "c_-60.0748_-3.0573", "lat": -3.057311652251035, "lon": -60.07483462546863}}, {"type": "Feature", "geometry": {"type": "Polygon", "coordinates": [[[-60.0703430490724, -3.0617968325678095], [-60.06135989623121, -3.0617968325678095], [-60.06135989623121, -3.052826465594535], [-60.0703430490724, -3.052826465594535], [-60.0703430490724, -3.0617968325678095]]]}, "id": "-6687,-341", "properties": {"cell_id": "c_-60.0659_-3.0573", "lat": -3.0573116522372135, "lon": -60.06585147262567}}, {"type": "Feature", "geometry": {"type": "Polygon", "coordinates": [[[-60.06135989623121, -3.0617968325678095], [-60.05237674339001, -3.0617968325678095], [-60.05237674339001, -3.052826465594535], [-60.06135989623121, -3.052826465594535], [-60.06135989623121, -3.0617968325678095]]]}, "id": "-6686,-341", "properties": {"cell_id": "c_-60.0569_-3.0573", "lat": -3.057311652232386, "lon": -60.05686831984753}}, {"type": "Feature", "geometry": {"type": "Polygon", "coordinates": [[[-60.05237674339001, -3.0617968325678095], [-60.04339359054882, -3.0617968325678095], [-60.04339359054882, -3.052826465594535], [-60.05237674339001, -3.052826465594535], [-60.05237674339001, -3.0617968325678095]]]}, "id": "-6685,-341", "properties": {"cell_id": "c_-60.0479_-3.0573", "lat": -3.0573116522314914, "lon": -60.04788516697341}}, {"type": "Feature", "geometry": {"type": "Polygon", "coordinates": [[[-60.04339359054882, -3.0617968325678095], [-60.03441043770762, -3.0617968325678095], [-60.03441043770762, -3.052826465594535], [-60.04339359054882, -3.052826465594535], [-60.04339359054882, -3.0617968325678095]]]}, "id": "-6684,-341", "properties": {"cell_id": "c_-60.0389_-3.0573", "lat": -3.0573116522243966, "lon": -60.038902014095136}}, {"type": "Feature", "geometry": {"type": "Polygon", "coordinates": [[[-60.03441043770762, -3.0617968325678095], [-60.025427284866424, -3.0617968325678095], [-60.025427284866424, -3.052826465594535], [-60.03441043770762, -3.052826465594535], [-60.03441043770762, -3.0617968325678095]]]}, "id": "-6683,-341", "properties": {"cell_id": "c_-60.0299_-3.0573", "lat": -3.05731165222868, "lon": -60.02991886130661}}, {"type": "Feature", "geometry": {"type": "Polygon", "coordinates": [[[-60.025427284866424, -3.0617968325678095], [-60.01644413202522, -3.0617968325678095], [-60.01644413202522, -3.052826465594535], [-60.025427284866424, -3.052826465594535], [-60.025427284866424, -3.0617968325678095]]]}, "id": "-6682,-341", "properties": {"cell_id": "c_-60.0209_-3.0573", "lat": -3.0573116522392754, "lon": -60.02093570845773}}, {"type": "Feature", "geometry": {"type": "Polygon", "coordinates": [[[-60.01644413202522, -3.0617968325678095], [-60.00746097918404, -3.0617968325678095], [-60.00746097918404, -3.052826465594535], [-60.01644413202522, -3.052826465594535], [-60.01644413202522, -3.0617968325678095]]]}, "id": "-6681,-341", "properties": {"cell_id": "c_-60.0120_-3.0573", "lat": -3.057311652228472, "lon": -60.011952555582106}}, {"type": "Feature", "geometry": {"type": "Polygon", "coordinates": [[[-60.00746097918404, -3.0617968325678095], [-59.99847782634284, -3.0617968325678095], [-59.99847782634284, -3.052826465594535], [-60.00746097918404, -3.052826465594535], [-60.00746097918404, -3.0617968325678095]]]}, "id": "-6680,-341", "properties": {"cell_id": "c_-60.0030_-3.0573", "lat": -3.057311652231416, "lon": -60.0029694027818}}, {"type": "Feature", "geometry": {"type": "Polygon", "coordinates": [[[-59.99847782634284, -3.0617968325678095], [-59.989494673501646, -3.0617968325678095], [-59.989494673501646, -3.052826465594535], [-59.99847782634284, -3.052826465594535], [-59.99847782634284, -3.0617968325678095]]]}, "id": "-6679,-341", "properties": {"cell_id": "c_-59.9940_-3.0573", "lat": -3.0573116522481087, "lon": -59.99398624993139}}, {"type": "Feature", "geometry": {"type": "Polygon", "coordinates": [[[-59.989494673501646, -3.0617968325678095], [-59.98051152066045, -3.0617968325678095], [-59.98051152066045, -3.052826465594535], [-59.989494673501646, -3.052826465594535], [-59.989494673501646, -3.0617968325678095]]]}, "id": "-6678,-341", "properties": {"cell_id": "c_-59.9850_-3.0573", "lat": -3.0573116522457675, "lon": -59.985003097049294}}, {"type": "Feature", "geometry": {"type": "Polygon", "coordinates": [[[-59.98051152066045, -3.0617968325678095], [-59.971528367819246, -3.0617968325678095], [-59.971528367819246, -3.052826465594535], [-59.98051152066045, -3.052826465594535], [-59.98051152066045, -3.0617968325678095]]]}, "id": "-6677,-341", "properties": {"cell_id": "c_-59.9760_-3.0573", "lat": -3.0573116522318085, "lon": -59.976019944275436}}, {"type": "Feature", "geometry": {"type": "Polygon", "coordinates": [[[-59.971528367819246, -3.0617968325678095], [-59.96254521497805, -3.0617968325678095], [-59.96254521497805, -3.052826465594535], [-59.971528367819246, -3.052826465594535], [-59.971528367819246, -3.0617968325678095]]]}, "id": "-6676,-341", "properties": {"cell_id": "c_-59.9670_-3.0573", "lat": -3.057311652228872, "lon": -59.967036791371044}}, {"type": "Feature", "geometry": {"type": "Polygon", "coordinates": [[[-59.96254521497805, -3.0617968325678095], [-59.95356206213687, -3.0617968325678095], [-59.95356206213687, -3.052826465594535], [-59.96254521497805, -3.052826465594535], [-59.96254521497805, -3.0617968325678095]]]}, "id": "-6675,-341", "properties": {"cell_id": "c_-59.9581_-3.0573", "lat": -3.057311652231882, "lon": -59.95805363855346}}, {"type": "Feature", "geometry": {"type": "Polygon", "coordinates": [[[-59.95356206213687, -3.0617968325678095], [-59.94457890929567, -3.0617968325678095], [-59.94457890929567, -3.052826465594535], [-59.95356206213687, -3.052826465594535], [-59.95356206213687, -3.0617968325678095]]]}, "id": "-6674,-341", "properties": {"cell_id": "c_-59.9491_-3.0573", "lat": -3.057311652230682, "lon": -59.949070485723865}}, {"type": "Feature", "geometry": {"type": "Polygon", "coordinates": [[[-59.94457890929567, -3.0617968325678095], [-59.935595756454475, -3.0617968325678095], [-59.935595756454475, -3.052826465594535], [-59.94457890929567, -3.052826465594535], [-59.94457890929567, -3.0617968325678095]]]}, "id": "-6673,-341", "properties": {"cell_id": "c_-59.9401_-3.0573", "lat": -3.0573116522354313, "lon": -59.94008733286236}}, {"type": "Feature", "geometry": {"type": "Polygon", "coordinates": [[[-59.935595756454475, -3.0617968325678095], [-59.92661260361328, -3.0617968325678095], [-59.92661260361328, -3.052826465594535], [-59.935595756454475, -3.052826465594535], [-59.935595756454475, -3.0617968325678095]]]}, "id": "-6672,-341", "properties": {"cell_id": "c_-59.9311_-3.0573", "lat": -3.057311652220734, "lon": -59.93110418007518}}, {"type": "Feature", "geometry": {"type": "Polygon", "coordinates": [[[-59.92661260361328, -3.0617968325678095], [-59.917629450772075, -3.0617968325678095], [-59.917629450772075, -3.052826465594535], [-59.92661260361328, -3.052826465594535], [-59.92661260361328, -3.0617968325678095]]]}, "id": "-6671,-341", "properties": {"cell_id": "c_-59.9221_-3.0573", "lat": -3.0573116522217005, "lon": -59.922121027167435}}, {"type": "Feature", "geometry": {"type": "Polygon", "coordinates": [[[-59.917629450772075, -3.0617968325678095], [-59.90864629793088, -3.0617968325678095], [-59.90864629793088, -3.052826465594535], [-59.917629450772075, -3.052826465594535], [-59.917629450772075, -3.0617968325678095]]]}, "id": "-6670,-341", "properties": {"cell_id": "c_-59.9131_-3.0573", "lat": -3.0573116522207755, "lon": -59.91313787433372}}, {"type": "Feature", "geometry": {"type": "Polygon", "coordinates": [[[-59.90864629793088, -3.0617968325678095], [-59.8996631450897, -3.0617968325678095], [-59.8996631450897, -3.052826465594535], [-59.90864629793088, -3.052826465594535], [-59.90864629793088, -3.0617968325678095]]]}, "id": "-6669,-341", "properties": {"cell_id": "c_-59.9042_-3.0573", "lat": -3.057311652235509, "lon": -59.90415472151704}}, {"type": "Feature", "geometry": {"type": "Polygon", "coordinates": [[[-59.8996631450897, -3.0617968325678095], [-59.8906799922485, -3.0617968325678095], [-59.8906799922485, -3.052826465594535], [-59.8996631450897, -3.052826465594535], [-59.8996631450897, -3.0617968325678095]]]}, "id": "-6668,-341", "properties": {"cell_id": "c_-59.8952_-3.0573", "lat": -3.0573116522557378, "lon": -59.895171568673305}}, {"type": "Feature", "geometry": {"type": "Polygon", "coordinates": [[[-59.8906799922485, -3.0617968325678095], [-59.881696839407304, -3.0617968325678095], [-59.881696839407304, -3.052826465594535], [-59.8906799922485, -3.052826465594535], [-59.8906799922485, -3.0617968325678095]]]}, "id": "-6667,-341", "properties": {"cell_id": "c_-59.8862_-3.0573", "lat": -3.0573116522435555, "lon": -59.88618841583618}}, {"type": "Feature", "geometry": {"type": "Polygon", "coordinates": [[[-59.881696839407304, -3.0617968325678095], [-59.8727136865661, -3.0617968325678095], [-59.8727136865661, -3.052826465594535], [-59.881696839407304, -3.052826465594535], [-59.881696839407304, -3.0617968325678095]]]}, "id": "-6666,-341", "properties": {"cell_id": "c_-59.8772_-3.0573", "lat": -3.057311652226693, "lon": -59.87720526298837}}, {"type": "Feature", "geometry": {"type": "Polygon", "coordinates": [[[-59.8727136865661, -3.0617968325678095], [-59.863730533724905, -3.0617968325678095], [-59.863730533724905, -3.052826465594535], [-59.8727136865661, -3.052826465594535], [-59.8727136865661, -3.0617968325678095]]]}, "id": "-6665,-341", "properties": {"cell_id": "c_-59.8682_-3.0573", "lat": -3.0573116522402457, "lon": -59.86822211014587}}, {"type": "Feature", "geometry": {"type": "Polygon", "coordinates": [[[-59.863730533724905, -3.0617968325678095], [-59.85474738088371, -3.0617968325678095], [-59.85474738088371, -3.052826465594535], [-59.863730533724905, -3.052826465594535], [-59.863730533724905, -3.0617968325678095]]]}, "id": "-6664,-341", "properties": {"cell_id": "c_-59.8592_-3.0573", "lat": -3.0573116522564803, "lon": -59.859238957308314}}, {"type": "Feature", "geometry": {"type": "Polygon", "coordinates": [[[-59.85474738088371, -3.0617968325678095], [-59.845764228042526, -3.0617968325678095], [-59.845764228042526, -3.052826465594535], [-59.85474738088371, -3.052826465594535], [-59.85474738088371, -3.0617968325678095]]]}, "id": "-6663,-341", "properties": {"cell_id": "c_-59.8503_-3.0573", "lat": -3.057311652237487, "lon": -59.8502558044368}}, {"type": "Feature", "geometry": {"type": "Polygon", "coordinates": [[[-59.845764228042526, -3.0617968325678095], [-59.83678107520133, -3.0617968325678095], [-59.83678107520133, -3.052826465594535], [-59.845764228042526, -3.052826465594535], [-59.845764228042526, -3.0617968325678095]]]}, "id": "-6662,-341", "properties": {"cell_id": "c_-59.8413_-3.0573", "lat": -3.0573116522562684, "lon": -59.84127265164321}}, {"type": "Feature", "geometry": {"type": "Polygon", "coordinates": [[[-59.83678107520133, -3.0617968325678095], [-59.827797922360126, -3.0617968325678095], [-59.827797922360126, -3.052826465594535], [-59.83678107520133, -3.052826465594535], [-59.83678107520133, -3.0617968325678095]]]}, "id": "-6661,-341", "properties": {"cell_id": "c_-59.8323_-3.0573", "lat": -3.0573116522573587, "lon": -59.832289498774635}}, {"type": "Feature", "geometry": {"type": "Polygon", "coordinates": [[[-59.827797922360126, -3.0617968325678095], [-59.81881476951893, -3.0617968325678095], [-59.81881476951893, -3.052826465594535], [-59.827797922360126, -3.052826465594535], [-59.827797922360126, -3.0617968325678095]]]}, "id": "-6660,-341", "properties": {"cell_id": "c_-59.8233_-3.0573", "lat": -3.057311652220373, "lon": -59.82330634597533}}, {"type": "Feature", "geometry": {"type": "Polygon", "coordinates": [[[-59.81881476951893, -3.0617968325678095], [-59.809831616677734, -3.0617968325678095], [-59.809831616677734, -3.052826465594535], [-59.81881476951893, -3.052826465594535], [-59.81881476951893, -3.0617968325678095]]]}, "id": "-6659,-341", "properties": {"cell_id": "c_-59.8143_-3.0573", "lat": -3.05731165222851, "lon": -59.814323193055564}}, {"type": "Feature", "geometry": {"type": "Polygon", "coordinates": [[[-59.809831616677734, -3.0617968325678095], [-59.80084846383654, -3.0617968325678095], [-59.80084846383654, -3.052826465594535], [-59.809831616677734, -3.052826465594535], [-59.809831616677734, -3.0617968325678095]]]}, "id": "-6658,-341", "properties": {"cell_id": "c_-59.8053_-3.0573", "lat": -3.057311652243836, "lon": -59.80534004025641}}, {"type": "Feature", "geometry": {"type": "Polygon", "coordinates": [[[-59.80084846383654, -3.0617968325678095], [-59.791865310995355, -3.0617968325678095], [-59.791865310995355, -3.052826465594535], [-59.80084846383654, -3.052826465594535], [-59.80084846383654, -3.0617968325678095]]]}, "id": "-6657,-341", "properties": {"cell_id": "c_-59.7964_-3.0573", "lat": -3.0573116522386234, "lon": -59.796356887414184}}, {"type": "Feature", "geometry": {"type": "Polygon", "coordinates": [[[-59.791865310995355, -3.0617968325678095], [-59.78288215815416, -3.0617968325678095], [-59.78288215815416, -3.052826465594535], [-59.791865310995355, -3.052826465594535], [-59.791865310995355, -3.0617968325678095]]]}, "id": "-6656,-341", "properties": {"cell_id": "c_-59.7874_-3.0573", "lat": -3.057311652240608, "lon": -59.7873737346047}}, {"type": "Feature", "geometry": {"type": "Polygon", "coordinates": [[[-59.78288215815416, -3.0617968325678095], [-59.773899005312956, -3.0617968325678095], [-59.773899005312956, -3.052826465594535], [-59.78288215815416, -3.052826465594535], [-59.78288215815416, -3.0617968325678095]]]}, "id": "-6655,-341", "properties": {"cell_id": "c_-59.7784_-3.0573", "lat": -3.057311652236707, "lon": -59.77839058173453}}, {"type": "Feature", "geometry": {"type": "Polygon", "coordinates": [[[-59.773899005312956, -3.0617968325678095], [-59.76491585247176, -3.0617968325678095], [-59.76491585247176, -3.052826465594535], [-59.773899005312956, -3.052826465594535], [-59.773899005312956, -3.0617968325678095]]]}, "id": "-6654,-341", "properties": {"cell_id": "c_-59.7694_-3.0573", "lat": -3.057311652226908, "lon": -59.76940742886945}}, {"type": "Feature", "geometry": {"type": "Polygon", "coordinates": [[[-59.76491585247176, -3.0617968325678095], [-59.75593269963056, -3.0617968325678095], [-59.75593269963056, -3.052826465594535], [-59.76491585247176, -3.052826465594535], [-59.76491585247176, -3.0617968325678095]]]}, "id": "-6653,-341", "properties": {"cell_id": "c_-59.7604_-3.0573", "lat": -3.057311652221421, "lon": -59.760424276062054}}, {"type": "Feature", "geometry": {"type": "Polygon", "coordinates": [[[-59.75593269963056, -3.0617968325678095], [-59.74694954678938, -3.0617968325678095], [-59.74694954678938, -3.052826465594535], [-59.75593269963056, -3.052826465594535], [-59.75593269963056, -3.0617968325678095]]]}, "id": "-6652,-341", "properties": {"cell_id": "c_-59.7514_-3.0573", "lat": -3.057311652217345, "lon": -59.75144112318806}}, {"type": "Feature", "geometry": {"type": "Polygon", "coordinates": [[[-60.20509034169033, -3.052826465594535], [-60.19610718884913, -3.052826465594535], [-60.19610718884913, -3.043856023719477], [-60.20509034169033, -3.043856023719477], [-60.20509034169033, -3.052826465594535]]]}, "id": "-6702,-340", "properties": {"cell_id": "c_-60.2006_-3.0483", "lat": -3.04834124777129, "lon": -60.20059876530417}}, {"type": "Feature", "geometry": {"type": "Polygon", "coordinates": [[[-60.19610718884913, -3.052826465594535], [-60.18712403600794, -3.052826465594535], [-60.18712403600794, -3.043856023719477], [-60.19610718884913, -3.043856023719477], [-60.19610718884913, -3.052826465594535]]]}, "id": "-6701,-340", "properties": {"cell_id": "c_-60.1916_-3.0483", "lat": -3.0483412477757383, "lon": -60.19161561241398}}, {"type": "Feature", "geometry": {"type": "Polygon", "coordinates": [[[-60.18712403600794, -3.052826465594535], [-60.17814088316674, -3.052826465594535], [-60.17814088316674, -3.043856023719477], [-60.18712403600794, -3.043856023719477], [-60.18712403600794, -3.052826465594535]]]}, "id": "-6700,-340", "properties": {"cell_id": "c_-60.1826_-3.0483", "lat": -3.0483412477716088, "lon": -60.18263245957534}}, {"type": "Feature", "geometry": {"type": "Polygon", "coordinates": [[[-60.17814088316674, -3.052826465594535], [-60.16915773032555, -3.052826465594535], [-60.16915773032555, -3.043856023719477], [-60.17814088316674, -3.043856023719477], [-60.17814088316674, -3.052826465594535]]]}, "id": "-6699,-340", "properties": {"cell_id": "c_-60.1736_-3.0483", "lat": -3.048341247773937, "lon": -60.173649306758925}}, {"type": "Feature", "geometry": {"type": "Polygon", "coordinates": [[[-60.16915773032555, -3.052826465594535], [-60.160174577484355, -3.052826465594535], [-60.160174577484355, -3.043856023719477], [-60.16915773032555, -3.043856023719477], [-60.16915773032555, -3.052826465594535]]]}, "id": "-6698,-340", "properties": {"cell_id": "c_-60.1647_-3.0483", "lat": -3.0483412477827088, "lon": -60.16466615388535}}, {"type": "Feature", "geometry": {"type": "Polygon", "coordinates": [[[-60.160174577484355, -3.052826465594535], [-60.15119142464316, -3.052826465594535], [-60.15119142464316, -3.043856023719477], [-60.160174577484355, -3.043856023719477], [-60.160174577484355, -3.052826465594535]]]}, "id": "-6697,-340", "properties": {"cell_id": "c_-60.1557_-3.0483", "lat": -3.0483412477627363, "lon": -60.15568300106087}}, {"type": "Feature", "geometry": {"type": "Polygon", "coordinates": [[[-60.15119142464316, -3.052826465594535], [-60.14220827180196, -3.052826465594535], [-60.14220827180196, -3.043856023719477], [-60.15119142464316, -3.043856023719477], [-60.15119142464316, -3.052826465594535]]]}, "id": "-6696,-340", "properties": {"cell_id": "c_-60.1467_-3.0483", "lat": -3.048341247756715, "lon": -60.14669984823882}}, {"type": "Feature", "geometry": {"type": "Polygon", "coordinates": [[[-60.14220827180196, -3.052826465594535], [-60.133225118960766, -3.052826465594535], [-60.133225118960766, -3.043856023719477], [-60.14220827180196, -3.043856023719477], [-60.14220827180196, -3.052826465594535]]]}, "id": "-6695,-340", "properties": {"cell_id": "c_-60.1377_-3.0483", "lat": -3.048341247764646, "lon": -60.1377166953697}}, {"type": "Feature", "geometry": {"type": "Polygon", "coordinates": [[[-60.133225118960766, -3.052826465594535], [-60.12424196611957, -3.052826465594535], [-60.12424196611957, -3.043856023719477], [-60.133225118960766, -3.043856023719477], [-60.133225118960766, -3.052826465594535]]]}, "id": "-6694,-340", "properties": {"cell_id": "c_-60.1287_-3.0483", "lat": -3.048341247768932, "lon": -60.128733542547494}}, {"type": "Feature", "geometry": {"type": "Polygon", "coordinates": [[[-60.12424196611957, -3.052826465594535], [-60.11525881327838, -3.052826465594535], [-60.11525881327838, -3.043856023719477], [-60.12424196611957, -3.043856023719477], [-60.12424196611957, -3.052826465594535]]]}, "id": "-6693,-340", "properties": {"cell_id": "c_-60.1198_-3.0483", "lat": -3.0483412477669676, "lon": -60.119750389679936}}, {"type": "Feature", "geometry": {"type": "Polygon", "coordinates": [[[-60.11525881327838, -3.052826465594535], [-60.106275660437184, -3.052826465594535], [-60.106275660437184, -3.043856023719477], [-60.11525881327838, -3.043856023719477], [-60.11525881327838, -3.052826465594535]]]}, "id": "-6692,-340", "properties": {"cell_id": "c_-60.1108_-3.0483", "lat": -3.0483412477763334, "lon": -60.110767236856525}}, {"type": "Feature", "geometry": {"type": "Polygon", "coordinates": [[[-60.106275660437184, -3.052826465594535], [-60.09729250759599, -3.052826465594535], [-60.09729250759599, -3.043856023719477], [-60.106275660437184, -3.043856023719477], [-60.106275660437184, -3.052826465594535]]]}, "id": "-6691,-340", "properties": {"cell_id": "c_-60.1018_-3.0483", "lat": -3.0483412477794447, "lon": -60.10178408403484}}, {"type": "Feature", "geometry": {"type": "Polygon", "coordinates": [[[-60.09729250759599, -3.052826465594535], [-60.08830935475479, -3.052826465594535], [-60.08830935475479, -3.043856023719477], [-60.09729250759599, -3.043856023719477], [-60.09729250759599, -3.052826465594535]]]}, "id": "-6690,-340", "properties": {"cell_id": "c_-60.0928_-3.0483", "lat": -3.0483412477661935, "lon": -60.092800931180705}}, {"type": "Feature", "geometry": {"type": "Polygon", "coordinates": [[[-60.08830935475479, -3.052826465594535], [-60.079326201913595, -3.052826465594535], [-60.079326201913595, -3.043856023719477], [-60.08830935475479, -3.043856023719477], [-60.08830935475479, -3.052826465594535]]]}, "id": "-6689,-340", "properties": {"cell_id": "c_-60.0838_-3.0483", "lat": -3.048341247754163, "lon": -60.083817778352866}}, {"type": "Feature", "geometry": {"type": "Polygon", "coordinates": [[[-60.079326201913595, -3.052826465594535], [-60.0703430490724, -3.052826465594535], [-60.0703430490724, -3.043856023719477], [-60.079326201913595, -3.043856023719477], [-60.079326201913595, -3.052826465594535]]]}, "id": "-6688,-340", "properties": {"cell_id": "c_-60.0748_-3.0483", "lat": -3.048341247755882, "lon": -60.07483462546944}}, {"type": "Feature", "geometry": {"type": "Polygon", "coordinates": [[[-60.0703430490724, -3.052826465594535], [-60.06135989623121, -3.052826465594535], [-60.06135989623121, -3.043856023719477], [-60.0703430490724, -3.043856023719477], [-60.0703430490724, -3.052826465594535]]]}, "id": "-6687,-340", "properties": {"cell_id": "c_-60.0659_-3.0483", "lat": -3.0483412477788137, "lon": -60.065851472634}}, {"type": "Feature", "geometry": {"type": "Polygon", "coordinates": [[[-60.06135989623121, -3.052826465594535], [-60.05237674339001, -3.052826465594535], [-60.05237674339001, -3.043856023719477], [-60.06135989623121, -3.043856023719477], [-60.06135989623121, -3.052826465594535]]]}, "id": "-6686,-340", "properties": {"cell_id": "c_-60.0569_-3.0483", "lat": -3.048341247782729, "lon": -60.05686831983831}}, {"type": "Feature", "geometry": {"type": "Polygon", "coordinates": [[[-60.05237674339001, -3.052826465594535], [-60.04339359054882, -3.052826465594535], [-60.04339359054882, -3.043856023719477], [-60.05237674339001, -3.043856023719477], [-60.05237674339001, -3.052826465594535]]]}, "id": "-6685,-340", "properties": {"cell_id": "c_-60.0479_-3.0483", "lat": -3.048341247767635, "lon": -60.047885166966644}}, {"type": "Feature", "geometry": {"type": "Polygon", "coordinates": [[[-60.04339359054882, -3.052826465594535], [-60.03441043770762, -3.052826465594535], [-60.03441043770762, -3.043856023719477], [-60.04339359054882, -3.043856023719477], [-60.04339359054882, -3.052826465594535]]]}, "id": "-6684,-340", "properties": {"cell_id": "c_-60.0389_-3.0483", "lat": -3.0483412477812006, "lon": -60.03890201410841}}, {"type": "Feature", "geometry": {"type": "Polygon", "coordinates": [[[-60.03441043770762, -3.052826465594535], [-60.025427284866424, -3.052826465594535], [-60.025427284866424, -3.043856023719477], [-60.03441043770762, -3.043856023719477], [-60.03441043770762, -3.052826465594535]]]}, "id": "-6683,-340", "properties": {"cell_id": "c_-60.0299_-3.0483", "lat": -3.0483412477957175, "lon": -60.02991886131218}}, {"type": "Feature", "geometry": {"type": "Polygon", "coordinates": [[[-60.025427284866424, -3.052826465594535], [-60.01644413202522, -3.052826465594535], [-60.01644413202522, -3.043856023719477], [-60.025427284866424, -3.043856023719477], [-60.025427284866424, -3.052826465594535]]]}, "id": "-6682,-340", "properties": {"cell_id": "c_-60.0209_-3.0483", "lat": -3.0483412477709737, "lon": -60.02093570843799}}, {"type": "Feature", "geometry": {"type": "Polygon", "coordinates": [[[-60.01644413202522, -3.052826465594535], [-60.00746097918404, -3.052826465594535], [-60.00746097918404, -3.043856023719477], [-60.01644413202522, -3.043856023719477], [-60.01644413202522, -3.052826465594535]]]}, "id": "-6681,-340", "properties": {"cell_id": "c_-60.0120_-3.0483", "lat": -3.0483412477772607, "lon": -60.011952555597325}}, {"type": "Feature", "geometry": {"type": "Polygon", "coordinates": [[[-60.00746097918404, -3.052826465594535], [-59.99847782634284, -3.052826465594535], [-59.99847782634284, -3.043856023719477], [-60.00746097918404, -3.043856023719477], [-60.00746097918404, -3.052826465594535]]]}, "id": "-6680,-340", "properties": {"cell_id": "c_-60.0030_-3.0483", "lat": -3.0483412477868677, "lon": -60.002969402779165}}, {"type": "Feature", "geometry": {"type": "Polygon", "coordinates": [[[-59.99847782634284, -3.052826465594535], [-59.989494673501646, -3.052826465594535], [-59.989494673501646, -3.043856023719477], [-59.99847782634284, -3.043856023719477], [-59.99847782634284, -3.052826465594535]]]}, "id": "-6679,-340", "properties": {"cell_id": "c_-59.9940_-3.0483", "lat": -3.048341247759582, "lon": -59.993986249923424}}, {"type": "Feature", "geometry": {"type": "Polygon", "coordinates": [[[-59.989494673501646, -3.052826465594535], [-59.98051152066045, -3.052826465594535], [-59.98051152066045, -3.043856023719477], [-59.989494673501646, -3.043856023719477], [-59.989494673501646, -3.052826465594535]]]}, "id": "-6678,-340", "properties": {"cell_id": "c_-59.9850_-3.0483", "lat": -3.048341247765682, "lon": -59.98500309706102}}, {"type": "Feature", "geometry": {"type": "Polygon", "coordinates": [[[-59.98051152066045, -3.052826465594535], [-59.971528367819246, -3.052826465594535], [-59.971528367819246, -3.043856023719477], [-59.98051152066045, -3.043856023719477], [-59.98051152066045, -3.052826465594535]]]}, "id": "-6677,-340", "properties": {"cell_id": "c_-59.9760_-3.0483", "lat": -3.0483412477825214, "lon": -59.97601994426659}}, {"type": "Feature", "geometry": {"type": "Polygon", "coordinates": [[[-59.971528367819246, -3.052826465594535], [-59.96254521497805, -3.052826465594535], [-59.96254521497805, -3.043856023719477], [-59.971528367819246, -3.043856023719477], [-59.971528367819246, -3.052826465594535]]]}, "id": "-6676,-340", "properties": {"cell_id": "c_-59.9670_-3.0483", "lat": -3.0483412477648275, "lon": -59.96703679135923}}, {"type": "Feature", "geometry": {"type": "Polygon", "coordinates": [[[-59.96254521497805, -3.052826465594535], [-59.95356206213687, -3.052826465594535], [-59.95356206213687, -3.043856023719477], [-59.96254521497805, -3.043856023719477], [-59.96254521497805, -3.052826465594535]]]}, "id": "-6675,-340", "properties": {"cell_id": "c_-59.9581_-3.0483", "lat": -3.048341247760211, "lon": -59.95805363856366}}, {"type": "Feature", "geometry": {"type": "Polygon", "coordinates": [[[-59.95356206213687, -3.052826465594535], [-59.94457890929567, -3.052826465594535], [-59.94457890929567, -3.043856023719477], [-59.95356206213687, -3.043856023719477], [-59.95356206213687, -3.052826465594535]]]}, "id": "-6674,-340", "properties": {"cell_id": "c_-59.9491_-3.0483", "lat": -3.048341247768675, "lon": -59.94907048572094}}, {"type": "Feature", "geometry": {"type": "Polygon", "coordinates": [[[-59.94457890929567, -3.052826465594535], [-59.935595756454475, -3.052826465594535], [-59.935595756454475, -3.043856023719477], [-59.94457890929567, -3.043856023719477], [-59.94457890929567, -3.052826465594535]]]}, "id": "-6673,-340", "properties": {"cell_id": "c_-59.9401_-3.0483", "lat": -3.048341247757414, "lon": -59.94008733285877}}, {"type": "Feature", "geometry": {"type": "Polygon", "coordinates": [[[-59.935595756454475, -3.052826465594535], [-59.92661260361328, -3.052826465594535], [-59.92661260361328, -3.043856023719477], [-59.935595756454475, -3.043856023719477], [-59.935595756454475, -3.052826465594535]]]}, "id": "-6672,-340", "properties": {"cell_id": "c_-59.9311_-3.0483", "lat": -3.0483412477717122, "lon": -59.931104180078364}}, {"type": "Feature", "geometry": {"type": "Polygon", "coordinates": [[[-59.92661260361328, -3.052826465594535], [-59.917629450772075, -3.052826465594535], [-59.917629450772075, -3.043856023719477], [-59.92661260361328, -3.043856023719477], [-59.92661260361328, -3.052826465594535]]]}, "id": "-6671,-340", "properties": {"cell_id": "c_-59.9221_-3.0483", "lat": -3.0483412477838465, "lon": -59.92212102717736}}, {"type": "Feature", "geometry": {"type": "Polygon", "coordinates": [[[-59.917629450772075, -3.052826465594535], [-59.90864629793088, -3.052826465594535], [-59.90864629793088, -3.043856023719477], [-59.917629450772075, -3.043856023719477], [-59.917629450772075, -3.052826465594535]]]}, "id": "-6670,-340", "properties": {"cell_id": "c_-59.9131_-3.0483", "lat": -3.0483412477836582, "lon": -59.913137874322665}}, {"type": "Feature", "geometry": {"type": "Polygon", "coordinates": [[[-59.90864629793088, -3.052826465594535], [-59.8996631450897, -3.052826465594535], [-59.8996631450897, -3.043856023719477], [-59.90864629793088, -3.043856023719477], [-59.90864629793088, -3.052826465594535]]]}, "id": "-6669,-340", "properties": {"cell_id": "c_-59.9042_-3.0483", "lat": -3.048341247778525, "lon": -59.90415472153771}}, {"type": "Feature", "geometry": {"type": "Polygon", "coordinates": [[[-59.8996631450897, -3.052826465594535], [-59.8906799922485, -3.052826465594535], [-59.8906799922485, -3.043856023719477], [-59.8996631450897, -3.043856023719477], [-59.8996631450897, -3.052826465594535]]]}, "id": "-6668,-340", "properties": {"cell_id": "c_-59.8952_-3.0483", "lat": -3.0483412477684477, "lon": -59.8951715686628}}, {"type": "Feature", "geometry": {"type": "Polygon", "coordinates": [[[-59.8906799922485, -3.052826465594535], [-59.881696839407304, -3.052826465594535], [-59.881696839407304, -3.043856023719477], [-59.8906799922485, -3.043856023719477], [-59.8906799922485, -3.052826465594535]]]}, "id": "-6667,-340", "properties": {"cell_id": "c_-59.8862_-3.0483", "lat": -3.048341247781153, "lon": -59.88618841584722}}, {"type": "Feature", "geometry": {"type": "Polygon", "coordinates": [[[-59.881696839407304, -3.052826465594535], [-59.8727136865661, -3.052826465594535], [-59.8727136865661, -3.043856023719477], [-59.881696839407304, -3.043856023719477], [-59.881696839407304, -3.052826465594535]]]}, "id": "-6666,-340", "properties": {"cell_id": "c_-59.8772_-3.0483", "lat": -3.0483412477787417, "lon": -59.87720526295804}}, {"type": "Feature", "geometry": {"type": "Polygon", "coordinates": [[[-59.8727136865661, -3.052826465594535], [-59.863730533724905, -3.052826465594535], [-59.863730533724905, -3.043856023719477], [-59.8727136865661, -3.043856023719477], [-59.8727136865661, -3.052826465594535]]]}, "id": "-6665,-340", "properties": {"cell_id": "c_-59.8682_-3.0483", "lat": -3.0483412477510363, "lon": -59.86822211016203}}, {"type": "Feature", "geometry": {"type": "Polygon", "coordinates": [[[-59.863730533724905, -3.052826465594535], [-59.85474738088371, -3.052826465594535], [-59.85474738088371, -3.043856023719477], [-59.863730533724905, -3.043856023719477], [-59.863730533724905, -3.052826465594535]]]}, "id": "-6664,-340", "properties": {"cell_id": "c_-59.8592_-3.0483", "lat": -3.0483412477506686, "lon": -59.85923895730805}}, {"type": "Feature", "geometry": {"type": "Polygon", "coordinates": [[[-59.85474738088371, -3.052826465594535], [-59.845764228042526, -3.052826465594535], [-59.845764228042526, -3.043856023719477], [-59.85474738088371, -3.043856023719477], [-59.85474738088371, -3.052826465594535]]]}, "id": "-6663,-340", "properties": {"cell_id": "c_-59.8503_-3.0483", "lat": -3.0483412477702756, "lon": -59.85025580443768}}, {"type": "Feature", "geometry": {"type": "Polygon", "coordinates": [[[-59.845764228042526, -3.052826465594535], [-59.83678107520133, -3.052826465594535], [-59.83678107520133, -3.043856023719477], [-59.845764228042526, -3.043856023719477], [-59.845764228042526, -3.052826465594535]]]}, "id": "-6662,-340", "properties": {"cell_id": "c_-59.8413_-3.0483", "lat": -3.0483412477617593, "lon": -59.8412726516526}}, {"type": "Feature", "geometry": {"type": "Polygon", "coordinates": [[[-59.83678107520133, -3.052826465594535], [-59.827797922360126, -3.052826465594535], [-59.827797922360126, -3.043856023719477], [-59.83678107520133, -3.043856023719477], [-59.83678107520133, -3.052826465594535]]]}, "id": "-6661,-340", "properties": {"cell_id": "c_-59.8323_-3.0483", "lat": -3.0483412477528433, "lon": -59.83228949875741}}, {"type": "Feature", "geometry": {"type": "Polygon", "coordinates": [[[-59.827797922360126, -3.052826465594535], [-59.81881476951893, -3.052826465594535], [-59.81881476951893, -3.043856023719477], [-59.827797922360126, -3.043856023719477], [-59.827797922360126, -3.052826465594535]]]}, "id": "-6660,-340", "properties": {"cell_id": "c_-59.8233_-3.0483", "lat": -3.048341247771274, "lon": -59.82330634597398}}, {"type": "Feature", "geometry": {"type": "Polygon", "coordinates": [[[-59.81881476951893, -3.052826465594535], [-59.809831616677734, -3.052826465594535], [-59.809831616677734, -3.043856023719477], [-59.81881476951893, -3.043856023719477], [-59.81881476951893, -3.052826465594535]]]}, "id": "-6659,-340", "properties": {"cell_id": "c_-59.8143_-3.0483", "lat": -3.0483412477762637, "lon": -59.81432319307007}}, {"type": "Feature", "geometry": {"type": "Polygon", "coordinates": [[[-59.809831616677734, -3.052826465594535], [-59.80084846383654, -3.052826465594535], [-59.80084846383654, -3.043856023719477], [-59.809831616677734, -3.043856023719477], [-59.809831616677734, -3.052826465594535]]]}, "id": "-6658,-340", "properties": {"cell_id": "c_-59.8053_-3.0483", "lat": -3.048341247778, "lon": -59.805340040259}}, {"type": "Feature", "geometry": {"type": "Polygon", "coordinates": [[[-59.80084846383654, -3.052826465594535], [-59.791865310995355, -3.052826465594535], [-59.791865310995355, -3.043856023719477], [-59.80084846383654, -3.043856023719477], [-59.80084846383654, -3.052826465594535]]]}, "id": "-6657,-340", "properties": {"cell_id": "c_-59.7964_-3.0483", "lat": -3.0483412477764884, "lon": -59.796356887404855}}, {"type": "Feature", "geometry": {"type": "Polygon", "coordinates": [[[-59.791865310995355, -3.052826465594535], [-59.78288215815416, -3.052826465594535], [-59.78288215815416, -3.043856023719477], [-59.791865310995355, -3.043856023719477], [-59.791865310995355, -3.052826465594535]]]}, "id": "-6656,-340", "properties": {"cell_id": "c_-59.7874_-3.0483", "lat": -3.048341247761523, "lon": -59.787373734601026}}, {"type": "Feature", "geometry": {"type": "Polygon", "coordinates": [[[-59.78288215815416, -3.052826465594535], [-59.773899005312956, -3.052826465594535], [-59.773899005312956, -3.043856023719477], [-59.78288215815416, -3.043856023719477], [-59.78288215815416, -3.052826465594535]]]}, "id": "-6655,-340", "properties": {"cell_id": "c_-59.7784_-3.0483", "lat": -3.048341247750642, "lon": -59.77839058172338}}, {"type": "Feature", "geometry": {"type": "Polygon", "coordinates": [[[-59.773899005312956, -3.052826465594535], [-59.76491585247176, -3.052826465594535], [-59.76491585247176, -3.043856023719477], [-59.773899005312956, -3.043856023719477], [-59.773899005312956, -3.052826465594535]]]}, "id": "-6654,-340", "properties": {"cell_id": "c_-59.7694_-3.0483", "lat": -3.048341247761371, "lon": -59.76940742888152}}, {"type": "Feature", "geometry": {"type": "Polygon", "coordinates": [[[-59.76491585247176, -3.052826465594535], [-59.75593269963056, -3.052826465594535], [-59.75593269963056, -3.043856023719477], [-59.76491585247176, -3.043856023719477], [-59.76491585247176, -3.052826465594535]]]}, "id": "-6653,-340", "properties": {"cell_id": "c_-59.7604_-3.0483", "lat": -3.048341247783506, "lon": -59.760424276066644}}, {"type": "Feature", "geometry": {"type": "Polygon", "coordinates": [[[-59.75593269963056, -3.052826465594535], [-59.74694954678938, -3.052826465594535], [-59.74694954678938, -3.043856023719477], [-59.75593269963056, -3.043856023719477], [-59.75593269963056, -3.052826465594535]]]}, "id": "-6652,-340", "properties": {"cell_id": "c_-59.7514_-3.0483", "lat": -3.0483412477790837, "lon": -59.751441123174956}}, {"type": "Feature", "geometry": {"type": "Polygon", "coordinates": [[[-60.20509034169033, -3.043856023719477], [-60.19610718884913, -3.043856023719477], [-60.19610718884913, -3.034885507161891], [-60.20509034169033, -3.034885507161891], [-60.20509034169033, -3.043856023719477]]]}, "id": "-6702,-339", "properties": {"cell_id": "c_-60.2006_-3.0394", "lat": -3.039370768552696, "lon": -60.20059876528914}}, {"type": "Feature", "geometry": {"type": "Polygon", "coordinates": [[[-60.19610718884913, -3.043856023719477], [-60.18712403600794, -3.043856023719477], [-60.18712403600794, -3.034885507161891], [-60.19610718884913, -3.034885507161891], [-60.19610718884913, -3.043856023719477]]]}, "id": "-6701,-339", "properties": {"cell_id": "c_-60.1916_-3.0394", "lat": -3.039370768535891, "lon": -60.19161561241664}}, {"type": "Feature", "geometry": {"type": "Polygon", "coordinates": [[[-60.18712403600794, -3.043856023719477], [-60.17814088316674, -3.043856023719477], [-60.17814088316674, -3.034885507161891], [-60.18712403600794, -3.034885507161891], [-60.18712403600794, -3.043856023719477]]]}, "id": "-6700,-339", "properties": {"cell_id": "c_-60.1826_-3.0394", "lat": -3.039370768530243, "lon": -60.18263245956291}}, {"type": "Feature", "geometry": {"type": "Polygon", "coordinates": [[[-60.17814088316674, -3.043856023719477], [-60.16915773032555, -3.043856023719477], [-60.16915773032555, -3.034885507161891], [-60.17814088316674, -3.034885507161891], [-60.17814088316674, -3.043856023719477]]]}, "id": "-6699,-339", "properties": {"cell_id": "c_-60.1736_-3.0394", "lat": -3.039370768535751, "lon": -60.173649306779204}}, {"type": "Feature", "geometry": {"type": "Polygon", "coordinates": [[[-60.16915773032555, -3.043856023719477], [-60.160174577484355, -3.043856023719477], [-60.160174577484355, -3.034885507161891], [-60.16915773032555, -3.034885507161891], [-60.16915773032555, -3.043856023719477]]]}, "id": "-6698,-339", "properties": {"cell_id": "c_-60.1647_-3.0394", "lat": -3.039370768542325, "lon": -60.16466615388041}}, {"type": "Feature", "geometry": {"type": "Polygon", "coordinates": [[[-60.160174577484355, -3.043856023719477], [-60.15119142464316, -3.043856023719477], [-60.15119142464316, -3.034885507161891], [-60.160174577484355, -3.034885507161891], [-60.160174577484355, -3.043856023719477]]]}, "id": "-6697,-339", "properties": {"cell_id": "c_-60.1557_-3.0394", "lat": -3.0393707685449227, "lon": -60.155683001048374}}, {"type": "Feature", "geometry": {"type": "Polygon", "coordinates": [[[-60.15119142464316, -3.043856023719477], [-60.14220827180196, -3.043856023719477], [-60.14220827180196, -3.034885507161891], [-60.15119142464316, -3.034885507161891], [-60.15119142464316, -3.043856023719477]]]}, "id": "-6696,-339", "properties": {"cell_id": "c_-60.1467_-3.0394", "lat": -3.0393707685384928, "lon": -60.146699848238846}}, {"type": "Feature", "geometry": {"type": "Polygon", "coordinates": [[[-60.14220827180196, -3.043856023719477], [-60.133225118960766, -3.043856023719477], [-60.133225118960766, -3.034885507161891], [-60.14220827180196, -3.034885507161891], [-60.14220827180196, -3.043856023719477]]]}, "id": "-6695,-339", "properties": {"cell_id": "c_-60.1377_-3.0394", "lat": -3.039370768535584, "lon": -60.137716695374706}}, {"type": "Feature", "geometry": {"type": "Polygon", "coordinates": [[[-60.133225118960766, -3.043856023719477], [-60.12424196611957, -3.043856023719477], [-60.12424196611957, -3.034885507161891], [-60.133225118960766, -3.034885507161891], [-60.133225118960766, -3.043856023719477]]]}, "id": "-6694,-339", "properties": {"cell_id": "c_-60.1287_-3.0394", "lat": -3.0393707685311435, "lon": -60.12873354254234}}, {"type": "Feature", "geometry": {"type": "Polygon", "coordinates": [[[-60.12424196611957, -3.043856023719477], [-60.11525881327838, -3.043856023719477], [-60.11525881327838, -3.034885507161891], [-60.12424196611957, -3.034885507161891], [-60.12424196611957, -3.043856023719477]]]}, "id": "-6693,-339", "properties": {"cell_id": "c_-60.1198_-3.0394", "lat": -3.0393707685251754, "lon": -60.11975038967714}}, {"type": "Feature", "geometry": {"type": "Polygon", "coordinates": [[[-60.11525881327838, -3.043856023719477], [-60.106275660437184, -3.043856023719477], [-60.106275660437184, -3.034885507161891], [-60.11525881327838, -3.034885507161891], [-60.11525881327838, -3.043856023719477]]]}, "id": "-6692,-339", "properties": {"cell_id": "c_-60.1108_-3.0394", "lat": -3.039370768530217, "lon": -60.110767236873734}}, {"type": "Feature", "geometry": {"type": "Polygon", "coordinates": [[[-60.106275660437184, -3.043856023719477], [-60.09729250759599, -3.043856023719477], [-60.09729250759599, -3.034885507161891], [-60.106275660437184, -3.034885507161891], [-60.106275660437184, -3.043856023719477]]]}, "id": "-6691,-339", "properties": {"cell_id": "c_-60.1018_-3.0394", "lat": -3.039370768536162, "lon": -60.1017840840267}}, {"type": "Feature", "geometry": {"type": "Polygon", "coordinates": [[[-60.09729250759599, -3.043856023719477], [-60.08830935475479, -3.043856023719477], [-60.08830935475479, -3.034885507161891], [-60.09729250759599, -3.034885507161891], [-60.09729250759599, -3.043856023719477]]]}, "id": "-6690,-339", "properties": {"cell_id": "c_-60.0928_-3.0394", "lat": -3.0393707685379554, "lon": -60.09280093117737}}, {"type": "Feature", "geometry": {"type": "Polygon", "coordinates": [[[-60.08830935475479, -3.043856023719477], [-60.079326201913595, -3.043856023719477], [-60.079326201913595, -3.034885507161891], [-60.08830935475479, -3.034885507161891], [-60.08830935475479, -3.043856023719477]]]}, "id": "-6689,-339", "properties": {"cell_id": "c_-60.0838_-3.0394", "lat": -3.0393707685481233, "lon": -60.08381777835433}}, {"type": "Feature", "geometry": {"type": "Polygon", "coordinates": [[[-60.079326201913595, -3.043856023719477], [-60.0703430490724, -3.043856023719477], [-60.0703430490724, -3.034885507161891], [-60.079326201913595, -3.034885507161891], [-60.079326201913595, -3.043856023719477]]]}, "id": "-6688,-339", "properties": {"cell_id": "c_-60.0748_-3.0394", "lat": -3.039370768544025, "lon": -60.07483462546559}}, {"type": "Feature", "geometry": {"type": "Polygon", "coordinates": [[[-60.0703430490724, -3.043856023719477], [-60.06135989623121, -3.043856023719477], [-60.06135989623121, -3.034885507161891], [-60.0703430490724, -3.034885507161891], [-60.0703430490724, -3.043856023719477]]]}, "id": "-6687,-339", "properties": {"cell_id": "c_-60.0659_-3.0394", "lat": -3.0393707685381823, "lon": -60.06585147265495}}, {"type": "Feature", "geometry": {"type": "Polygon", "coordinates": [[[-60.06135989623121, -3.043856023719477], [-60.05237674339001, -3.043856023719477], [-60.05237674339001, -3.034885507161891], [-60.06135989623121, -3.034885507161891], [-60.06135989623121, -3.043856023719477]]]}, "id": "-6686,-339", "properties": {"cell_id": "c_-60.0569_-3.0394", "lat": -3.0393707685431104, "lon": -60.056868319826194}}, {"type": "Feature", "geometry": {"type": "Polygon", "coordinates": [[[-60.05237674339001, -3.043856023719477], [-60.04339359054882, -3.043856023719477], [-60.04339359054882, -3.034885507161891], [-60.05237674339001, -3.034885507161891], [-60.05237674339001, -3.043856023719477]]]}, "id": "-6685,-339", "properties": {"cell_id": "c_-60.0479_-3.0394", "lat": -3.039370768541236, "lon": -60.04788516696174}}, {"type": "Feature", "geometry": {"type": "Polygon", "coordinates": [[[-60.04339359054882, -3.043856023719477], [-60.03441043770762, -3.043856023719477], [-60.03441043770762, -3.034885507161891], [-60.04339359054882, -3.034885507161891], [-60.04339359054882, -3.043856023719477]]]}, "id": "-6684,-339", "properties": {"cell_id": "c_-60.0389_-3.0394", "lat": -3.0393707685400058, "lon": -60.03890201412565}}, {"type": "Feature", "geometry": {"type": "Polygon", "coordinates": [[[-60.03441043770762, -3.043856023719477], [-60.025427284866424, -3.043856023719477], [-60.025427284866424, -3.034885507161891], [-60.03441043770762, -3.034885507161891], [-60.03441043770762, -3.043856023719477]]]}, "id": "-6683,-339", "properties": {"cell_id": "c_-60.0299_-3.0394", "lat": -3.0393707685343614, "lon": -60.02991886130383}}, {"type": "Feature", "geometry": {"type": "Polygon", "coordinates": [[[-60.025427284866424, -3.043856023719477], [-60.01644413202522, -3.043856023719477], [-60.01644413202522, -3.034885507161891], [-60.025427284866424, -3.034885507161891], [-60.025427284866424, -3.043856023719477]]]}, "id": "-6682,-339", "properties": {"cell_id": "c_-60.0209_-3.0394", "lat": -3.03937076854694, "lon": -60.020935708434166}}, {"type": "Feature", "geometry": {"type": "Polygon", "coordinates": [[[-60.01644413202522, -3.043856023719477], [-60.00746097918404, -3.043856023719477], [-60.00746097918404, -3.034885507161891], [-60.01644413202522, -3.034885507161891], [-60.01644413202522, -3.043856023719477]]]}, "id": "-6681,-339", "properties": {"cell_id": "c_-60.0120_-3.0394", "lat": -3.039370768539901, "lon": -60.01195255560039}}, {"type": "Feature", "geometry": {"type": "Polygon", "coordinates": [[[-60.00746097918404, -3.043856023719477], [-59.99847782634284, -3.043856023719477], [-59.99847782634284, -3.034885507161891], [-60.00746097918404, -3.034885507161891], [-60.00746097918404, -3.043856023719477]]]}, "id": "-6680,-339", "properties": {"cell_id": "c_-60.0030_-3.0394", "lat": -3.0393707685308184, "lon": -60.00296940277661}}, {"type": "Feature", "geometry": {"type": "Polygon", "coordinates": [[[-59.99847782634284, -3.043856023719477], [-59.989494673501646, -3.043856023719477], [-59.989494673501646, -3.034885507161891], [-59.99847782634284, -3.034885507161891], [-59.99847782634284, -3.043856023719477]]]}, "id": "-6679,-339", "properties": {"cell_id": "c_-59.9940_-3.0394", "lat": -3.03937076854975, "lon": -59.99398624991761}}, {"type": "Feature", "geometry": {"type": "Polygon", "coordinates": [[[-59.989494673501646, -3.043856023719477], [-59.98051152066045, -3.043856023719477], [-59.98051152066045, -3.034885507161891], [-59.989494673501646, -3.034885507161891], [-59.989494673501646, -3.043856023719477]]]}, "id": "-6678,-339", "properties": {"cell_id": "c_-59.9850_-3.0394", "lat": -3.0393707685389235, "lon": -59.985003097062105}}, {"type": "Feature", "geometry": {"type": "Polygon", "coordinates": [[[-59.98051152066045, -3.043856023719477], [-59.971528367819246, -3.043856023719477], [-59.971528367819246, -3.034885507161891], [-59.98051152066045, -3.034885507161891], [-59.98051152066045, -3.043856023719477]]]}, "id": "-6677,-339", "properties": {"cell_id": "c_-59.9760_-3.0394", "lat": -3.0393707685334728, "lon": -59.97601994427692}}, {"type": "Feature", "geometry": {"type": "Polygon", "coordinates": [[[-59.971528367819246, -3.043856023719477], [-59.96254521497805, -3.043856023719477], [-59.96254521497805, -3.034885507161891], [-59.971528367819246, -3.034885507161891], [-59.971528367819246, -3.043856023719477]]]}, "id": "-6676,-339", "properties": {"cell_id": "c_-59.9670_-3.0394", "lat": -3.0393707685408144, "lon": -59.967036791338536}}, {"type": "Feature", "geometry": {"type": "Polygon", "coordinates": [[[-59.96254521497805, -3.043856023719477], [-59.95356206213687, -3.043856023719477], [-59.95356206213687, -3.034885507161891], [-59.96254521497805, -3.034885507161891], [-59.96254521497805, -3.043856023719477]]]}, "id": "-6675,-339", "properties": {"cell_id": "c_-59.9581_-3.0394", "lat": -3.039370768543387, "lon": -59.9580536385823}}, {"type": "Feature", "geometry": {"type": "Polygon", "coordinates": [[[-59.95356206213687, -3.043856023719477], [-59.94457890929567, -3.043856023719477], [-59.94457890929567, -3.034885507161891], [-59.95356206213687, -3.034885507161891], [-59.95356206213687, -3.043856023719477]]]}, "id": "-6674,-339", "properties": {"cell_id": "c_-59.9491_-3.0394", "lat": -3.0393707685485962, "lon": -59.94907048571598}}, {"type": "Feature", "geometry": {"type": "Polygon", "coordinates": [[[-59.94457890929567, -3.043856023719477], [-59.935595756454475, -3.043856023719477], [-59.935595756454475, -3.034885507161891], [-59.94457890929567, -3.034885507161891], [-59.94457890929567, -3.043856023719477]]]}, "id": "-6673,-339", "properties": {"cell_id": "c_-59.9401_-3.0394", "lat": -3.0393707685513633, "lon": -59.940087332855214}}, {"type": "Feature", "geometry": {"type": "Polygon", "coordinates": [[[-59.935595756454475, -3.043856023719477], [-59.92661260361328, -3.043856023719477], [-59.92661260361328, -3.034885507161891], [-59.935595756454475, -3.034885507161891], [-59.935595756454475, -3.043856023719477]]]}, "id": "-6672,-339", "properties": {"cell_id": "c_-59.9311_-3.0394", "lat": -3.0393707685466116, "lon": -59.93110418009147}}, {"type": "Feature", "geometry": {"type": "Polygon", "coordinates": [[[-59.92661260361328, -3.043856023719477], [-59.917629450772075, -3.043856023719477], [-59.917629450772075, -3.034885507161891], [-59.92661260361328, -3.034885507161891], [-59.92661260361328, -3.043856023719477]]]}, "id": "-6671,-339", "properties": {"cell_id": "c_-59.9221_-3.0394", "lat": -3.0393707685292517, "lon": -59.92212102715903}}, {"type": "Feature", "geometry": {"type": "Polygon", "coordinates": [[[-59.917629450772075, -3.043856023719477], [-59.90864629793088, -3.043856023719477], [-59.90864629793088, -3.034885507161891], [-59.917629450772075, -3.034885507161891], [-59.917629450772075, -3.043856023719477]]]}, "id": "-6670,-339", "properties": {"cell_id": "c_-59.9131_-3.0394", "lat": -3.0393707685344036, "lon": -59.91313787434597}}, {"type": "Feature", "geometry": {"type": "Polygon", "coordinates": [[[-59.90864629793088, -3.043856023719477], [-59.8996631450897, -3.043856023719477], [-59.8996631450897, -3.034885507161891], [-59.90864629793088, -3.034885507161891], [-59.90864629793088, -3.043856023719477]]]}, "id": "-6669,-339", "properties": {"cell_id": "c_-59.9042_-3.0394", "lat": -3.0393707685343387, "lon": -59.90415472150919}}, {"type": "Feature", "geometry": {"type": "Polygon", "coordinates": [[[-59.8996631450897, -3.043856023719477], [-59.8906799922485, -3.043856023719477], [-59.8906799922485, -3.034885507161891], [-59.8996631450897, -3.034885507161891], [-59.8996631450897, -3.043856023719477]]]}, "id": "-6668,-339", "properties": {"cell_id": "c_-59.8952_-3.0394", "lat": -3.03937076852906, "lon": -59.89517156867594}}, {"type": "Feature", "geometry": {"type": "Polygon", "coordinates": [[[-59.8906799922485, -3.043856023719477], [-59.881696839407304, -3.043856023719477], [-59.881696839407304, -3.034885507161891], [-59.8906799922485, -3.034885507161891], [-59.8906799922485, -3.043856023719477]]]}, "id": "-6667,-339", "properties": {"cell_id": "c_-59.8862_-3.0394", "lat": -3.0393707685259486, "lon": -59.88618841584369}}, {"type": "Feature", "geometry": {"type": "Polygon", "coordinates": [[[-59.881696839407304, -3.043856023719477], [-59.8727136865661, -3.043856023719477], [-59.8727136865661, -3.034885507161891], [-59.881696839407304, -3.034885507161891], [-59.881696839407304, -3.043856023719477]]]}, "id": "-6666,-339", "properties": {"cell_id": "c_-59.8772_-3.0394", "lat": -3.0393707685323674, "lon": -59.877205262965596}}, {"type": "Feature", "geometry": {"type": "Polygon", "coordinates": [[[-59.8727136865661, -3.043856023719477], [-59.863730533724905, -3.043856023719477], [-59.863730533724905, -3.034885507161891], [-59.8727136865661, -3.034885507161891], [-59.8727136865661, -3.043856023719477]]]}, "id": "-6665,-339", "properties": {"cell_id": "c_-59.8682_-3.0394", "lat": -3.0393707685584967, "lon": -59.86822211015291}}, {"type": "Feature", "geometry": {"type": "Polygon", "coordinates": [[[-59.863730533724905, -3.043856023719477], [-59.85474738088371, -3.043856023719477], [-59.85474738088371, -3.034885507161891], [-59.863730533724905, -3.034885507161891], [-59.863730533724905, -3.043856023719477]]]}, "id": "-6664,-339", "properties": {"cell_id": "c_-59.8592_-3.0394", "lat": -3.0393707685590687, "lon": -59.85923895731739}}, {"type": "Feature", "geometry": {"type": "Polygon", "coordinates": [[[-59.85474738088371, -3.043856023719477], [-59.845764228042526, -3.043856023719477], [-59.845764228042526, -3.034885507161891], [-59.85474738088371, -3.034885507161891], [-59.85474738088371, -3.043856023719477]]]}, "id": "-6663,-339", "properties": {"cell_id": "c_-59.8503_-3.0394", "lat": -3.0393707685488045, "lon": -59.8502558044377}}, {"type": "Feature", "geometry": {"type": "Polygon", "coordinates": [[[-59.845764228042526, -3.043856023719477], [-59.83678107520133, -3.043856023719477], [-59.83678107520133, -3.034885507161891], [-59.845764228042526, -3.034885507161891], [-59.845764228042526, -3.043856023719477]]]}, "id": "-6662,-339", "properties": {"cell_id": "c_-59.8413_-3.0394", "lat": -3.039370768537882, "lon": -59.84127265163311}}, {"type": "Feature", "geometry": {"type": "Polygon", "coordinates": [[[-59.83678107520133, -3.043856023719477], [-59.827797922360126, -3.043856023719477], [-59.827797922360126, -3.034885507161891], [-59.83678107520133, -3.034885507161891], [-59.83678107520133, -3.043856023719477]]]}, "id": "-6661,-339", "properties": {"cell_id": "c_-59.8323_-3.0394", "lat": -3.0393707685438573, "lon": -59.832289498773946}}, {"type": "Feature", "geometry": {"type": "Polygon", "coordinates": [[[-59.827797922360126, -3.043856023719477], [-59.81881476951893, -3.043856023719477], [-59.81881476951893, -3.034885507161891], [-59.827797922360126, -3.034885507161891], [-59.827797922360126, -3.043856023719477]]]}, "id": "-6660,-339", "properties": {"cell_id": "c_-59.8233_-3.0394", "lat": -3.039370768536136, "lon": -59.82330634596817}}, {"type": "Feature", "geometry": {"type": "Polygon", "coordinates": [[[-59.81881476951893, -3.043856023719477], [-59.809831616677734, -3.043856023719477], [-59.809831616677734, -3.034885507161891], [-59.81881476951893, -3.034885507161891], [-59.81881476951893, -3.043856023719477]]]}, "id": "-6659,-339", "properties": {"cell_id": "c_-59.8143_-3.0394", "lat": -3.039370768535112, "lon": -59.81432319307986}}, {"type": "Feature", "geometry": {"type": "Polygon", "coordinates": [[[-59.809831616677734, -3.043856023719477], [-59.80084846383654, -3.043856023719477], [-59.80084846383654, -3.034885507161891], [-59.809831616677734, -3.034885507161891], [-59.809831616677734, -3.043856023719477]]]}, "id": "-6658,-339", "properties": {"cell_id": "c_-59.8053_-3.0394", "lat": -3.039370768548126, "lon": -59.80534004026397}}, {"type": "Feature", "geometry": {"type": "Polygon", "coordinates": [[[-59.80084846383654, -3.043856023719477], [-59.791865310995355, -3.043856023719477], [-59.791865310995355, -3.034885507161891], [-59.80084846383654, -3.034885507161891], [-59.80084846383654, -3.043856023719477]]]}, "id": "-6657,-339", "properties": {"cell_id": "c_-59.7964_-3.0394", "lat": -3.039370768564973, "lon": -59.796356887415236}}, {"type": "Feature", "geometry": {"type": "Polygon", "coordinates": [[[-59.791865310995355, -3.043856023719477], [-59.78288215815416, -3.043856023719477], [-59.78288215815416, -3.034885507161891], [-59.791865310995355, -3.034885507161891], [-59.791865310995355, -3.043856023719477]]]}, "id": "-6656,-339", "properties": {"cell_id": "c_-59.7874_-3.0394", "lat": -3.039370768575448, "lon": -59.78737373458614}}, {"type": "Feature", "geometry": {"type": "Polygon", "coordinates": [[[-59.78288215815416, -3.043856023719477], [-59.773899005312956, -3.043856023719477], [-59.773899005312956, -3.034885507161891], [-59.78288215815416, -3.034885507161891], [-59.78288215815416, -3.043856023719477]]]}, "id": "-6655,-339", "properties": {"cell_id": "c_-59.7784_-3.0394", "lat": -3.0393707685620175, "lon": -59.778390581713914}}, {"type": "Feature", "geometry": {"type": "Polygon", "coordinates": [[[-59.773899005312956, -3.043856023719477], [-59.76491585247176, -3.043856023719477], [-59.76491585247176, -3.034885507161891], [-59.773899005312956, -3.034885507161891], [-59.773899005312956, -3.043856023719477]]]}, "id": "-6654,-339", "properties": {"cell_id": "c_-59.7694_-3.0394", "lat": -3.039370768542214, "lon": -59.769407428881905}}, {"type": "Feature", "geometry": {"type": "Polygon", "coordinates": [[[-59.76491585247176, -3.043856023719477], [-59.75593269963056, -3.043856023719477], [-59.75593269963056, -3.034885507161891], [-59.76491585247176, -3.034885507161891], [-59.76491585247176, -3.043856023719477]]]}, "id": "-6653,-339", "properties": {"cell_id": "c_-59.7604_-3.0394", "lat": -3.039370768523361, "lon": -59.76042427606954}}, {"type": "Feature", "geometry": {"type": "Polygon", "coordinates": [[[-59.75593269963056, -3.043856023719477], [-59.74694954678938, -3.043856023719477], [-59.74694954678938, -3.034885507161891], [-59.75593269963056, -3.034885507161891], [-59.75593269963056, -3.043856023719477]]]}, "id": "-6652,-339", "properties": {"cell_id": "c_-59.7514_-3.0394", "lat": -3.039370768533197, "lon": -59.75144112317746}}, {"type": "Feature", "geometry": {"type": "Polygon", "coordinates": [[[-60.20509034169033, -3.034885507161891], [-60.19610718884913, -3.034885507161891], [-60.19610718884913, -3.0259149161410575], [-60.20509034169033, -3.0259149161410575], [-60.20509034169033, -3.034885507161891]]]}, "id": "-6702,-338", "properties": {"cell_id": "c_-60.2006_-3.0304", "lat": -3.0304002147373175, "lon": -60.20059876529707}}, {"type": "Feature", "geometry": {"type": "Polygon", "coordinates": [[[-60.19610718884913, -3.034885507161891], [-60.18712403600794, -3.034885507161891], [-60.18712403600794, -3.0259149161410575], [-60.19610718884913, -3.0259149161410575], [-60.19610718884913, -3.034885507161891]]]}, "id": "-6701,-338", "properties": {"cell_id": "c_-60.1916_-3.0304", "lat": -3.030400214762068, "lon": -60.19161561241666}}, {"type": "Feature", "geometry": {"type": "Polygon", "coordinates": [[[-60.18712403600794, -3.034885507161891], [-60.17814088316674, -3.034885507161891], [-60.17814088316674, -3.0259149161410575], [-60.18712403600794, -3.0259149161410575], [-60.18712403600794, -3.034885507161891]]]}, "id": "-6700,-338", "properties": {"cell_id": "c_-60.1826_-3.0304", "lat": -3.030400214769931, "lon": -60.18263245956511}}, {"type": "Feature", "geometry": {"type": "Polygon", "coordinates": [[[-60.17814088316674, -3.034885507161891], [-60.16915773032555, -3.034885507161891], [-60.16915773032555, -3.0259149161410575], [-60.17814088316674, -3.0259149161410575], [-60.17814088316674, -3.034885507161891]]]}, "id": "-6699,-338", "properties": {"cell_id": "c_-60.1736_-3.0304", "lat": -3.0304002147659532, "lon": -60.17364930677853}}, {"type": "Feature", "geometry": {"type": "Polygon", "coordinates": [[[-60.16915773032555, -3.034885507161891], [-60.160174577484355, -3.034885507161891], [-60.160174577484355, -3.0259149161410575], [-60.16915773032555, -3.0259149161410575], [-60.16915773032555, -3.034885507161891]]]}, "id": "-6698,-338", "properties": {"cell_id": "c_-60.1647_-3.0304", "lat": -3.0304002147576536, "lon": -60.16466615387936}}, {"type": "Feature", "geometry": {"type": "Polygon", "coordinates": [[[-60.160174577484355, -3.034885507161891], [-60.15119142464316, -3.034885507161891], [-60.15119142464316, -3.0259149161410575], [-60.160174577484355, -3.0259149161410575], [-60.160174577484355, -3.034885507161891]]]}, "id": "-6697,-338", "properties": {"cell_id": "c_-60.1557_-3.0304", "lat": -3.030400214752536, "lon": -60.15568300104691}}, {"type": "Feature", "geometry": {"type": "Polygon", "coordinates": [[[-60.15119142464316, -3.034885507161891], [-60.14220827180196, -3.034885507161891], [-60.14220827180196, -3.0259149161410575], [-60.15119142464316, -3.0259149161410575], [-60.15119142464316, -3.034885507161891]]]}, "id": "-6696,-338", "properties": {"cell_id": "c_-60.1467_-3.0304", "lat": -3.030400214755645, "lon": -60.14669984823698}}, {"type": "Feature", "geometry": {"type": "Polygon", "coordinates": [[[-60.14220827180196, -3.034885507161891], [-60.133225118960766, -3.034885507161891], [-60.133225118960766, -3.0259149161410575], [-60.14220827180196, -3.0259149161410575], [-60.14220827180196, -3.034885507161891]]]}, "id": "-6695,-338", "properties": {"cell_id": "c_-60.1377_-3.0304", "lat": -3.0304002147568836, "lon": -60.1377166953749}}, {"type": "Feature", "geometry": {"type": "Polygon", "coordinates": [[[-60.133225118960766, -3.034885507161891], [-60.12424196611957, -3.034885507161891], [-60.12424196611957, -3.0259149161410575], [-60.133225118960766, -3.0259149161410575], [-60.133225118960766, -3.034885507161891]]]}, "id": "-6694,-338", "properties": {"cell_id": "c_-60.1287_-3.0304", "lat": -3.030400214768798, "lon": -60.12873354254963}}, {"type": "Feature", "geometry": {"type": "Polygon", "coordinates": [[[-60.12424196611957, -3.034885507161891], [-60.11525881327838, -3.034885507161891], [-60.11525881327838, -3.0259149161410575], [-60.12424196611957, -3.0259149161410575], [-60.12424196611957, -3.034885507161891]]]}, "id": "-6693,-338", "properties": {"cell_id": "c_-60.1198_-3.0304", "lat": -3.0304002147737963, "lon": -60.11975038966888}}, {"type": "Feature", "geometry": {"type": "Polygon", "coordinates": [[[-60.11525881327838, -3.034885507161891], [-60.106275660437184, -3.034885507161891], [-60.106275660437184, -3.0259149161410575], [-60.11525881327838, -3.0259149161410575], [-60.11525881327838, -3.034885507161891]]]}, "id": "-6692,-338", "properties": {"cell_id": "c_-60.1108_-3.0304", "lat": -3.030400214756725, "lon": -60.11076723686996}}, {"type": "Feature", "geometry": {"type": "Polygon", "coordinates": [[[-60.106275660437184, -3.034885507161891], [-60.09729250759599, -3.034885507161891], [-60.09729250759599, -3.0259149161410575], [-60.106275660437184, -3.0259149161410575], [-60.106275660437184, -3.034885507161891]]]}, "id": "-6691,-338", "properties": {"cell_id": "c_-60.1018_-3.0304", "lat": -3.0304002147477056, "lon": -60.1017840840274}}, {"type": "Feature", "geometry": {"type": "Polygon", "coordinates": [[[-60.09729250759599, -3.034885507161891], [-60.08830935475479, -3.034885507161891], [-60.08830935475479, -3.0259149161410575], [-60.09729250759599, -3.0259149161410575], [-60.09729250759599, -3.034885507161891]]]}, "id": "-6690,-338", "properties": {"cell_id": "c_-60.0928_-3.0304", "lat": -3.030400214746732, "lon": -60.092800931177486}}, {"type": "Feature", "geometry": {"type": "Polygon", "coordinates": [[[-60.08830935475479, -3.034885507161891], [-60.079326201913595, -3.034885507161891], [-60.079326201913595, -3.0259149161410575], [-60.08830935475479, -3.0259149161410575], [-60.08830935475479, -3.034885507161891]]]}, "id": "-6689,-338", "properties": {"cell_id": "c_-60.0838_-3.0304", "lat": -3.030400214753806, "lon": -60.08381777837149}}, {"type": "Feature", "geometry": {"type": "Polygon", "coordinates": [[[-60.079326201913595, -3.034885507161891], [-60.0703430490724, -3.034885507161891], [-60.0703430490724, -3.0259149161410575], [-60.079326201913595, -3.0259149161410575], [-60.079326201913595, -3.034885507161891]]]}, "id": "-6688,-338", "properties": {"cell_id": "c_-60.0748_-3.0304", "lat": -3.030400214758812, "lon": -60.07483462544934}}, {"type": "Feature", "geometry": {"type": "Polygon", "coordinates": [[[-60.0703430490724, -3.034885507161891], [-60.06135989623121, -3.034885507161891], [-60.06135989623121, -3.0259149161410575], [-60.0703430490724, -3.0259149161410575], [-60.0703430490724, -3.034885507161891]]]}, "id": "-6687,-338", "properties": {"cell_id": "c_-60.0659_-3.0304", "lat": -3.0304002147566895, "lon": -60.06585147266322}}, {"type": "Feature", "geometry": {"type": "Polygon", "coordinates": [[[-60.06135989623121, -3.034885507161891], [-60.05237674339001, -3.034885507161891], [-60.05237674339001, -3.0259149161410575], [-60.06135989623121, -3.0259149161410575], [-60.06135989623121, -3.034885507161891]]]}, "id": "-6686,-338", "properties": {"cell_id": "c_-60.0569_-3.0304", "lat": -3.0304002147650246, "lon": -60.056868319831224}}, {"type": "Feature", "geometry": {"type": "Polygon", "coordinates": [[[-60.05237674339001, -3.034885507161891], [-60.04339359054882, -3.034885507161891], [-60.04339359054882, -3.0259149161410575], [-60.05237674339001, -3.0259149161410575], [-60.05237674339001, -3.034885507161891]]]}, "id": "-6685,-338", "properties": {"cell_id": "c_-60.0479_-3.0304", "lat": -3.0304002147686284, "lon": -60.04788516695846}}, {"type": "Feature", "geometry": {"type": "Polygon", "coordinates": [[[-60.04339359054882, -3.034885507161891], [-60.03441043770762, -3.034885507161891], [-60.03441043770762, -3.0259149161410575], [-60.04339359054882, -3.0259149161410575], [-60.04339359054882, -3.034885507161891]]]}, "id": "-6684,-338", "properties": {"cell_id": "c_-60.0389_-3.0304", "lat": -3.030400214744861, "lon": -60.038902014103904}}, {"type": "Feature", "geometry": {"type": "Polygon", "coordinates": [[[-60.03441043770762, -3.034885507161891], [-60.025427284866424, -3.034885507161891], [-60.025427284866424, -3.0259149161410575], [-60.03441043770762, -3.0259149161410575], [-60.03441043770762, -3.034885507161891]]]}, "id": "-6683,-338", "properties": {"cell_id": "c_-60.0299_-3.0304", "lat": -3.0304002147339384, "lon": -60.02991886130898}}, {"type": "Feature", "geometry": {"type": "Polygon", "coordinates": [[[-60.025427284866424, -3.034885507161891], [-60.01644413202522, -3.034885507161891], [-60.01644413202522, -3.0259149161410575], [-60.025427284866424, -3.0259149161410575], [-60.025427284866424, -3.034885507161891]]]}, "id": "-6682,-338", "properties": {"cell_id": "c_-60.0209_-3.0304", "lat": -3.030400214743301, "lon": -60.020935708450985}}, {"type": "Feature", "geometry": {"type": "Polygon", "coordinates": [[[-60.01644413202522, -3.034885507161891], [-60.00746097918404, -3.034885507161891], [-60.00746097918404, -3.0259149161410575], [-60.01644413202522, -3.0259149161410575], [-60.01644413202522, -3.034885507161891]]]}, "id": "-6681,-338", "properties": {"cell_id": "c_-60.0120_-3.0304", "lat": -3.0304002147503075, "lon": -60.01195255558354}}, {"type": "Feature", "geometry": {"type": "Polygon", "coordinates": [[[-60.00746097918404, -3.034885507161891], [-59.99847782634284, -3.034885507161891], [-59.99847782634284, -3.0259149161410575], [-60.00746097918404, -3.0259149161410575], [-60.00746097918404, -3.034885507161891]]]}, "id": "-6680,-338", "properties": {"cell_id": "c_-60.0030_-3.0304", "lat": -3.0304002147498856, "lon": -60.00296940278393}}, {"type": "Feature", "geometry": {"type": "Polygon", "coordinates": [[[-59.99847782634284, -3.034885507161891], [-59.989494673501646, -3.034885507161891], [-59.989494673501646, -3.0259149161410575], [-59.99847782634284, -3.0259149161410575], [-59.99847782634284, -3.034885507161891]]]}, "id": "-6679,-338", "properties": {"cell_id": "c_-59.9940_-3.0304", "lat": -3.03040021473697, "lon": -59.993986249916304}}, {"type": "Feature", "geometry": {"type": "Polygon", "coordinates": [[[-59.989494673501646, -3.034885507161891], [-59.98051152066045, -3.034885507161891], [-59.98051152066045, -3.0259149161410575], [-59.989494673501646, -3.0259149161410575], [-59.989494673501646, -3.034885507161891]]]}, "id": "-6678,-338", "properties": {"cell_id": "c_-59.9850_-3.0304", "lat": -3.0304002147467, "lon": -59.985003097062304}}, {"type": "Feature", "geometry": {"type": "Polygon", "coordinates": [[[-59.98051152066045, -3.034885507161891], [-59.971528367819246, -3.034885507161891], [-59.971528367819246, -3.0259149161410575], [-59.98051152066045, -3.0259149161410575], [-59.98051152066045, -3.034885507161891]]]}, "id": "-6677,-338", "properties": {"cell_id": "c_-59.9760_-3.0304", "lat": -3.0304002147513573, "lon": -59.97601994427592}}, {"type": "Feature", "geometry": {"type": "Polygon", "coordinates": [[[-59.971528367819246, -3.034885507161891], [-59.96254521497805, -3.034885507161891], [-59.96254521497805, -3.0259149161410575], [-59.971528367819246, -3.0259149161410575], [-59.971528367819246, -3.034885507161891]]]}, "id": "-6676,-338", "properties": {"cell_id": "c_-59.9670_-3.0304", "lat": -3.030400214758361, "lon": -59.967036791353905}}, {"type": "Feature", "geometry": {"type": "Polygon", "coordinates": [[[-59.96254521497805, -3.034885507161891], [-59.95356206213687, -3.034885507161891], [-59.95356206213687, -3.0259149161410575], [-59.96254521497805, -3.0259149161410575], [-59.96254521497805, -3.034885507161891]]]}, "id": "-6675,-338", "properties": {"cell_id": "c_-59.9581_-3.0304", "lat": -3.0304002147552183, "lon": -59.95805363856637}}, {"type": "Feature", "geometry": {"type": "Polygon", "coordinates": [[[-59.95356206213687, -3.034885507161891], [-59.94457890929567, -3.034885507161891], [-59.94457890929567, -3.0259149161410575], [-59.95356206213687, -3.0259149161410575], [-59.95356206213687, -3.034885507161891]]]}, "id": "-6674,-338", "properties": {"cell_id": "c_-59.9491_-3.0304", "lat": -3.0304002147317863, "lon": -59.94907048571366}}, {"type": "Feature", "geometry": {"type": "Polygon", "coordinates": [[[-59.94457890929567, -3.034885507161891], [-59.935595756454475, -3.034885507161891], [-59.935595756454475, -3.0259149161410575], [-59.94457890929567, -3.0259149161410575], [-59.94457890929567, -3.034885507161891]]]}, "id": "-6673,-338", "properties": {"cell_id": "c_-59.9401_-3.0304", "lat": -3.0304002147481413, "lon": -59.94008733287667}}, {"type": "Feature", "geometry": {"type": "Polygon", "coordinates": [[[-59.935595756454475, -3.034885507161891], [-59.92661260361328, -3.034885507161891], [-59.92661260361328, -3.0259149161410575], [-59.935595756454475, -3.0259149161410575], [-59.935595756454475, -3.034885507161891]]]}, "id": "-6672,-338", "properties": {"cell_id": "c_-59.9311_-3.0304", "lat": -3.030400214756681, "lon": -59.931104180073795}}, {"type": "Feature", "geometry": {"type": "Polygon", "coordinates": [[[-59.92661260361328, -3.034885507161891], [-59.917629450772075, -3.034885507161891], [-59.917629450772075, -3.0259149161410575], [-59.92661260361328, -3.0259149161410575], [-59.92661260361328, -3.034885507161891]]]}, "id": "-6671,-338", "properties": {"cell_id": "c_-59.9221_-3.0304", "lat": -3.0304002147421634, "lon": -59.922121027144776}}, {"type": "Feature", "geometry": {"type": "Polygon", "coordinates": [[[-59.917629450772075, -3.034885507161891], [-59.90864629793088, -3.034885507161891], [-59.90864629793088, -3.0259149161410575], [-59.917629450772075, -3.0259149161410575], [-59.917629450772075, -3.034885507161891]]]}, "id": "-6670,-338", "properties": {"cell_id": "c_-59.9131_-3.0304", "lat": -3.0304002147397013, "lon": -59.91313787436292}}, {"type": "Feature", "geometry": {"type": "Polygon", "coordinates": [[[-59.90864629793088, -3.034885507161891], [-59.8996631450897, -3.034885507161891], [-59.8996631450897, -3.0259149161410575], [-59.90864629793088, -3.0259149161410575], [-59.90864629793088, -3.034885507161891]]]}, "id": "-6669,-338", "properties": {"cell_id": "c_-59.9042_-3.0304", "lat": -3.030400214759464, "lon": -59.904154721511986}}, {"type": "Feature", "geometry": {"type": "Polygon", "coordinates": [[[-59.8996631450897, -3.034885507161891], [-59.8906799922485, -3.034885507161891], [-59.8906799922485, -3.0259149161410575], [-59.8996631450897, -3.0259149161410575], [-59.8996631450897, -3.034885507161891]]]}, "id": "-6668,-338", "properties": {"cell_id": "c_-59.8952_-3.0304", "lat": -3.030400214781115, "lon": -59.89517156868954}}, {"type": "Feature", "geometry": {"type": "Polygon", "coordinates": [[[-59.8906799922485, -3.034885507161891], [-59.881696839407304, -3.034885507161891], [-59.881696839407304, -3.0259149161410575], [-59.8906799922485, -3.0259149161410575], [-59.8906799922485, -3.034885507161891]]]}, "id": "-6667,-338", "properties": {"cell_id": "c_-59.8862_-3.0304", "lat": -3.03040021476675, "lon": -59.88618841581258}}, {"type": "Feature", "geometry": {"type": "Polygon", "coordinates": [[[-59.881696839407304, -3.034885507161891], [-59.8727136865661, -3.034885507161891], [-59.8727136865661, -3.0259149161410575], [-59.881696839407304, -3.0259149161410575], [-59.881696839407304, -3.034885507161891]]]}, "id": "-6666,-338", "properties": {"cell_id": "c_-59.8772_-3.0304", "lat": -3.030400214744092, "lon": -59.87720526298043}}, {"type": "Feature", "geometry": {"type": "Polygon", "coordinates": [[[-59.8727136865661, -3.034885507161891], [-59.863730533724905, -3.034885507161891], [-59.863730533724905, -3.0259149161410575], [-59.8727136865661, -3.0259149161410575], [-59.8727136865661, -3.034885507161891]]]}, "id": "-6665,-338", "properties": {"cell_id": "c_-59.8682_-3.0304", "lat": -3.0304002147408733, "lon": -59.868222110161}}, {"type": "Feature", "geometry": {"type": "Polygon", "coordinates": [[[-59.863730533724905, -3.034885507161891], [-59.85474738088371, -3.034885507161891], [-59.85474738088371, -3.0259149161410575], [-59.863730533724905, -3.0259149161410575], [-59.863730533724905, -3.034885507161891]]]}, "id": "-6664,-338", "properties": {"cell_id": "c_-59.8592_-3.0304", "lat": -3.030400214736733, "lon": -59.859238957305706}}, {"type": "Feature", "geometry": {"type": "Polygon", "coordinates": [[[-59.85474738088371, -3.034885507161891], [-59.845764228042526, -3.034885507161891], [-59.845764228042526, -3.0259149161410575], [-59.85474738088371, -3.0259149161410575], [-59.85474738088371, -3.034885507161891]]]}, "id": "-6663,-338", "properties": {"cell_id": "c_-59.8503_-3.0304", "lat": -3.0304002147565736, "lon": -59.85025580445896}}, {"type": "Feature", "geometry": {"type": "Polygon", "coordinates": [[[-59.845764228042526, -3.034885507161891], [-59.83678107520133, -3.034885507161891], [-59.83678107520133, -3.0259149161410575], [-59.845764228042526, -3.0259149161410575], [-59.845764228042526, -3.034885507161891]]]}, "id": "-6662,-338", "properties": {"cell_id": "c_-59.8413_-3.0304", "lat": -3.0304002147653004, "lon": -59.841272651609664}}, {"type": "Feature", "geometry": {"type": "Polygon", "coordinates": [[[-59.83678107520133, -3.034885507161891], [-59.827797922360126, -3.034885507161891], [-59.827797922360126, -3.0259149161410575], [-59.83678107520133, -3.0259149161410575], [-59.83678107520133, -3.034885507161891]]]}, "id": "-6661,-338", "properties": {"cell_id": "c_-59.8323_-3.0304", "lat": -3.030400214752725, "lon": -59.83228949879078}}, {"type": "Feature", "geometry": {"type": "Polygon", "coordinates": [[[-59.827797922360126, -3.034885507161891], [-59.81881476951893, -3.034885507161891], [-59.81881476951893, -3.0259149161410575], [-59.827797922360126, -3.0259149161410575], [-59.827797922360126, -3.034885507161891]]]}, "id": "-6660,-338", "properties": {"cell_id": "c_-59.8233_-3.0304", "lat": -3.0304002147641187, "lon": -59.823306345955004}}, {"type": "Feature", "geometry": {"type": "Polygon", "coordinates": [[[-59.81881476951893, -3.034885507161891], [-59.809831616677734, -3.034885507161891], [-59.809831616677734, -3.0259149161410575], [-59.81881476951893, -3.0259149161410575], [-59.81881476951893, -3.034885507161891]]]}, "id": "-6659,-338", "properties": {"cell_id": "c_-59.8143_-3.0304", "lat": -3.0304002147615563, "lon": -59.814323193089415}}, {"type": "Feature", "geometry": {"type": "Polygon", "coordinates": [[[-59.809831616677734, -3.034885507161891], [-59.80084846383654, -3.034885507161891], [-59.80084846383654, -3.0259149161410575], [-59.809831616677734, -3.0259149161410575], [-59.809831616677734, -3.034885507161891]]]}, "id": "-6658,-338", "properties": {"cell_id": "c_-59.8053_-3.0304", "lat": -3.030400214745036, "lon": -59.805340040250904}}, {"type": "Feature", "geometry": {"type": "Polygon", "coordinates": [[[-59.80084846383654, -3.034885507161891], [-59.791865310995355, -3.034885507161891], [-59.791865310995355, -3.0259149161410575], [-59.80084846383654, -3.0259149161410575], [-59.80084846383654, -3.034885507161891]]]}, "id": "-6657,-338", "properties": {"cell_id": "c_-59.7964_-3.0304", "lat": -3.0304002147320923, "lon": -59.796356887432225}}, {"type": "Feature", "geometry": {"type": "Polygon", "coordinates": [[[-59.791865310995355, -3.034885507161891], [-59.78288215815416, -3.034885507161891], [-59.78288215815416, -3.0259149161410575], [-59.791865310995355, -3.0259149161410575], [-59.791865310995355, -3.034885507161891]]]}, "id": "-6656,-338", "properties": {"cell_id": "c_-59.7874_-3.0304", "lat": -3.030400214740267, "lon": -59.787373734587845}}, {"type": "Feature", "geometry": {"type": "Polygon", "coordinates": [[[-59.78288215815416, -3.034885507161891], [-59.773899005312956, -3.034885507161891], [-59.773899005312956, -3.0259149161410575], [-59.78288215815416, -3.0259149161410575], [-59.78288215815416, -3.034885507161891]]]}, "id": "-6655,-338", "properties": {"cell_id": "c_-59.7784_-3.0304", "lat": -3.0304002147593527, "lon": -59.778390581717886}}, {"type": "Feature", "geometry": {"type": "Polygon", "coordinates": [[[-59.773899005312956, -3.034885507161891], [-59.76491585247176, -3.034885507161891], [-59.76491585247176, -3.0259149161410575], [-59.773899005312956, -3.0259149161410575], [-59.773899005312956, -3.034885507161891]]]}, "id": "-6654,-338", "properties": {"cell_id": "c_-59.7694_-3.0304", "lat": -3.0304002147689286, "lon": -59.769407428867694}}, {"type": "Feature", "geometry": {"type": "Polygon", "coordinates": [[[-59.76491585247176, -3.034885507161891], [-59.75593269963056, -3.034885507161891], [-59.75593269963056, -3.0259149161410575], [-59.76491585247176, -3.0259149161410575], [-59.76491585247176, -3.034885507161891]]]}, "id": "-6653,-338", "properties": {"cell_id": "c_-59.7604_-3.0304", "lat": -3.0304002147689886, "lon": -59.760424276064924}}, {"type": "Feature", "geometry": {"type": "Polygon", "coordinates": [[[-59.75593269963056, -3.034885507161891], [-59.74694954678938, -3.034885507161891], [-59.74694954678938, -3.0259149161410575], [-59.75593269963056, -3.0259149161410575], [-59.75593269963056, -3.034885507161891]]]}, "id": "-6652,-338", "properties": {"cell_id": "c_-59.7514_-3.0304", "lat": -3.0304002147770506, "lon": -59.7514411232}}, {"type": "Feature", "geometry": {"type": "Polygon", "coordinates": [[[-60.20509034169033, -3.0259149161410575], [-60.19610718884913, -3.0259149161410575], [-60.19610718884913, -3.016944250876256], [-60.20509034169033, -3.016944250876256], [-60.20509034169033, -3.0259149161410575]]]}, "id": "-6702,-337", "properties": {"cell_id": "c_-60.2006_-3.0214", "lat": -3.0214295865886163, "lon": -60.20059876528758}}, {"type": "Feature", "geometry": {"type": "Polygon", "coordinates": [[[-60.19610718884913, -3.0259149161410575], [-60.18712403600794, -3.0259149161410575], [-60.18712403600794, -3.016944250876256], [-60.19610718884913, -3.016944250876256], [-60.19610718884913, -3.0259149161410575]]]}, "id": "-6701,-337", "properties": {"cell_id": "c_-60.1916_-3.0214", "lat": -3.021429586571863, "lon": -60.191615612434155}}, {"type": "Feature", "geometry": {"type": "Polygon", "coordinates": [[[-60.18712403600794, -3.0259149161410575], [-60.17814088316674, -3.0259149161410575], [-60.17814088316674, -3.016944250876256], [-60.18712403600794, -3.016944250876256], [-60.18712403600794, -3.0259149161410575]]]}, "id": "-6700,-337", "properties": {"cell_id": "c_-60.1826_-3.0214", "lat": -3.0214295865781122, "lon": -60.18263245956175}}, {"type": "Feature", "geometry": {"type": "Polygon", "coordinates": [[[-60.17814088316674, -3.0259149161410575], [-60.16915773032555, -3.0259149161410575], [-60.16915773032555, -3.016944250876256], [-60.17814088316674, -3.016944250876256], [-60.17814088316674, -3.0259149161410575]]]}, "id": "-6699,-337", "properties": {"cell_id": "c_-60.1736_-3.0214", "lat": -3.0214295865746363, "lon": -60.173649306774436}}, {"type": "Feature", "geometry": {"type": "Polygon", "coordinates": [[[-60.16915773032555, -3.0259149161410575], [-60.160174577484355, -3.0259149161410575], [-60.160174577484355, -3.016944250876256], [-60.16915773032555, -3.016944250876256], [-60.16915773032555, -3.0259149161410575]]]}, "id": "-6698,-337", "properties": {"cell_id": "c_-60.1647_-3.0214", "lat": -3.0214295865739835, "lon": -60.164666153874514}}, {"type": "Feature", "geometry": {"type": "Polygon", "coordinates": [[[-60.160174577484355, -3.0259149161410575], [-60.15119142464316, -3.0259149161410575], [-60.15119142464316, -3.016944250876256], [-60.160174577484355, -3.016944250876256], [-60.160174577484355, -3.0259149161410575]]]}, "id": "-6697,-337", "properties": {"cell_id": "c_-60.1557_-3.0214", "lat": -3.0214295865812026, "lon": -60.15568300105389}}, {"type": "Feature", "geometry": {"type": "Polygon", "coordinates": [[[-60.15119142464316, -3.0259149161410575], [-60.14220827180196, -3.0259149161410575], [-60.14220827180196, -3.016944250876256], [-60.15119142464316, -3.016944250876256], [-60.15119142464316, -3.0259149161410575]]]}, "id": "-6696,-337", "properties": {"cell_id": "c_-60.1467_-3.0214", "lat": -3.0214295865862044, "lon": -60.146699848238136}}, {"type": "Feature", "geometry": {"type": "Polygon", "coordinates": [[[-60.14220827180196, -3.0259149161410575], [-60.133225118960766, -3.0259149161410575], [-60.133225118960766, -3.016944250876256], [-60.14220827180196, -3.016944250876256], [-60.14220827180196, -3.0259149161410575]]]}, "id": "-6695,-337", "properties": {"cell_id": "c_-60.1377_-3.0214", "lat": -3.0214295865839396, "lon": -60.13771669537271}}, {"type": "Feature", "geometry": {"type": "Polygon", "coordinates": [[[-60.133225118960766, -3.0259149161410575], [-60.12424196611957, -3.0259149161410575], [-60.12424196611957, -3.016944250876256], [-60.133225118960766, -3.016944250876256], [-60.133225118960766, -3.0259149161410575]]]}, "id": "-6694,-337", "properties": {"cell_id": "c_-60.1287_-3.0214", "lat": -3.0214295865819056, "lon": -60.128733542561704}}, {"type": "Feature", "geometry": {"type": "Polygon", "coordinates": [[[-60.12424196611957, -3.0259149161410575], [-60.11525881327838, -3.0259149161410575], [-60.11525881327838, -3.016944250876256], [-60.12424196611957, -3.016944250876256], [-60.12424196611957, -3.0259149161410575]]]}, "id": "-6693,-337", "properties": {"cell_id": "c_-60.1198_-3.0214", "lat": -3.0214295865926335, "lon": -60.11975038967255}}, {"type": "Feature", "geometry": {"type": "Polygon", "coordinates": [[[-60.11525881327838, -3.0259149161410575], [-60.106275660437184, -3.0259149161410575], [-60.106275660437184, -3.016944250876256], [-60.11525881327838, -3.016944250876256], [-60.11525881327838, -3.0259149161410575]]]}, "id": "-6692,-337", "properties": {"cell_id": "c_-60.1108_-3.0214", "lat": -3.0214295865985323, "lon": -60.1107672368551}}, {"type": "Feature", "geometry": {"type": "Polygon", "coordinates": [[[-60.106275660437184, -3.0259149161410575], [-60.09729250759599, -3.0259149161410575], [-60.09729250759599, -3.016944250876256], [-60.106275660437184, -3.016944250876256], [-60.106275660437184, -3.0259149161410575]]]}, "id": "-6691,-337", "properties": {"cell_id": "c_-60.1018_-3.0214", "lat": -3.021429586594552, "lon": -60.10178408402925}}, {"type": "Feature", "geometry": {"type": "Polygon", "coordinates": [[[-60.09729250759599, -3.0259149161410575], [-60.08830935475479, -3.0259149161410575], [-60.08830935475479, -3.016944250876256], [-60.09729250759599, -3.016944250876256], [-60.09729250759599, -3.0259149161410575]]]}, "id": "-6690,-337", "properties": {"cell_id": "c_-60.0928_-3.0214", "lat": -3.0214295865932255, "lon": -60.09280093117335}}, {"type": "Feature", "geometry": {"type": "Polygon", "coordinates": [[[-60.08830935475479, -3.0259149161410575], [-60.079326201913595, -3.0259149161410575], [-60.079326201913595, -3.016944250876256], [-60.08830935475479, -3.016944250876256], [-60.08830935475479, -3.0259149161410575]]]}, "id": "-6689,-337", "properties": {"cell_id": "c_-60.0838_-3.0214", "lat": -3.021429586589498, "lon": -60.08381777837897}}, {"type": "Feature", "geometry": {"type": "Polygon", "coordinates": [[[-60.079326201913595, -3.0259149161410575], [-60.0703430490724, -3.0259149161410575], [-60.0703430490724, -3.016944250876256], [-60.079326201913595, -3.016944250876256], [-60.079326201913595, -3.0259149161410575]]]}, "id": "-6688,-337", "properties": {"cell_id": "c_-60.0748_-3.0214", "lat": -3.0214295865958936, "lon": -60.07483462545328}}, {"type": "Feature", "geometry": {"type": "Polygon", "coordinates": [[[-60.0703430490724, -3.0259149161410575], [-60.06135989623121, -3.0259149161410575], [-60.06135989623121, -3.016944250876256], [-60.0703430490724, -3.016944250876256], [-60.0703430490724, -3.0259149161410575]]]}, "id": "-6687,-337", "properties": {"cell_id": "c_-60.0659_-3.0214", "lat": -3.0214295865897713, "lon": -60.06585147265105}}, {"type": "Feature", "geometry": {"type": "Polygon", "coordinates": [[[-60.06135989623121, -3.0259149161410575], [-60.05237674339001, -3.0259149161410575], [-60.05237674339001, -3.016944250876256], [-60.06135989623121, -3.016944250876256], [-60.06135989623121, -3.0259149161410575]]]}, "id": "-6686,-337", "properties": {"cell_id": "c_-60.0569_-3.0214", "lat": -3.021429586578596, "lon": -60.05686831984055}}, {"type": "Feature", "geometry": {"type": "Polygon", "coordinates": [[[-60.05237674339001, -3.0259149161410575], [-60.04339359054882, -3.0259149161410575], [-60.04339359054882, -3.016944250876256], [-60.05237674339001, -3.016944250876256], [-60.05237674339001, -3.0259149161410575]]]}, "id": "-6685,-337", "properties": {"cell_id": "c_-60.0479_-3.0214", "lat": -3.021429586579942, "lon": -60.04788516695408}}, {"type": "Feature", "geometry": {"type": "Polygon", "coordinates": [[[-60.04339359054882, -3.0259149161410575], [-60.03441043770762, -3.0259149161410575], [-60.03441043770762, -3.016944250876256], [-60.04339359054882, -3.016944250876256], [-60.04339359054882, -3.0259149161410575]]]}, "id": "-6684,-337", "properties": {"cell_id": "c_-60.0389_-3.0214", "lat": -3.021429586588739, "lon": -60.03890201409328}}, {"type": "Feature", "geometry": {"type": "Polygon", "coordinates": [[[-60.03441043770762, -3.0259149161410575], [-60.025427284866424, -3.0259149161410575], [-60.025427284866424, -3.016944250876256], [-60.03441043770762, -3.016944250876256], [-60.03441043770762, -3.0259149161410575]]]}, "id": "-6683,-337", "properties": {"cell_id": "c_-60.0299_-3.0214", "lat": -3.021429586599927, "lon": -60.02991886131986}}, {"type": "Feature", "geometry": {"type": "Polygon", "coordinates": [[[-60.025427284866424, -3.0259149161410575], [-60.01644413202522, -3.0259149161410575], [-60.01644413202522, -3.016944250876256], [-60.025427284866424, -3.016944250876256], [-60.025427284866424, -3.0259149161410575]]]}, "id": "-6682,-337", "properties": {"cell_id": "c_-60.0209_-3.0214", "lat": -3.0214295866084417, "lon": -60.020935708458}}, {"type": "Feature", "geometry": {"type": "Polygon", "coordinates": [[[-60.01644413202522, -3.0259149161410575], [-60.00746097918404, -3.0259149161410575], [-60.00746097918404, -3.016944250876256], [-60.01644413202522, -3.016944250876256], [-60.01644413202522, -3.0259149161410575]]]}, "id": "-6681,-337", "properties": {"cell_id": "c_-60.0120_-3.0214", "lat": -3.021429586604143, "lon": -60.011952555579235}}, {"type": "Feature", "geometry": {"type": "Polygon", "coordinates": [[[-60.00746097918404, -3.0259149161410575], [-59.99847782634284, -3.0259149161410575], [-59.99847782634284, -3.016944250876256], [-60.00746097918404, -3.016944250876256], [-60.00746097918404, -3.0259149161410575]]]}, "id": "-6680,-337", "properties": {"cell_id": "c_-60.0030_-3.0214", "lat": -3.0214295865870358, "lon": -60.002969402770695}}, {"type": "Feature", "geometry": {"type": "Polygon", "coordinates": [[[-59.99847782634284, -3.0259149161410575], [-59.989494673501646, -3.0259149161410575], [-59.989494673501646, -3.016944250876256], [-59.99847782634284, -3.016944250876256], [-59.99847782634284, -3.0259149161410575]]]}, "id": "-6679,-337", "properties": {"cell_id": "c_-59.9940_-3.0214", "lat": -3.021429586592261, "lon": -59.99398624992186}}, {"type": "Feature", "geometry": {"type": "Polygon", "coordinates": [[[-59.989494673501646, -3.0259149161410575], [-59.98051152066045, -3.0259149161410575], [-59.98051152066045, -3.016944250876256], [-59.989494673501646, -3.016944250876256], [-59.989494673501646, -3.0259149161410575]]]}, "id": "-6678,-337", "properties": {"cell_id": "c_-59.9850_-3.0214", "lat": -3.0214295865870313, "lon": -59.98500309706126}}, {"type": "Feature", "geometry": {"type": "Polygon", "coordinates": [[[-59.98051152066045, -3.0259149161410575], [-59.971528367819246, -3.0259149161410575], [-59.971528367819246, -3.016944250876256], [-59.98051152066045, -3.016944250876256], [-59.98051152066045, -3.0259149161410575]]]}, "id": "-6677,-337", "properties": {"cell_id": "c_-59.9760_-3.0214", "lat": -3.021429586583842, "lon": -59.976019944278434}}, {"type": "Feature", "geometry": {"type": "Polygon", "coordinates": [[[-59.971528367819246, -3.0259149161410575], [-59.96254521497805, -3.0259149161410575], [-59.96254521497805, -3.016944250876256], [-59.971528367819246, -3.016944250876256], [-59.971528367819246, -3.0259149161410575]]]}, "id": "-6676,-337", "properties": {"cell_id": "c_-59.9670_-3.0214", "lat": -3.0214295865928387, "lon": -59.96703679136742}}, {"type": "Feature", "geometry": {"type": "Polygon", "coordinates": [[[-59.96254521497805, -3.0259149161410575], [-59.95356206213687, -3.0259149161410575], [-59.95356206213687, -3.016944250876256], [-59.96254521497805, -3.016944250876256], [-59.96254521497805, -3.0259149161410575]]]}, "id": "-6675,-337", "properties": {"cell_id": "c_-59.9581_-3.0214", "lat": -3.0214295865937237, "lon": -59.95805363855061}}, {"type": "Feature", "geometry": {"type": "Polygon", "coordinates": [[[-59.95356206213687, -3.0259149161410575], [-59.94457890929567, -3.0259149161410575], [-59.94457890929567, -3.016944250876256], [-59.95356206213687, -3.016944250876256], [-59.95356206213687, -3.0259149161410575]]]}, "id": "-6674,-337", "properties": {"cell_id": "c_-59.9491_-3.0214", "lat": -3.021429586598974, "lon": -59.94907048571122}}, {"type": "Feature", "geometry": {"type": "Polygon", "coordinates": [[[-59.94457890929567, -3.0259149161410575], [-59.935595756454475, -3.0259149161410575], [-59.935595756454475, -3.016944250876256], [-59.94457890929567, -3.016944250876256], [-59.94457890929567, -3.0259149161410575]]]}, "id": "-6673,-337", "properties": {"cell_id": "c_-59.9401_-3.0214", "lat": -3.0214295865961134, "lon": -59.94008733289264}}, {"type": "Feature", "geometry": {"type": "Polygon", "coordinates": [[[-59.935595756454475, -3.0259149161410575], [-59.92661260361328, -3.0259149161410575], [-59.92661260361328, -3.016944250876256], [-59.935595756454475, -3.016944250876256], [-59.935595756454475, -3.0259149161410575]]]}, "id": "-6672,-337", "properties": {"cell_id": "c_-59.9311_-3.0214", "lat": -3.021429586587458, "lon": -59.93110418005773}}, {"type": "Feature", "geometry": {"type": "Polygon", "coordinates": [[[-59.92661260361328, -3.0259149161410575], [-59.917629450772075, -3.0259149161410575], [-59.917629450772075, -3.016944250876256], [-59.92661260361328, -3.016944250876256], [-59.92661260361328, -3.0259149161410575]]]}, "id": "-6671,-337", "properties": {"cell_id": "c_-59.9221_-3.0214", "lat": -3.0214295865905636, "lon": -59.92212102714944}}, {"type": "Feature", "geometry": {"type": "Polygon", "coordinates": [[[-59.917629450772075, -3.0259149161410575], [-59.90864629793088, -3.0259149161410575], [-59.90864629793088, -3.016944250876256], [-59.917629450772075, -3.016944250876256], [-59.917629450772075, -3.0259149161410575]]]}, "id": "-6670,-337", "properties": {"cell_id": "c_-59.9131_-3.0214", "lat": -3.0214295865878773, "lon": -59.91313787435312}}, {"type": "Feature", "geometry": {"type": "Polygon", "coordinates": [[[-59.90864629793088, -3.0259149161410575], [-59.8996631450897, -3.0259149161410575], [-59.8996631450897, -3.016944250876256], [-59.90864629793088, -3.016944250876256], [-59.90864629793088, -3.0259149161410575]]]}, "id": "-6669,-337", "properties": {"cell_id": "c_-59.9042_-3.0214", "lat": -3.0214295865867884, "lon": -59.904154721540486}}, {"type": "Feature", "geometry": {"type": "Polygon", "coordinates": [[[-59.8996631450897, -3.0259149161410575], [-59.8906799922485, -3.0259149161410575], [-59.8906799922485, -3.016944250876256], [-59.8996631450897, -3.016944250876256], [-59.8996631450897, -3.0259149161410575]]]}, "id": "-6668,-337", "properties": {"cell_id": "c_-59.8952_-3.0214", "lat": -3.0214295865946736, "lon": -59.89517156869062}}, {"type": "Feature", "geometry": {"type": "Polygon", "coordinates": [[[-59.8906799922485, -3.0259149161410575], [-59.881696839407304, -3.0259149161410575], [-59.881696839407304, -3.016944250876256], [-59.8906799922485, -3.016944250876256], [-59.8906799922485, -3.0259149161410575]]]}, "id": "-6667,-337", "properties": {"cell_id": "c_-59.8862_-3.0214", "lat": -3.0214295865939778, "lon": -59.886188415796425}}, {"type": "Feature", "geometry": {"type": "Polygon", "coordinates": [[[-59.881696839407304, -3.0259149161410575], [-59.8727136865661, -3.0259149161410575], [-59.8727136865661, -3.016944250876256], [-59.881696839407304, -3.016944250876256], [-59.881696839407304, -3.0259149161410575]]]}, "id": "-6666,-337", "properties": {"cell_id": "c_-59.8772_-3.0214", "lat": -3.0214295866022542, "lon": -59.8772052629822}}, {"type": "Feature", "geometry": {"type": "Polygon", "coordinates": [[[-59.8727136865661, -3.0259149161410575], [-59.863730533724905, -3.0259149161410575], [-59.863730533724905, -3.016944250876256], [-59.8727136865661, -3.016944250876256], [-59.8727136865661, -3.0259149161410575]]]}, "id": "-6665,-337", "properties": {"cell_id": "c_-59.8682_-3.0214", "lat": -3.0214295865991443, "lon": -59.86822211015291}}, {"type": "Feature", "geometry": {"type": "Polygon", "coordinates": [[[-59.863730533724905, -3.0259149161410575], [-59.85474738088371, -3.0259149161410575], [-59.85474738088371, -3.016944250876256], [-59.863730533724905, -3.016944250876256], [-59.863730533724905, -3.0259149161410575]]]}, "id": "-6664,-337", "properties": {"cell_id": "c_-59.8592_-3.0214", "lat": -3.0214295865948273, "lon": -59.85923895730534}}, {"type": "Feature", "geometry": {"type": "Polygon", "coordinates": [[[-59.85474738088371, -3.0259149161410575], [-59.845764228042526, -3.0259149161410575], [-59.845764228042526, -3.016944250876256], [-59.85474738088371, -3.016944250876256], [-59.85474738088371, -3.0259149161410575]]]}, "id": "-6663,-337", "properties": {"cell_id": "c_-59.8503_-3.0214", "lat": -3.0214295865791208, "lon": -59.850255804463465}}, {"type": "Feature", "geometry": {"type": "Polygon", "coordinates": [[[-59.845764228042526, -3.0259149161410575], [-59.83678107520133, -3.0259149161410575], [-59.83678107520133, -3.016944250876256], [-59.845764228042526, -3.016944250876256], [-59.845764228042526, -3.0259149161410575]]]}, "id": "-6662,-337", "properties": {"cell_id": "c_-59.8413_-3.0214", "lat": -3.0214295865871126, "lon": -59.8412726516219}}, {"type": "Feature", "geometry": {"type": "Polygon", "coordinates": [[[-59.83678107520133, -3.0259149161410575], [-59.827797922360126, -3.0259149161410575], [-59.827797922360126, -3.016944250876256], [-59.83678107520133, -3.016944250876256], [-59.83678107520133, -3.0259149161410575]]]}, "id": "-6661,-337", "properties": {"cell_id": "c_-59.8323_-3.0214", "lat": -3.021429586608612, "lon": -59.83228949878748}}, {"type": "Feature", "geometry": {"type": "Polygon", "coordinates": [[[-59.827797922360126, -3.0259149161410575], [-59.81881476951893, -3.0259149161410575], [-59.81881476951893, -3.016944250876256], [-59.827797922360126, -3.016944250876256], [-59.827797922360126, -3.0259149161410575]]]}, "id": "-6660,-337", "properties": {"cell_id": "c_-59.8233_-3.0214", "lat": -3.021429586598342, "lon": -59.823306345959445}}, {"type": "Feature", "geometry": {"type": "Polygon", "coordinates": [[[-59.81881476951893, -3.0259149161410575], [-59.809831616677734, -3.0259149161410575], [-59.809831616677734, -3.016944250876256], [-59.81881476951893, -3.016944250876256], [-59.81881476951893, -3.0259149161410575]]]}, "id": "-6659,-337", "properties": {"cell_id": "c_-59.8143_-3.0214", "lat": -3.0214295865840497, "lon": -59.81432319306809}}, {"type": "Feature", "geometry": {"type": "Polygon", "coordinates": [[[-59.809831616677734, -3.0259149161410575], [-59.80084846383654, -3.0259149161410575], [-59.80084846383654, -3.016944250876256], [-59.809831616677734, -3.016944250876256], [-59.809831616677734, -3.0259149161410575]]]}, "id": "-6658,-337", "properties": {"cell_id": "c_-59.8053_-3.0214", "lat": -3.0214295865804064, "lon": -59.805340040252034}}, {"type": "Feature", "geometry": {"type": "Polygon", "coordinates": [[[-59.80084846383654, -3.0259149161410575], [-59.791865310995355, -3.0259149161410575], [-59.791865310995355, -3.016944250876256], [-59.80084846383654, -3.016944250876256], [-59.80084846383654, -3.0259149161410575]]]}, "id": "-6657,-337", "properties": {"cell_id": "c_-59.7964_-3.0214", "lat": -3.0214295865874083, "lon": -59.79635688742514}}, {"type": "Feature", "geometry": {"type": "Polygon", "coordinates": [[[-59.791865310995355, -3.0259149161410575], [-59.78288215815416, -3.0259149161410575], [-59.78288215815416, -3.016944250876256], [-59.791865310995355, -3.016944250876256], [-59.791865310995355, -3.0259149161410575]]]}, "id": "-6656,-337", "properties": {"cell_id": "c_-59.7874_-3.0214", "lat": -3.021429586584638, "lon": -59.78737373460034}}, {"type": "Feature", "geometry": {"type": "Polygon", "coordinates": [[[-59.78288215815416, -3.0259149161410575], [-59.773899005312956, -3.0259149161410575], [-59.773899005312956, -3.016944250876256], [-59.78288215815416, -3.016944250876256], [-59.78288215815416, -3.0259149161410575]]]}, "id": "-6655,-337", "properties": {"cell_id": "c_-59.7784_-3.0214", "lat": -3.0214295865822987, "lon": -59.77839058172216}}, {"type": "Feature", "geometry": {"type": "Polygon", "coordinates": [[[-59.773899005312956, -3.0259149161410575], [-59.76491585247176, -3.0259149161410575], [-59.76491585247176, -3.016944250876256], [-59.773899005312956, -3.016944250876256], [-59.773899005312956, -3.0259149161410575]]]}, "id": "-6654,-337", "properties": {"cell_id": "c_-59.7694_-3.0214", "lat": -3.0214295865906022, "lon": -59.769407428881316}}, {"type": "Feature", "geometry": {"type": "Polygon", "coordinates": [[[-59.76491585247176, -3.0259149161410575], [-59.75593269963056, -3.0259149161410575], [-59.75593269963056, -3.016944250876256], [-59.76491585247176, -3.016944250876256], [-59.76491585247176, -3.0259149161410575]]]}, "id": "-6653,-337", "properties": {"cell_id": "c_-59.7604_-3.0214", "lat": -3.021429586589129, "lon": -59.7604242760499}}, {"type": "Feature", "geometry": {"type": "Polygon", "coordinates": [[[-59.75593269963056, -3.0259149161410575], [-59.74694954678938, -3.0259149161410575], [-59.74694954678938, -3.016944250876256], [-59.75593269963056, -3.016944250876256], [-59.75593269963056, -3.0259149161410575]]]}, "id": "-6652,-337", "properties": {"cell_id": "c_-59.7514_-3.0214", "lat": -3.0214295865778897, "lon": -59.75144112321186}}, {"type": "Feature", "geometry": {"type": "Polygon", "coordinates": [[[-60.20509034169033, -3.016944250876256], [-60.19610718884913, -3.016944250876256], [-60.19610718884913, -3.0079735115867794], [-60.20509034169033, -3.0079735115867794], [-60.20509034169033, -3.016944250876256]]]}, "id": "-6702,-336", "properties": {"cell_id": "c_-60.2006_-3.0125", "lat": -3.0124588843207536, "lon": -60.20059876528832}}, {"type": "Feature", "geometry": {"type": "Polygon", "coordinates": [[[-60.19610718884913, -3.016944250876256], [-60.18712403600794, -3.016944250876256], [-60.18712403600794, -3.0079735115867794], [-60.19610718884913, -3.0079735115867794], [-60.19610718884913, -3.016944250876256]]]}, "id": "-6701,-336", "properties": {"cell_id": "c_-60.1916_-3.0125", "lat": -3.0124588843353846, "lon": -60.19161561243129}}, {"type": "Feature", "geometry": {"type": "Polygon", "coordinates": [[[-60.18712403600794, -3.016944250876256], [-60.17814088316674, -3.016944250876256], [-60.17814088316674, -3.0079735115867794], [-60.18712403600794, -3.0079735115867794], [-60.18712403600794, -3.016944250876256]]]}, "id": "-6700,-336", "properties": {"cell_id": "c_-60.1826_-3.0125", "lat": -3.0124588843223195, "lon": -60.18263245955777}}, {"type": "Feature", "geometry": {"type": "Polygon", "coordinates": [[[-60.17814088316674, -3.016944250876256], [-60.16915773032555, -3.016944250876256], [-60.16915773032555, -3.0079735115867794], [-60.17814088316674, -3.0079735115867794], [-60.17814088316674, -3.016944250876256]]]}, "id": "-6699,-336", "properties": {"cell_id": "c_-60.1736_-3.0125", "lat": -3.0124588843117155, "lon": -60.1736493067643}}, {"type": "Feature", "geometry": {"type": "Polygon", "coordinates": [[[-60.16915773032555, -3.016944250876256], [-60.160174577484355, -3.016944250876256], [-60.160174577484355, -3.0079735115867794], [-60.16915773032555, -3.0079735115867794], [-60.16915773032555, -3.016944250876256]]]}, "id": "-6698,-336", "properties": {"cell_id": "c_-60.1647_-3.0125", "lat": -3.0124588843262163, "lon": -60.1646661538985}}, {"type": "Feature", "geometry": {"type": "Polygon", "coordinates": [[[-60.160174577484355, -3.016944250876256], [-60.15119142464316, -3.016944250876256], [-60.15119142464316, -3.0079735115867794], [-60.160174577484355, -3.0079735115867794], [-60.160174577484355, -3.016944250876256]]]}, "id": "-6697,-336", "properties": {"cell_id": "c_-60.1557_-3.0125", "lat": -3.0124588843330935, "lon": -60.15568300104399}}, {"type": "Feature", "geometry": {"type": "Polygon", "coordinates": [[[-60.15119142464316, -3.016944250876256], [-60.14220827180196, -3.016944250876256], [-60.14220827180196, -3.0079735115867794], [-60.15119142464316, -3.0079735115867794], [-60.15119142464316, -3.016944250876256]]]}, "id": "-6696,-336", "properties": {"cell_id": "c_-60.1467_-3.0125", "lat": -3.0124588843222444, "lon": -60.14669984824218}}, {"type": "Feature", "geometry": {"type": "Polygon", "coordinates": [[[-60.14220827180196, -3.016944250876256], [-60.133225118960766, -3.016944250876256], [-60.133225118960766, -3.0079735115867794], [-60.14220827180196, -3.0079735115867794], [-60.14220827180196, -3.016944250876256]]]}, "id": "-6695,-336", "properties": {"cell_id": "c_-60.1377_-3.0125", "lat": -3.0124588843288556, "lon": -60.137716695373044}}, {"type": "Feature", "geometry": {"type": "Polygon", "coordinates": [[[-60.133225118960766, -3.016944250876256], [-60.12424196611957, -3.016944250876256], [-60.12424196611957, -3.0079735115867794], [-60.133225118960766, -3.0079735115867794], [-60.133225118960766, -3.016944250876256]]]}, "id": "-6694,-336", "properties": {"cell_id": "c_-60.1287_-3.0125", "lat": -3.012458884322794, "lon": -60.12873354255327}}, {"type": "Feature", "geometry": {"type": "Polygon", "coordinates": [[[-60.12424196611957, -3.016944250876256], [-60.11525881327838, -3.016944250876256], [-60.11525881327838, -3.0079735115867794], [-60.12424196611957, -3.0079735115867794], [-60.12424196611957, -3.016944250876256]]]}, "id": "-6693,-336", "properties": {"cell_id": "c_-60.1198_-3.0125", "lat": -3.012458884311553, "lon": -60.11975038968047}}, {"type": "Feature", "geometry": {"type": "Polygon", "coordinates": [[[-60.11525881327838, -3.016944250876256], [-60.106275660437184, -3.016944250876256], [-60.106275660437184, -3.0079735115867794], [-60.11525881327838, -3.0079735115867794], [-60.11525881327838, -3.016944250876256]]]}, "id": "-6692,-336", "properties": {"cell_id": "c_-60.1108_-3.0125", "lat": -3.012458884320208, "lon": -60.110767236861754}}, {"type": "Feature", "geometry": {"type": "Polygon", "coordinates": [[[-60.106275660437184, -3.016944250876256], [-60.09729250759599, -3.016944250876256], [-60.09729250759599, -3.0079735115867794], [-60.106275660437184, -3.0079735115867794], [-60.106275660437184, -3.016944250876256]]]}, "id": "-6691,-336", "properties": {"cell_id": "c_-60.1018_-3.0125", "lat": -3.0124588843311657, "lon": -60.101784084029575}}, {"type": "Feature", "geometry": {"type": "Polygon", "coordinates": [[[-60.09729250759599, -3.016944250876256], [-60.08830935475479, -3.016944250876256], [-60.08830935475479, -3.0079735115867794], [-60.09729250759599, -3.0079735115867794], [-60.09729250759599, -3.016944250876256]]]}, "id": "-6690,-336", "properties": {"cell_id": "c_-60.0928_-3.0125", "lat": -3.01245888432179, "lon": -60.092800931162294}}, {"type": "Feature", "geometry": {"type": "Polygon", "coordinates": [[[-60.08830935475479, -3.016944250876256], [-60.079326201913595, -3.016944250876256], [-60.079326201913595, -3.0079735115867794], [-60.08830935475479, -3.0079735115867794], [-60.08830935475479, -3.016944250876256]]]}, "id": "-6689,-336", "properties": {"cell_id": "c_-60.0838_-3.0125", "lat": -3.0124588843171396, "lon": -60.08381777838163}}, {"type": "Feature", "geometry": {"type": "Polygon", "coordinates": [[[-60.079326201913595, -3.016944250876256], [-60.0703430490724, -3.016944250876256], [-60.0703430490724, -3.0079735115867794], [-60.079326201913595, -3.0079735115867794], [-60.079326201913595, -3.016944250876256]]]}, "id": "-6688,-336", "properties": {"cell_id": "c_-60.0748_-3.0125", "lat": -3.012458884312154, "lon": -60.07483462545201}}, {"type": "Feature", "geometry": {"type": "Polygon", "coordinates": [[[-60.0703430490724, -3.016944250876256], [-60.06135989623121, -3.016944250876256], [-60.06135989623121, -3.0079735115867794], [-60.0703430490724, -3.0079735115867794], [-60.0703430490724, -3.016944250876256]]]}, "id": "-6687,-336", "properties": {"cell_id": "c_-60.0659_-3.0125", "lat": -3.012458884306834, "lon": -60.06585147264083}}, {"type": "Feature", "geometry": {"type": "Polygon", "coordinates": [[[-60.06135989623121, -3.016944250876256], [-60.05237674339001, -3.016944250876256], [-60.05237674339001, -3.0079735115867794], [-60.06135989623121, -3.0079735115867794], [-60.06135989623121, -3.016944250876256]]]}, "id": "-6686,-336", "properties": {"cell_id": "c_-60.0569_-3.0125", "lat": -3.0124588843086317, "lon": -60.05686831984137}}, {"type": "Feature", "geometry": {"type": "Polygon", "coordinates": [[[-60.05237674339001, -3.016944250876256], [-60.04339359054882, -3.016944250876256], [-60.04339359054882, -3.0079735115867794], [-60.05237674339001, -3.0079735115867794], [-60.05237674339001, -3.016944250876256]]]}, "id": "-6685,-336", "properties": {"cell_id": "c_-60.0479_-3.0125", "lat": -3.0124588843175495, "lon": -60.04788516696354}}, {"type": "Feature", "geometry": {"type": "Polygon", "coordinates": [[[-60.04339359054882, -3.016944250876256], [-60.03441043770762, -3.016944250876256], [-60.03441043770762, -3.0079735115867794], [-60.04339359054882, -3.0079735115867794], [-60.04339359054882, -3.016944250876256]]]}, "id": "-6684,-336", "properties": {"cell_id": "c_-60.0389_-3.0125", "lat": -3.01245888433359, "lon": -60.0389020141087}}, {"type": "Feature", "geometry": {"type": "Polygon", "coordinates": [[[-60.03441043770762, -3.016944250876256], [-60.025427284866424, -3.016944250876256], [-60.025427284866424, -3.0079735115867794], [-60.03441043770762, -3.0079735115867794], [-60.03441043770762, -3.016944250876256]]]}, "id": "-6683,-336", "properties": {"cell_id": "c_-60.0299_-3.0125", "lat": -3.0124588843189164, "lon": -60.02991886130095}}, {"type": "Feature", "geometry": {"type": "Polygon", "coordinates": [[[-60.025427284866424, -3.016944250876256], [-60.01644413202522, -3.016944250876256], [-60.01644413202522, -3.0079735115867794], [-60.025427284866424, -3.0079735115867794], [-60.025427284866424, -3.016944250876256]]]}, "id": "-6682,-336", "properties": {"cell_id": "c_-60.0209_-3.0125", "lat": -3.012458884291108, "lon": -60.02093570845758}}, {"type": "Feature", "geometry": {"type": "Polygon", "coordinates": [[[-60.01644413202522, -3.016944250876256], [-60.00746097918404, -3.016944250876256], [-60.00746097918404, -3.0079735115867794], [-60.01644413202522, -3.0079735115867794], [-60.01644413202522, -3.016944250876256]]]}, "id": "-6681,-336", "properties": {"cell_id": "c_-60.0120_-3.0125", "lat": -3.0124588843079447, "lon": -60.011952555592224}}, {"type": "Feature", "geometry": {"type": "Polygon", "coordinates": [[[-60.00746097918404, -3.016944250876256], [-59.99847782634284, -3.016944250876256], [-59.99847782634284, -3.0079735115867794], [-60.00746097918404, -3.0079735115867794], [-60.00746097918404, -3.016944250876256]]]}, "id": "-6680,-336", "properties": {"cell_id": "c_-60.0030_-3.0125", "lat": -3.012458884324144, "lon": -60.00296940275681}}, {"type": "Feature", "geometry": {"type": "Polygon", "coordinates": [[[-59.99847782634284, -3.016944250876256], [-59.989494673501646, -3.016944250876256], [-59.989494673501646, -3.0079735115867794], [-59.99847782634284, -3.0079735115867794], [-59.99847782634284, -3.016944250876256]]]}, "id": "-6679,-336", "properties": {"cell_id": "c_-59.9940_-3.0125", "lat": -3.0124588843120033, "lon": -59.99398624992881}}, {"type": "Feature", "geometry": {"type": "Polygon", "coordinates": [[[-59.989494673501646, -3.016944250876256], [-59.98051152066045, -3.016944250876256], [-59.98051152066045, -3.0079735115867794], [-59.989494673501646, -3.0079735115867794], [-59.989494673501646, -3.016944250876256]]]}, "id": "-6678,-336", "properties": {"cell_id": "c_-59.9850_-3.0125", "lat": -3.0124588843242197, "lon": -59.9850030970613}}, {"type": "Feature", "geometry": {"type": "Polygon", "coordinates": [[[-59.98051152066045, -3.016944250876256], [-59.971528367819246, -3.016944250876256], [-59.971528367819246, -3.0079735115867794], [-59.98051152066045, -3.0079735115867794], [-59.98051152066045, -3.016944250876256]]]}, "id": "-6677,-336", "properties": {"cell_id": "c_-59.9760_-3.0125", "lat": -3.0124588843205946, "lon": -59.97601994427156}}, {"type": "Feature", "geometry": {"type": "Polygon", "coordinates": [[[-59.971528367819246, -3.016944250876256], [-59.96254521497805, -3.016944250876256], [-59.96254521497805, -3.0079735115867794], [-59.971528367819246, -3.0079735115867794], [-59.971528367819246, -3.016944250876256]]]}, "id": "-6676,-336", "properties": {"cell_id": "c_-59.9670_-3.0125", "lat": -3.0124588843085407, "lon": -59.96703679137122}}, {"type": "Feature", "geometry": {"type": "Polygon", "coordinates": [[[-59.96254521497805, -3.016944250876256], [-59.95356206213687, -3.016944250876256], [-59.95356206213687, -3.0079735115867794], [-59.96254521497805, -3.0079735115867794], [-59.96254521497805, -3.016944250876256]]]}, "id": "-6675,-336", "properties": {"cell_id": "c_-59.9581_-3.0125", "lat": -3.012458884318105, "lon": -59.95805363855725}}, {"type": "Feature", "geometry": {"type": "Polygon", "coordinates": [[[-59.95356206213687, -3.016944250876256], [-59.94457890929567, -3.016944250876256], [-59.94457890929567, -3.0079735115867794], [-59.95356206213687, -3.0079735115867794], [-59.95356206213687, -3.016944250876256]]]}, "id": "-6674,-336", "properties": {"cell_id": "c_-59.9491_-3.0125", "lat": -3.0124588843243205, "lon": -59.94907048571605}}, {"type": "Feature", "geometry": {"type": "Polygon", "coordinates": [[[-59.94457890929567, -3.016944250876256], [-59.935595756454475, -3.016944250876256], [-59.935595756454475, -3.0079735115867794], [-59.94457890929567, -3.0079735115867794], [-59.94457890929567, -3.016944250876256]]]}, "id": "-6673,-336", "properties": {"cell_id": "c_-59.9401_-3.0125", "lat": -3.0124588843295164, "lon": -59.940087332890144}}, {"type": "Feature", "geometry": {"type": "Polygon", "coordinates": [[[-59.935595756454475, -3.016944250876256], [-59.92661260361328, -3.016944250876256], [-59.92661260361328, -3.0079735115867794], [-59.935595756454475, -3.0079735115867794], [-59.935595756454475, -3.016944250876256]]]}, "id": "-6672,-336", "properties": {"cell_id": "c_-59.9311_-3.0125", "lat": -3.012458884336011, "lon": -59.93110418005806}}, {"type": "Feature", "geometry": {"type": "Polygon", "coordinates": [[[-59.92661260361328, -3.016944250876256], [-59.917629450772075, -3.016944250876256], [-59.917629450772075, -3.0079735115867794], [-59.92661260361328, -3.0079735115867794], [-59.92661260361328, -3.016944250876256]]]}, "id": "-6671,-336", "properties": {"cell_id": "c_-59.9221_-3.0125", "lat": -3.0124588843364077, "lon": -59.92212102715259}}, {"type": "Feature", "geometry": {"type": "Polygon", "coordinates": [[[-59.917629450772075, -3.016944250876256], [-59.90864629793088, -3.016944250876256], [-59.90864629793088, -3.0079735115867794], [-59.917629450772075, -3.0079735115867794], [-59.917629450772075, -3.016944250876256]]]}, "id": "-6670,-336", "properties": {"cell_id": "c_-59.9131_-3.0125", "lat": -3.0124588843279296, "lon": -59.91313787433877}}, {"type": "Feature", "geometry": {"type": "Polygon", "coordinates": [[[-59.90864629793088, -3.016944250876256], [-59.8996631450897, -3.016944250876256], [-59.8996631450897, -3.0079735115867794], [-59.90864629793088, -3.0079735115867794], [-59.90864629793088, -3.016944250876256]]]}, "id": "-6669,-336", "properties": {"cell_id": "c_-59.9042_-3.0125", "lat": -3.012458884310576, "lon": -59.904154721536365}}, {"type": "Feature", "geometry": {"type": "Polygon", "coordinates": [[[-59.8996631450897, -3.016944250876256], [-59.8906799922485, -3.016944250876256], [-59.8906799922485, -3.0079735115867794], [-59.8996631450897, -3.0079735115867794], [-59.8996631450897, -3.016944250876256]]]}, "id": "-6668,-336", "properties": {"cell_id": "c_-59.8952_-3.0125", "lat": -3.012458884294516, "lon": -59.89517156868655}}, {"type": "Feature", "geometry": {"type": "Polygon", "coordinates": [[[-59.8906799922485, -3.016944250876256], [-59.881696839407304, -3.016944250876256], [-59.881696839407304, -3.0079735115867794], [-59.8906799922485, -3.0079735115867794], [-59.8906799922485, -3.016944250876256]]]}, "id": "-6667,-336", "properties": {"cell_id": "c_-59.8862_-3.0125", "lat": -3.0124588843120588, "lon": -59.886188415817365}}, {"type": "Feature", "geometry": {"type": "Polygon", "coordinates": [[[-59.881696839407304, -3.016944250876256], [-59.8727136865661, -3.016944250876256], [-59.8727136865661, -3.0079735115867794], [-59.881696839407304, -3.0079735115867794], [-59.881696839407304, -3.016944250876256]]]}, "id": "-6666,-336", "properties": {"cell_id": "c_-59.8772_-3.0125", "lat": -3.0124588843280984, "lon": -59.87720526298561}}, {"type": "Feature", "geometry": {"type": "Polygon", "coordinates": [[[-59.8727136865661, -3.016944250876256], [-59.863730533724905, -3.016944250876256], [-59.863730533724905, -3.0079735115867794], [-59.8727136865661, -3.0079735115867794], [-59.8727136865661, -3.016944250876256]]]}, "id": "-6665,-336", "properties": {"cell_id": "c_-59.8682_-3.0125", "lat": -3.0124588843250946, "lon": -59.86822211014336}}, {"type": "Feature", "geometry": {"type": "Polygon", "coordinates": [[[-59.863730533724905, -3.016944250876256], [-59.85474738088371, -3.016944250876256], [-59.85474738088371, -3.0079735115867794], [-59.863730533724905, -3.0079735115867794], [-59.863730533724905, -3.016944250876256]]]}, "id": "-6664,-336", "properties": {"cell_id": "c_-59.8592_-3.0125", "lat": -3.0124588843177764, "lon": -59.859238957303226}}, {"type": "Feature", "geometry": {"type": "Polygon", "coordinates": [[[-59.85474738088371, -3.016944250876256], [-59.845764228042526, -3.016944250876256], [-59.845764228042526, -3.0079735115867794], [-59.85474738088371, -3.0079735115867794], [-59.85474738088371, -3.016944250876256]]]}, "id": "-6663,-336", "properties": {"cell_id": "c_-59.8503_-3.0125", "lat": -3.012458884316324, "lon": -59.8502558044484}}, {"type": "Feature", "geometry": {"type": "Polygon", "coordinates": [[[-59.845764228042526, -3.016944250876256], [-59.83678107520133, -3.016944250876256], [-59.83678107520133, -3.0079735115867794], [-59.845764228042526, -3.0079735115867794], [-59.845764228042526, -3.016944250876256]]]}, "id": "-6662,-336", "properties": {"cell_id": "c_-59.8413_-3.0125", "lat": -3.0124588843105546, "lon": -59.84127265163919}}, {"type": "Feature", "geometry": {"type": "Polygon", "coordinates": [[[-59.83678107520133, -3.016944250876256], [-59.827797922360126, -3.016944250876256], [-59.827797922360126, -3.0079735115867794], [-59.83678107520133, -3.0079735115867794], [-59.83678107520133, -3.016944250876256]]]}, "id": "-6661,-336", "properties": {"cell_id": "c_-59.8323_-3.0125", "lat": -3.012458884307815, "lon": -59.832289498788974}}, {"type": "Feature", "geometry": {"type": "Polygon", "coordinates": [[[-59.827797922360126, -3.016944250876256], [-59.81881476951893, -3.016944250876256], [-59.81881476951893, -3.0079735115867794], [-59.827797922360126, -3.0079735115867794], [-59.827797922360126, -3.016944250876256]]]}, "id": "-6660,-336", "properties": {"cell_id": "c_-59.8233_-3.0125", "lat": -3.0124588843256417, "lon": -59.823306345965534}}, {"type": "Feature", "geometry": {"type": "Polygon", "coordinates": [[[-59.81881476951893, -3.016944250876256], [-59.809831616677734, -3.016944250876256], [-59.809831616677734, -3.0079735115867794], [-59.81881476951893, -3.0079735115867794], [-59.81881476951893, -3.016944250876256]]]}, "id": "-6659,-336", "properties": {"cell_id": "c_-59.8143_-3.0125", "lat": -3.0124588843362994, "lon": -59.81432319305837}}, {"type": "Feature", "geometry": {"type": "Polygon", "coordinates": [[[-59.809831616677734, -3.016944250876256], [-59.80084846383654, -3.016944250876256], [-59.80084846383654, -3.0079735115867794], [-59.809831616677734, -3.0079735115867794], [-59.809831616677734, -3.016944250876256]]]}, "id": "-6658,-336", "properties": {"cell_id": "c_-59.8053_-3.0125", "lat": -3.012458884322248, "lon": -59.80534004024405}}, {"type": "Feature", "geometry": {"type": "Polygon", "coordinates": [[[-59.80084846383654, -3.016944250876256], [-59.791865310995355, -3.016944250876256], [-59.791865310995355, -3.0079735115867794], [-59.80084846383654, -3.0079735115867794], [-59.80084846383654, -3.016944250876256]]]}, "id": "-6657,-336", "properties": {"cell_id": "c_-59.7964_-3.0125", "lat": -3.0124588843185656, "lon": -59.796356887436446}}, {"type": "Feature", "geometry": {"type": "Polygon", "coordinates": [[[-59.791865310995355, -3.016944250876256], [-59.78288215815416, -3.016944250876256], [-59.78288215815416, -3.0079735115867794], [-59.791865310995355, -3.0079735115867794], [-59.791865310995355, -3.016944250876256]]]}, "id": "-6656,-336", "properties": {"cell_id": "c_-59.7874_-3.0125", "lat": -3.012458884325258, "lon": -59.78737373459295}}, {"type": "Feature", "geometry": {"type": "Polygon", "coordinates": [[[-59.78288215815416, -3.016944250876256], [-59.773899005312956, -3.016944250876256], [-59.773899005312956, -3.0079735115867794], [-59.78288215815416, -3.0079735115867794], [-59.78288215815416, -3.016944250876256]]]}, "id": "-6655,-336", "properties": {"cell_id": "c_-59.7784_-3.0125", "lat": -3.0124588843219096, "lon": -59.77839058172385}}, {"type": "Feature", "geometry": {"type": "Polygon", "coordinates": [[[-59.773899005312956, -3.016944250876256], [-59.76491585247176, -3.016944250876256], [-59.76491585247176, -3.0079735115867794], [-59.773899005312956, -3.0079735115867794], [-59.773899005312956, -3.016944250876256]]]}, "id": "-6654,-336", "properties": {"cell_id": "c_-59.7694_-3.0125", "lat": -3.012458884315842, "lon": -59.76940742888186}}, {"type": "Feature", "geometry": {"type": "Polygon", "coordinates": [[[-59.76491585247176, -3.016944250876256], [-59.75593269963056, -3.016944250876256], [-59.75593269963056, -3.0079735115867794], [-59.76491585247176, -3.0079735115867794], [-59.76491585247176, -3.016944250876256]]]}, "id": "-6653,-336", "properties": {"cell_id": "c_-59.7604_-3.0125", "lat": -3.0124588843274775, "lon": -59.76042427605953}}, {"type": "Feature", "geometry": {"type": "Polygon", "coordinates": [[[-59.75593269963056, -3.016944250876256], [-59.74694954678938, -3.016944250876256], [-59.74694954678938, -3.0079735115867794], [-59.75593269963056, -3.0079735115867794], [-59.75593269963056, -3.016944250876256]]]}, "id": "-6652,-336", "properties": {"cell_id": "c_-59.7514_-3.0125", "lat": -3.0124588843261697, "lon": -59.75144112318966}}, {"type": "Feature", "geometry": {"type": "Polygon", "coordinates": [[[-60.20509034169033, -3.0079735115867794], [-60.19610718884913, -3.0079735115867794], [-60.19610718884913, -2.999002698491908], [-60.20509034169033, -2.999002698491908], [-60.20509034169033, -3.0079735115867794]]]}, "id": "-6702,-335", "properties": {"cell_id": "c_-60.2006_-3.0035", "lat": -3.003488108139984, "lon": -60.200598765301756}}, {"type": "Feature", "geometry": {"type": "Polygon", "coordinates": [[[-60.19610718884913, -3.0079735115867794], [-60.18712403600794, -3.0079735115867794], [-60.18712403600794, -2.999002698491908], [-60.19610718884913, -2.999002698491908], [-60.19610718884913, -3.0079735115867794]]]}, "id": "-6701,-335", "properties": {"cell_id": "c_-60.1916_-3.0035", "lat": -3.0034881081205476, "lon": -60.19161561241304}}, {"type": "Feature", "geometry": {"type": "Polygon", "coordinates": [[[-60.18712403600794, -3.0079735115867794], [-60.17814088316674, -3.0079735115867794], [-60.17814088316674, -2.999002698491908], [-60.18712403600794, -2.999002698491908], [-60.18712403600794, -3.0079735115867794]]]}, "id": "-6700,-335", "properties": {"cell_id": "c_-60.1826_-3.0035", "lat": -3.0034881081208002, "lon": -60.1826324595632}}, {"type": "Feature", "geometry": {"type": "Polygon", "coordinates": [[[-60.17814088316674, -3.0079735115867794], [-60.16915773032555, -3.0079735115867794], [-60.16915773032555, -2.999002698491908], [-60.17814088316674, -2.999002698491908], [-60.17814088316674, -3.0079735115867794]]]}, "id": "-6699,-335", "properties": {"cell_id": "c_-60.1736_-3.0035", "lat": -3.003488108135696, "lon": -60.173649306763174}}, {"type": "Feature", "geometry": {"type": "Polygon", "coordinates": [[[-60.16915773032555, -3.0079735115867794], [-60.160174577484355, -3.0079735115867794], [-60.160174577484355, -2.999002698491908], [-60.16915773032555, -2.999002698491908], [-60.16915773032555, -3.0079735115867794]]]}, "id": "-6698,-335", "properties": {"cell_id": "c_-60.1647_-3.0035", "lat": -3.0034881081199405, "lon": -60.16466615389838}}, {"type": "Feature", "geometry": {"type": "Polygon", "coordinates": [[[-60.160174577484355, -3.0079735115867794], [-60.15119142464316, -3.0079735115867794], [-60.15119142464316, -2.999002698491908], [-60.160174577484355, -2.999002698491908], [-60.160174577484355, -3.0079735115867794]]]}, "id": "-6697,-335", "properties": {"cell_id": "c_-60.1557_-3.0035", "lat": -3.003488108113784, "lon": -60.15568300104484}}, {"type": "Feature", "geometry": {"type": "Polygon", "coordinates": [[[-60.15119142464316, -3.0079735115867794], [-60.14220827180196, -3.0079735115867794], [-60.14220827180196, -2.999002698491908], [-60.15119142464316, -2.999002698491908], [-60.15119142464316, -3.0079735115867794]]]}, "id": "-6696,-335", "properties": {"cell_id": "c_-60.1467_-3.0035", "lat": -3.0034881081348215, "lon": -60.146699848251515}}, {"type": "Feature", "geometry": {"type": "Polygon", "coordinates": [[[-60.14220827180196, -3.0079735115867794], [-60.133225118960766, -3.0079735115867794], [-60.133225118960766, -2.999002698491908], [-60.14220827180196, -2.999002698491908], [-60.14220827180196, -3.0079735115867794]]]}, "id": "-6695,-335", "properties": {"cell_id": "c_-60.1377_-3.0035", "lat": -3.0034881081327183, "lon": -60.137716695368205}}, {"type": "Feature", "geometry": {"type": "Polygon", "coordinates": [[[-60.133225118960766, -3.0079735115867794], [-60.12424196611957, -3.0079735115867794], [-60.12424196611957, -2.999002698491908], [-60.133225118960766, -2.999002698491908], [-60.133225118960766, -3.0079735115867794]]]}, "id": "-6694,-335", "properties": {"cell_id": "c_-60.1287_-3.0035", "lat": -3.003488108132561, "lon": -60.1287335425519}}, {"type": "Feature", "geometry": {"type": "Polygon", "coordinates": [[[-60.12424196611957, -3.0079735115867794], [-60.11525881327838, -3.0079735115867794], [-60.11525881327838, -2.999002698491908], [-60.12424196611957, -2.999002698491908], [-60.12424196611957, -3.0079735115867794]]]}, "id": "-6693,-335", "properties": {"cell_id": "c_-60.1198_-3.0035", "lat": -3.00348810813435, "lon": -60.119750389672404}}, {"type": "Feature", "geometry": {"type": "Polygon", "coordinates": [[[-60.11525881327838, -3.0079735115867794], [-60.106275660437184, -3.0079735115867794], [-60.106275660437184, -2.999002698491908], [-60.11525881327838, -2.999002698491908], [-60.11525881327838, -3.0079735115867794]]]}, "id": "-6692,-335", "properties": {"cell_id": "c_-60.1108_-3.0035", "lat": -3.0034881081204934, "lon": -60.11076723686462}}, {"type": "Feature", "geometry": {"type": "Polygon", "coordinates": [[[-60.106275660437184, -3.0079735115867794], [-60.09729250759599, -3.0079735115867794], [-60.09729250759599, -2.999002698491908], [-60.106275660437184, -2.999002698491908], [-60.106275660437184, -3.0079735115867794]]]}, "id": "-6691,-335", "properties": {"cell_id": "c_-60.1018_-3.0035", "lat": -3.0034881081160654, "lon": -60.10178408403324}}, {"type": "Feature", "geometry": {"type": "Polygon", "coordinates": [[[-60.09729250759599, -3.0079735115867794], [-60.08830935475479, -3.0079735115867794], [-60.08830935475479, -2.999002698491908], [-60.09729250759599, -2.999002698491908], [-60.09729250759599, -3.0079735115867794]]]}, "id": "-6690,-335", "properties": {"cell_id": "c_-60.0928_-3.0035", "lat": -3.0034881081335896, "lon": -60.09280093116678}}, {"type": "Feature", "geometry": {"type": "Polygon", "coordinates": [[[-60.08830935475479, -3.0079735115867794], [-60.079326201913595, -3.0079735115867794], [-60.079326201913595, -2.999002698491908], [-60.08830935475479, -2.999002698491908], [-60.08830935475479, -3.0079735115867794]]]}, "id": "-6689,-335", "properties": {"cell_id": "c_-60.0838_-3.0035", "lat": -3.003488108137891, "lon": -60.0838177783768}}, {"type": "Feature", "geometry": {"type": "Polygon", "coordinates": [[[-60.079326201913595, -3.0079735115867794], [-60.0703430490724, -3.0079735115867794], [-60.0703430490724, -2.999002698491908], [-60.079326201913595, -2.999002698491908], [-60.079326201913595, -3.0079735115867794]]]}, "id": "-6688,-335", "properties": {"cell_id": "c_-60.0748_-3.0035", "lat": -3.0034881081188667, "lon": -60.07483462543282}}, {"type": "Feature", "geometry": {"type": "Polygon", "coordinates": [[[-60.0703430490724, -3.0079735115867794], [-60.06135989623121, -3.0079735115867794], [-60.06135989623121, -2.999002698491908], [-60.0703430490724, -2.999002698491908], [-60.0703430490724, -3.0079735115867794]]]}, "id": "-6687,-335", "properties": {"cell_id": "c_-60.0659_-3.0035", "lat": -3.0034881081241984, "lon": -60.06585147266004}}, {"type": "Feature", "geometry": {"type": "Polygon", "coordinates": [[[-60.06135989623121, -3.0079735115867794], [-60.05237674339001, -3.0079735115867794], [-60.05237674339001, -2.999002698491908], [-60.06135989623121, -2.999002698491908], [-60.06135989623121, -3.0079735115867794]]]}, "id": "-6686,-335", "properties": {"cell_id": "c_-60.0569_-3.0035", "lat": -3.0034881081413647, "lon": -60.05686831984114}}, {"type": "Feature", "geometry": {"type": "Polygon", "coordinates": [[[-60.05237674339001, -3.0079735115867794], [-60.04339359054882, -3.0079735115867794], [-60.04339359054882, -2.999002698491908], [-60.05237674339001, -2.999002698491908], [-60.05237674339001, -3.0079735115867794]]]}, "id": "-6685,-335", "properties": {"cell_id": "c_-60.0479_-3.0035", "lat": -3.0034881081376064, "lon": -60.04788516696893}}, {"type": "Feature", "geometry": {"type": "Polygon", "coordinates": [[[-60.04339359054882, -3.0079735115867794], [-60.03441043770762, -3.0079735115867794], [-60.03441043770762, -2.999002698491908], [-60.04339359054882, -2.999002698491908], [-60.04339359054882, -3.0079735115867794]]]}, "id": "-6684,-335", "properties": {"cell_id": "c_-60.0389_-3.0035", "lat": -3.00348810812037, "lon": -60.03890201410211}}, {"type": "Feature", "geometry": {"type": "Polygon", "coordinates": [[[-60.03441043770762, -3.0079735115867794], [-60.025427284866424, -3.0079735115867794], [-60.025427284866424, -2.999002698491908], [-60.03441043770762, -2.999002698491908], [-60.03441043770762, -3.0079735115867794]]]}, "id": "-6683,-335", "properties": {"cell_id": "c_-60.0299_-3.0035", "lat": -3.003488108134937, "lon": -60.029918861307436}}, {"type": "Feature", "geometry": {"type": "Polygon", "coordinates": [[[-60.025427284866424, -3.0079735115867794], [-60.01644413202522, -3.0079735115867794], [-60.01644413202522, -2.999002698491908], [-60.025427284866424, -2.999002698491908], [-60.025427284866424, -3.0079735115867794]]]}, "id": "-6682,-335", "properties": {"cell_id": "c_-60.0209_-3.0035", "lat": -3.003488108153601, "lon": -60.02093570844194}}, {"type": "Feature", "geometry": {"type": "Polygon", "coordinates": [[[-60.01644413202522, -3.0079735115867794], [-60.00746097918404, -3.0079735115867794], [-60.00746097918404, -2.999002698491908], [-60.01644413202522, -2.999002698491908], [-60.01644413202522, -3.0079735115867794]]]}, "id": "-6681,-335", "properties": {"cell_id": "c_-60.0120_-3.0035", "lat": -3.003488108126019, "lon": -60.01195255559709}}, {"type": "Feature", "geometry": {"type": "Polygon", "coordinates": [[[-60.00746097918404, -3.0079735115867794], [-59.99847782634284, -3.0079735115867794], [-59.99847782634284, -2.999002698491908], [-60.00746097918404, -2.999002698491908], [-60.00746097918404, -3.0079735115867794]]]}, "id": "-6680,-335", "properties": {"cell_id": "c_-60.0030_-3.0035", "lat": -3.003488108127543, "lon": -60.002969402769686}}, {"type": "Feature", "geometry": {"type": "Polygon", "coordinates": [[[-59.99847782634284, -3.0079735115867794], [-59.989494673501646, -3.0079735115867794], [-59.989494673501646, -2.999002698491908], [-59.99847782634284, -2.999002698491908], [-59.99847782634284, -3.0079735115867794]]]}, "id": "-6679,-335", "properties": {"cell_id": "c_-59.9940_-3.0035", "lat": -3.0034881081480247, "lon": -59.993986249924276}}, {"type": "Feature", "geometry": {"type": "Polygon", "coordinates": [[[-59.989494673501646, -3.0079735115867794], [-59.98051152066045, -3.0079735115867794], [-59.98051152066045, -2.999002698491908], [-59.989494673501646, -2.999002698491908], [-59.989494673501646, -3.0079735115867794]]]}, "id": "-6678,-335", "properties": {"cell_id": "c_-59.9850_-3.0035", "lat": -3.0034881081296882, "lon": -59.98500309705971}}, {"type": "Feature", "geometry": {"type": "Polygon", "coordinates": [[[-59.98051152066045, -3.0079735115867794], [-59.971528367819246, -3.0079735115867794], [-59.971528367819246, -2.999002698491908], [-59.98051152066045, -2.999002698491908], [-59.98051152066045, -3.0079735115867794]]]}, "id": "-6677,-335", "properties": {"cell_id": "c_-59.9760_-3.0035", "lat": -3.0034881081303144, "lon": -59.97601994427016}}, {"type": "Feature", "geometry": {"type": "Polygon", "coordinates": [[[-59.971528367819246, -3.0079735115867794], [-59.96254521497805, -3.0079735115867794], [-59.96254521497805, -2.999002698491908], [-59.971528367819246, -2.999002698491908], [-59.971528367819246, -3.0079735115867794]]]}, "id": "-6676,-335", "properties": {"cell_id": "c_-59.9670_-3.0035", "lat": -3.003488108134676, "lon": -59.967036791364926}}, {"type": "Feature", "geometry": {"type": "Polygon", "coordinates": [[[-59.96254521497805, -3.0079735115867794], [-59.95356206213687, -3.0079735115867794], [-59.95356206213687, -2.999002698491908], [-59.96254521497805, -2.999002698491908], [-59.96254521497805, -3.0079735115867794]]]}, "id": "-6675,-335", "properties": {"cell_id": "c_-59.9581_-3.0035", "lat": -3.003488108125211, "lon": -59.95805363856366}}, {"type": "Feature", "geometry": {"type": "Polygon", "coordinates": [[[-59.95356206213687, -3.0079735115867794], [-59.94457890929567, -3.0079735115867794], [-59.94457890929567, -2.999002698491908], [-59.95356206213687, -2.999002698491908], [-59.95356206213687, -3.0079735115867794]]]}, "id": "-6674,-335", "properties": {"cell_id": "c_-59.9491_-3.0035", "lat": -3.003488108126891, "lon": -59.949070485717556}}, {"type": "Feature", "geometry": {"type": "Polygon", "coordinates": [[[-59.94457890929567, -3.0079735115867794], [-59.935595756454475, -3.0079735115867794], [-59.935595756454475, -2.999002698491908], [-59.94457890929567, -2.999002698491908], [-59.94457890929567, -3.0079735115867794]]]}, "id": "-6673,-335", "properties": {"cell_id": "c_-59.9401_-3.0035", "lat": -3.003488108117072, "lon": -59.940087332884005}}, {"type": "Feature", "geometry": {"type": "Polygon", "coordinates": [[[-59.935595756454475, -3.0079735115867794], [-59.92661260361328, -3.0079735115867794], [-59.92661260361328, -2.999002698491908], [-59.935595756454475, -2.999002698491908], [-59.935595756454475, -3.0079735115867794]]]}, "id": "-6672,-335", "properties": {"cell_id": "c_-59.9311_-3.0035", "lat": -3.0034881081082307, "lon": -59.93110418006185}}, {"type": "Feature", "geometry": {"type": "Polygon", "coordinates": [[[-59.92661260361328, -3.0079735115867794], [-59.917629450772075, -3.0079735115867794], [-59.917629450772075, -2.999002698491908], [-59.92661260361328, -2.999002698491908], [-59.92661260361328, -3.0079735115867794]]]}, "id": "-6671,-335", "properties": {"cell_id": "c_-59.9221_-3.0035", "lat": -3.0034881081179208, "lon": -59.92212102715891}}, {"type": "Feature", "geometry": {"type": "Polygon", "coordinates": [[[-59.917629450772075, -3.0079735115867794], [-59.90864629793088, -3.0079735115867794], [-59.90864629793088, -2.999002698491908], [-59.917629450772075, -2.999002698491908], [-59.917629450772075, -3.0079735115867794]]]}, "id": "-6670,-335", "properties": {"cell_id": "c_-59.9131_-3.0035", "lat": -3.003488108128592, "lon": -59.913137874334645}}, {"type": "Feature", "geometry": {"type": "Polygon", "coordinates": [[[-59.90864629793088, -3.0079735115867794], [-59.8996631450897, -3.0079735115867794], [-59.8996631450897, -2.999002698491908], [-59.90864629793088, -2.999002698491908], [-59.90864629793088, -3.0079735115867794]]]}, "id": "-6669,-335", "properties": {"cell_id": "c_-59.9042_-3.0035", "lat": -3.0034881081199054, "lon": -59.9041547215144}}, {"type": "Feature", "geometry": {"type": "Polygon", "coordinates": [[[-59.8996631450897, -3.0079735115867794], [-59.8906799922485, -3.0079735115867794], [-59.8906799922485, -2.999002698491908], [-59.8996631450897, -2.999002698491908], [-59.8996631450897, -3.0079735115867794]]]}, "id": "-6668,-335", "properties": {"cell_id": "c_-59.8952_-3.0035", "lat": -3.003488108109411, "lon": -59.895171568681924}}, {"type": "Feature", "geometry": {"type": "Polygon", "coordinates": [[[-59.8906799922485, -3.0079735115867794], [-59.881696839407304, -3.0079735115867794], [-59.881696839407304, -2.999002698491908], [-59.8906799922485, -2.999002698491908], [-59.8906799922485, -3.0079735115867794]]]}, "id": "-6667,-335", "properties": {"cell_id": "c_-59.8862_-3.0035", "lat": -3.003488108107287, "lon": -59.88618841583743}}, {"type": "Feature", "geometry": {"type": "Polygon", "coordinates": [[[-59.881696839407304, -3.0079735115867794], [-59.8727136865661, -3.0079735115867794], [-59.8727136865661, -2.999002698491908], [-59.881696839407304, -2.999002698491908], [-59.881696839407304, -3.0079735115867794]]]}, "id": "-6666,-335", "properties": {"cell_id": "c_-59.8772_-3.0035", "lat": -3.003488108120914, "lon": -59.87720526299524}}, {"type": "Feature", "geometry": {"type": "Polygon", "coordinates": [[[-59.8727136865661, -3.0079735115867794], [-59.863730533724905, -3.0079735115867794], [-59.863730533724905, -2.999002698491908], [-59.8727136865661, -2.999002698491908], [-59.8727136865661, -3.0079735115867794]]]}, "id": "-6665,-335", "properties": {"cell_id": "c_-59.8682_-3.0035", "lat": -3.0034881081299285, "lon": -59.868222110139754}}, {"type": "Feature", "geometry": {"type": "Polygon", "coordinates": [[[-59.863730533724905, -3.0079735115867794], [-59.85474738088371, -3.0079735115867794], [-59.85474738088371, -2.999002698491908], [-59.863730533724905, -2.999002698491908], [-59.863730533724905, -3.0079735115867794]]]}, "id": "-6664,-335", "properties": {"cell_id": "c_-59.8592_-3.0035", "lat": -3.0034881081343254, "lon": -59.85923895730392}}, {"type": "Feature", "geometry": {"type": "Polygon", "coordinates": [[[-59.85474738088371, -3.0079735115867794], [-59.845764228042526, -3.0079735115867794], [-59.845764228042526, -2.999002698491908], [-59.85474738088371, -2.999002698491908], [-59.85474738088371, -3.0079735115867794]]]}, "id": "-6663,-335", "properties": {"cell_id": "c_-59.8503_-3.0035", "lat": -3.0034881081341087, "lon": -59.85025580444605}}, {"type": "Feature", "geometry": {"type": "Polygon", "coordinates": [[[-59.845764228042526, -3.0079735115867794], [-59.83678107520133, -3.0079735115867794], [-59.83678107520133, -2.999002698491908], [-59.845764228042526, -2.999002698491908], [-59.845764228042526, -3.0079735115867794]]]}, "id": "-6662,-335", "properties": {"cell_id": "c_-59.8413_-3.0035", "lat": -3.003488108136626, "lon": -59.8412726516383}}, {"type": "Feature", "geometry": {"type": "Polygon", "coordinates": [[[-59.83678107520133, -3.0079735115867794], [-59.827797922360126, -3.0079735115867794], [-59.827797922360126, -2.999002698491908], [-59.83678107520133, -2.999002698491908], [-59.83678107520133, -3.0079735115867794]]]}, "id": "-6661,-335", "properties": {"cell_id": "c_-59.8323_-3.0035", "lat": -3.0034881081243396, "lon": -59.83228949877483}}, {"type": "Feature", "geometry": {"type": "Polygon", "coordinates": [[[-59.827797922360126, -3.0079735115867794], [-59.81881476951893, -3.0079735115867794], [-59.81881476951893, -2.999002698491908], [-59.827797922360126, -2.999002698491908], [-59.827797922360126, -3.0079735115867794]]]}, "id": "-6660,-335", "properties": {"cell_id": "c_-59.8233_-3.0035", "lat": -3.003488108114797, "lon": -59.823306345987966}}, {"type": "Feature", "geometry": {"type": "Polygon", "coordinates": [[[-59.81881476951893, -3.0079735115867794], [-59.809831616677734, -3.0079735115867794], [-59.809831616677734, -2.999002698491908], [-59.81881476951893, -2.999002698491908], [-59.81881476951893, -3.0079735115867794]]]}, "id": "-6659,-335", "properties": {"cell_id": "c_-59.8143_-3.0035", "lat": -3.0034881081153384, "lon": -59.81432319304715}}, {"type": "Feature", "geometry": {"type": "Polygon", "coordinates": [[[-59.809831616677734, -3.0079735115867794], [-59.80084846383654, -3.0079735115867794], [-59.80084846383654, -2.999002698491908], [-59.809831616677734, -2.999002698491908], [-59.809831616677734, -3.0079735115867794]]]}, "id": "-6658,-335", "properties": {"cell_id": "c_-59.8053_-3.0035", "lat": -3.0034881081157647, "lon": -59.80534004024163}}, {"type": "Feature", "geometry": {"type": "Polygon", "coordinates": [[[-59.80084846383654, -3.0079735115867794], [-59.791865310995355, -3.0079735115867794], [-59.791865310995355, -2.999002698491908], [-59.80084846383654, -2.999002698491908], [-59.80084846383654, -3.0079735115867794]]]}, "id": "-6657,-335", "properties": {"cell_id": "c_-59.7964_-3.0035", "lat": -3.0034881081336056, "lon": -59.796356887453065}}, {"type": "Feature", "geometry": {"type": "Polygon", "coordinates": [[[-59.791865310995355, -3.0079735115867794], [-59.78288215815416, -3.0079735115867794], [-59.78288215815416, -2.999002698491908], [-59.791865310995355, -2.999002698491908], [-59.791865310995355, -3.0079735115867794]]]}, "id": "-6656,-335", "properties": {"cell_id": "c_-59.7874_-3.0035", "lat": -3.0034881081235905, "lon": -59.78737373457302}}, {"type": "Feature", "geometry": {"type": "Polygon", "coordinates": [[[-59.78288215815416, -3.0079735115867794], [-59.773899005312956, -3.0079735115867794], [-59.773899005312956, -2.999002698491908], [-59.78288215815416, -2.999002698491908], [-59.78288215815416, -3.0079735115867794]]]}, "id": "-6655,-335", "properties": {"cell_id": "c_-59.7784_-3.0035", "lat": -3.003488108120783, "lon": -59.77839058173762}}, {"type": "Feature", "geometry": {"type": "Polygon", "coordinates": [[[-59.773899005312956, -3.0079735115867794], [-59.76491585247176, -3.0079735115867794], [-59.76491585247176, -2.999002698491908], [-59.773899005312956, -2.999002698491908], [-59.773899005312956, -3.0079735115867794]]]}, "id": "-6654,-335", "properties": {"cell_id": "c_-59.7694_-3.0035", "lat": -3.0034881081251887, "lon": -59.76940742886643}}, {"type": "Feature", "geometry": {"type": "Polygon", "coordinates": [[[-59.76491585247176, -3.0079735115867794], [-59.75593269963056, -3.0079735115867794], [-59.75593269963056, -2.999002698491908], [-59.76491585247176, -2.999002698491908], [-59.76491585247176, -3.0079735115867794]]]}, "id": "-6653,-335", "properties": {"cell_id": "c_-59.7604_-3.0035", "lat": -3.003488108116375, "lon": -59.76042427607778}}, {"type": "Feature", "geometry": {"type": "Polygon", "coordinates": [[[-59.75593269963056, -3.0079735115867794], [-59.74694954678938, -3.0079735115867794], [-59.74694954678938, -2.999002698491908], [-59.75593269963056, -2.999002698491908], [-59.75593269963056, -3.0079735115867794]]]}, "id": "-6652,-335", "properties": {"cell_id": "c_-59.7514_-3.0035", "lat": -3.003488108122086, "lon": -59.75144112317581}}, {"type": "Feature", "geometry": {"type": "Polygon", "coordinates": [[[-60.20509034169033, -2.999002698491908], [-60.19610718884913, -2.999002698491908], [-60.19610718884913, -2.9900318118109728], [-60.20509034169033, -2.9900318118109728], [-60.20509034169033, -2.999002698491908]]]}, "id": "-6702,-334", "properties": {"cell_id": "c_-60.2006_-2.9945", "lat": -2.9945172581973134, "lon": -60.20059876527495}}, {"type": "Feature", "geometry": {"type": "Polygon", "coordinates": [[[-60.19610718884913, -2.999002698491908], [-60.18712403600794, -2.999002698491908], [-60.18712403600794, -2.9900318118109728], [-60.19610718884913, -2.9900318118109728], [-60.19610718884913, -2.999002698491908]]]}, "id": "-6701,-334", "properties": {"cell_id": "c_-60.1916_-2.9945", "lat": -2.9945172581965327, "lon": -60.191615612419604}}, {"type": "Feature", "geometry": {"type": "Polygon", "coordinates": [[[-60.18712403600794, -2.999002698491908], [-60.17814088316674, -2.999002698491908], [-60.17814088316674, -2.9900318118109728], [-60.18712403600794, -2.9900318118109728], [-60.18712403600794, -2.999002698491908]]]}, "id": "-6700,-334", "properties": {"cell_id": "c_-60.1826_-2.9945", "lat": -2.9945172582200894, "lon": -60.18263245958047}}, {"type": "Feature", "geometry": {"type": "Polygon", "coordinates": [[[-60.17814088316674, -2.999002698491908], [-60.16915773032555, -2.999002698491908], [-60.16915773032555, -2.9900318118109728], [-60.17814088316674, -2.9900318118109728], [-60.17814088316674, -2.999002698491908]]]}, "id": "-6699,-334", "properties": {"cell_id": "c_-60.1736_-2.9945", "lat": -2.9945172582176594, "lon": -60.17364930675839}}, {"type": "Feature", "geometry": {"type": "Polygon", "coordinates": [[[-60.16915773032555, -2.999002698491908], [-60.160174577484355, -2.999002698491908], [-60.160174577484355, -2.9900318118109728], [-60.16915773032555, -2.9900318118109728], [-60.16915773032555, -2.999002698491908]]]}, "id": "-6698,-334", "properties": {"cell_id": "c_-60.1647_-2.9945", "lat": -2.994517258214355, "lon": -60.16466615388408}}, {"type": "Feature", "geometry": {"type": "Polygon", "coordinates": [[[-60.160174577484355, -2.999002698491908], [-60.15119142464316, -2.999002698491908], [-60.15119142464316, -2.9900318118109728], [-60.160174577484355, -2.9900318118109728], [-60.160174577484355, -2.999002698491908]]]}, "id": "-6697,-334", "properties": {"cell_id": "c_-60.1557_-2.9945", "lat": -2.9945172582101707, "lon": -60.155683001048786}}, {"type": "Feature", "geometry": {"type": "Polygon", "coordinates": [[[-60.15119142464316, -2.999002698491908], [-60.14220827180196, -2.999002698491908], [-60.14220827180196, -2.9900318118109728], [-60.15119142464316, -2.9900318118109728], [-60.15119142464316, -2.999002698491908]]]}, "id": "-6696,-334", "properties": {"cell_id": "c_-60.1467_-2.9945", "lat": -2.994517258200061, "lon": -60.14669984825853}}, {"type": "Feature", "geometry": {"type": "Polygon", "coordinates": [[[-60.14220827180196, -2.999002698491908], [-60.133225118960766, -2.999002698491908], [-60.133225118960766, -2.9900318118109728], [-60.14220827180196, -2.9900318118109728], [-60.14220827180196, -2.999002698491908]]]}, "id": "-6695,-334", "properties": {"cell_id": "c_-60.1377_-2.9945", "lat": -2.994517258196572, "lon": -60.1377166953556}}, {"type": "Feature", "geometry": {"type": "Polygon", "coordinates": [[[-60.133225118960766, -2.999002698491908], [-60.12424196611957, -2.999002698491908], [-60.12424196611957, -2.9900318118109728], [-60.133225118960766, -2.9900318118109728], [-60.133225118960766, -2.999002698491908]]]}, "id": "-6694,-334", "properties": {"cell_id": "c_-60.1287_-2.9945", "lat": -2.9945172581997066, "lon": -60.12873354256745}}, {"type": "Feature", "geometry": {"type": "Polygon", "coordinates": [[[-60.12424196611957, -2.999002698491908], [-60.11525881327838, -2.999002698491908], [-60.11525881327838, -2.9900318118109728], [-60.12424196611957, -2.9900318118109728], [-60.12424196611957, -2.999002698491908]]]}, "id": "-6693,-334", "properties": {"cell_id": "c_-60.1198_-2.9945", "lat": -2.9945172581993624, "lon": -60.11975038965826}}, {"type": "Feature", "geometry": {"type": "Polygon", "coordinates": [[[-60.11525881327838, -2.999002698491908], [-60.106275660437184, -2.999002698491908], [-60.106275660437184, -2.9900318118109728], [-60.11525881327838, -2.9900318118109728], [-60.11525881327838, -2.999002698491908]]]}, "id": "-6692,-334", "properties": {"cell_id": "c_-60.1108_-2.9945", "lat": -2.9945172582080777, "lon": -60.1107672368736}}, {"type": "Feature", "geometry": {"type": "Polygon", "coordinates": [[[-60.106275660437184, -2.999002698491908], [-60.09729250759599, -2.999002698491908], [-60.09729250759599, -2.9900318118109728], [-60.106275660437184, -2.9900318118109728], [-60.106275660437184, -2.999002698491908]]]}, "id": "-6691,-334", "properties": {"cell_id": "c_-60.1018_-2.9945", "lat": -2.9945172582032065, "lon": -60.101784084014945}}, {"type": "Feature", "geometry": {"type": "Polygon", "coordinates": [[[-60.09729250759599, -2.999002698491908], [-60.08830935475479, -2.999002698491908], [-60.08830935475479, -2.9900318118109728], [-60.09729250759599, -2.9900318118109728], [-60.09729250759599, -2.999002698491908]]]}, "id": "-6690,-334", "properties": {"cell_id": "c_-60.0928_-2.9945", "lat": -2.9945172581972876, "lon": -60.0928009311967}}, {"type": "Feature", "geometry": {"type": "Polygon", "coordinates": [[[-60.08830935475479, -2.999002698491908], [-60.079326201913595, -2.999002698491908], [-60.079326201913595, -2.9900318118109728], [-60.08830935475479, -2.9900318118109728], [-60.08830935475479, -2.999002698491908]]]}, "id": "-6689,-334", "properties": {"cell_id": "c_-60.0838_-2.9945", "lat": -2.994517258202843, "lon": -60.08381777835676}}, {"type": "Feature", "geometry": {"type": "Polygon", "coordinates": [[[-60.079326201913595, -2.999002698491908], [-60.0703430490724, -2.999002698491908], [-60.0703430490724, -2.9900318118109728], [-60.079326201913595, -2.9900318118109728], [-60.079326201913595, -2.999002698491908]]]}, "id": "-6688,-334", "properties": {"cell_id": "c_-60.0748_-2.9945", "lat": -2.994517258214813, "lon": -60.074834625445796}}, {"type": "Feature", "geometry": {"type": "Polygon", "coordinates": [[[-60.0703430490724, -2.999002698491908], [-60.06135989623121, -2.999002698491908], [-60.06135989623121, -2.9900318118109728], [-60.0703430490724, -2.9900318118109728], [-60.0703430490724, -2.999002698491908]]]}, "id": "-6687,-334", "properties": {"cell_id": "c_-60.0659_-2.9945", "lat": -2.9945172582156174, "lon": -60.06585147265322}}, {"type": "Feature", "geometry": {"type": "Polygon", "coordinates": [[[-60.06135989623121, -2.999002698491908], [-60.05237674339001, -2.999002698491908], [-60.05237674339001, -2.9900318118109728], [-60.06135989623121, -2.9900318118109728], [-60.06135989623121, -2.999002698491908]]]}, "id": "-6686,-334", "properties": {"cell_id": "c_-60.0569_-2.9945", "lat": -2.99451725819514, "lon": -60.056868319844654}}, {"type": "Feature", "geometry": {"type": "Polygon", "coordinates": [[[-60.05237674339001, -2.999002698491908], [-60.04339359054882, -2.999002698491908], [-60.04339359054882, -2.9900318118109728], [-60.05237674339001, -2.9900318118109728], [-60.05237674339001, -2.999002698491908]]]}, "id": "-6685,-334", "properties": {"cell_id": "c_-60.0479_-2.9945", "lat": -2.994517258195993, "lon": -60.04788516696251}}, {"type": "Feature", "geometry": {"type": "Polygon", "coordinates": [[[-60.04339359054882, -2.999002698491908], [-60.03441043770762, -2.999002698491908], [-60.03441043770762, -2.9900318118109728], [-60.04339359054882, -2.9900318118109728], [-60.04339359054882, -2.999002698491908]]]}, "id": "-6684,-334", "properties": {"cell_id": "c_-60.0389_-2.9945", "lat": -2.9945172582056565, "lon": -60.038902014100955}}, {"type": "Feature", "geometry": {"type": "Polygon", "coordinates": [[[-60.03441043770762, -2.999002698491908], [-60.025427284866424, -2.999002698491908], [-60.025427284866424, -2.9900318118109728], [-60.03441043770762, -2.9900318118109728], [-60.03441043770762, -2.999002698491908]]]}, "id": "-6683,-334", "properties": {"cell_id": "c_-60.0299_-2.9945", "lat": -2.994517258201494, "lon": -60.02991886131902}}, {"type": "Feature", "geometry": {"type": "Polygon", "coordinates": [[[-60.025427284866424, -2.999002698491908], [-60.01644413202522, -2.999002698491908], [-60.01644413202522, -2.9900318118109728], [-60.025427284866424, -2.9900318118109728], [-60.025427284866424, -2.999002698491908]]]}, "id": "-6682,-334", "properties": {"cell_id": "c_-60.0209_-2.9945", "lat": -2.994517258185881, "lon": -60.020935708433434}}, {"type": "Feature", "geometry": {"type": "Polygon", "coordinates": [[[-60.01644413202522, -2.999002698491908], [-60.00746097918404, -2.999002698491908], [-60.00746097918404, -2.9900318118109728], [-60.01644413202522, -2.9900318118109728], [-60.01644413202522, -2.999002698491908]]]}, "id": "-6681,-334", "properties": {"cell_id": "c_-60.0120_-2.9945", "lat": -2.9945172581990294, "lon": -60.01195255559115}}, {"type": "Feature", "geometry": {"type": "Polygon", "coordinates": [[[-60.00746097918404, -2.999002698491908], [-59.99847782634284, -2.999002698491908], [-59.99847782634284, -2.9900318118109728], [-60.00746097918404, -2.9900318118109728], [-60.00746097918404, -2.999002698491908]]]}, "id": "-6680,-334", "properties": {"cell_id": "c_-60.0030_-2.9945", "lat": -2.9945172581956574, "lon": -60.00296940277377}}, {"type": "Feature", "geometry": {"type": "Polygon", "coordinates": [[[-59.99847782634284, -2.999002698491908], [-59.989494673501646, -2.999002698491908], [-59.989494673501646, -2.9900318118109728], [-59.99847782634284, -2.9900318118109728], [-59.99847782634284, -2.999002698491908]]]}, "id": "-6679,-334", "properties": {"cell_id": "c_-59.9940_-2.9945", "lat": -2.994517258193336, "lon": -59.99398624993839}}, {"type": "Feature", "geometry": {"type": "Polygon", "coordinates": [[[-59.989494673501646, -2.999002698491908], [-59.98051152066045, -2.999002698491908], [-59.98051152066045, -2.9900318118109728], [-59.989494673501646, -2.9900318118109728], [-59.989494673501646, -2.999002698491908]]]}, "id": "-6678,-334", "properties": {"cell_id": "c_-59.9850_-2.9945", "lat": -2.994517258217058, "lon": -59.985003097051}}, {"type": "Feature", "geometry": {"type": "Polygon", "coordinates": [[[-59.98051152066045, -2.999002698491908], [-59.971528367819246, -2.999002698491908], [-59.971528367819246, -2.9900318118109728], [-59.98051152066045, -2.9900318118109728], [-59.98051152066045, -2.999002698491908]]]}, "id": "-6677,-334", "properties": {"cell_id": "c_-59.9760_-2.9945", "lat": -2.9945172582039765, "lon": -59.9760199442664}}, {"type": "Feature", "geometry": {"type": "Polygon", "coordinates": [[[-59.971528367819246, -2.999002698491908], [-59.96254521497805, -2.999002698491908], [-59.96254521497805, -2.9900318118109728], [-59.971528367819246, -2.9900318118109728], [-59.971528367819246, -2.999002698491908]]]}, "id": "-6676,-334", "properties": {"cell_id": "c_-59.9670_-2.9945", "lat": -2.994517258194294, "lon": -59.96703679136336}}, {"type": "Feature", "geometry": {"type": "Polygon", "coordinates": [[[-59.96254521497805, -2.999002698491908], [-59.95356206213687, -2.999002698491908], [-59.95356206213687, -2.9900318118109728], [-59.96254521497805, -2.9900318118109728], [-59.96254521497805, -2.999002698491908]]]}, "id": "-6675,-334", "properties": {"cell_id": "c_-59.9581_-2.9945", "lat": -2.994517258200502, "lon": -59.95805363856197}}, {"type": "Feature", "geometry": {"type": "Polygon", "coordinates": [[[-59.95356206213687, -2.999002698491908], [-59.94457890929567, -2.999002698491908], [-59.94457890929567, -2.9900318118109728], [-59.95356206213687, -2.9900318118109728], [-59.95356206213687, -2.999002698491908]]]}, "id": "-6674,-334", "properties": {"cell_id": "c_-59.9491_-2.9945", "lat": -2.9945172581999597, "lon": -59.94907048572039}}, {"type": "Feature", "geometry": {"type": "Polygon", "coordinates": [[[-59.94457890929567, -2.999002698491908], [-59.935595756454475, -2.999002698491908], [-59.935595756454475, -2.9900318118109728], [-59.94457890929567, -2.9900318118109728], [-59.94457890929567, -2.999002698491908]]]}, "id": "-6673,-334", "properties": {"cell_id": "c_-59.9401_-2.9945", "lat": -2.9945172582074715, "lon": -59.94008733287885}}, {"type": "Feature", "geometry": {"type": "Polygon", "coordinates": [[[-59.935595756454475, -2.999002698491908], [-59.92661260361328, -2.999002698491908], [-59.92661260361328, -2.9900318118109728], [-59.935595756454475, -2.9900318118109728], [-59.935595756454475, -2.999002698491908]]]}, "id": "-6672,-334", "properties": {"cell_id": "c_-59.9311_-2.9945", "lat": -2.9945172581980755, "lon": -59.931104180048735}}, {"type": "Feature", "geometry": {"type": "Polygon", "coordinates": [[[-59.92661260361328, -2.999002698491908], [-59.917629450772075, -2.999002698491908], [-59.917629450772075, -2.9900318118109728], [-59.92661260361328, -2.9900318118109728], [-59.92661260361328, -2.999002698491908]]]}, "id": "-6671,-334", "properties": {"cell_id": "c_-59.9221_-2.9945", "lat": -2.9945172581893362, "lon": -59.922121027173}}, {"type": "Feature", "geometry": {"type": "Polygon", "coordinates": [[[-59.917629450772075, -2.999002698491908], [-59.90864629793088, -2.999002698491908], [-59.90864629793088, -2.9900318118109728], [-59.917629450772075, -2.9900318118109728], [-59.917629450772075, -2.999002698491908]]]}, "id": "-6670,-334", "properties": {"cell_id": "c_-59.9131_-2.9945", "lat": -2.9945172582062014, "lon": -59.913137874348145}}, {"type": "Feature", "geometry": {"type": "Polygon", "coordinates": [[[-59.90864629793088, -2.999002698491908], [-59.8996631450897, -2.999002698491908], [-59.8996631450897, -2.9900318118109728], [-59.90864629793088, -2.9900318118109728], [-59.90864629793088, -2.999002698491908]]]}, "id": "-6669,-334", "properties": {"cell_id": "c_-59.9042_-2.9945", "lat": -2.994517258231119, "lon": -59.904154721517166}}, {"type": "Feature", "geometry": {"type": "Polygon", "coordinates": [[[-59.8996631450897, -2.999002698491908], [-59.8906799922485, -2.999002698491908], [-59.8906799922485, -2.9900318118109728], [-59.8996631450897, -2.9900318118109728], [-59.8996631450897, -2.999002698491908]]]}, "id": "-6668,-334", "properties": {"cell_id": "c_-59.8952_-2.9945", "lat": -2.9945172582437465, "lon": -59.89517156868131}}, {"type": "Feature", "geometry": {"type": "Polygon", "coordinates": [[[-59.8906799922485, -2.999002698491908], [-59.881696839407304, -2.999002698491908], [-59.881696839407304, -2.9900318118109728], [-59.8906799922485, -2.9900318118109728], [-59.8906799922485, -2.999002698491908]]]}, "id": "-6667,-334", "properties": {"cell_id": "c_-59.8862_-2.9945", "lat": -2.994517258233903, "lon": -59.88618841582607}}, {"type": "Feature", "geometry": {"type": "Polygon", "coordinates": [[[-59.881696839407304, -2.999002698491908], [-59.8727136865661, -2.999002698491908], [-59.8727136865661, -2.9900318118109728], [-59.881696839407304, -2.9900318118109728], [-59.881696839407304, -2.999002698491908]]]}, "id": "-6666,-334", "properties": {"cell_id": "c_-59.8772_-2.9945", "lat": -2.9945172582015864, "lon": -59.877205262987886}}, {"type": "Feature", "geometry": {"type": "Polygon", "coordinates": [[[-59.8727136865661, -2.999002698491908], [-59.863730533724905, -2.999002698491908], [-59.863730533724905, -2.9900318118109728], [-59.8727136865661, -2.9900318118109728], [-59.8727136865661, -2.999002698491908]]]}, "id": "-6665,-334", "properties": {"cell_id": "c_-59.8682_-2.9945", "lat": -2.9945172582022517, "lon": -59.86822211015679}}, {"type": "Feature", "geometry": {"type": "Polygon", "coordinates": [[[-59.863730533724905, -2.999002698491908], [-59.85474738088371, -2.999002698491908], [-59.85474738088371, -2.9900318118109728], [-59.863730533724905, -2.9900318118109728], [-59.863730533724905, -2.999002698491908]]]}, "id": "-6664,-334", "properties": {"cell_id": "c_-59.8592_-2.9945", "lat": -2.994517258215539, "lon": -59.859238957304576}}, {"type": "Feature", "geometry": {"type": "Polygon", "coordinates": [[[-59.85474738088371, -2.999002698491908], [-59.845764228042526, -2.999002698491908], [-59.845764228042526, -2.9900318118109728], [-59.85474738088371, -2.9900318118109728], [-59.85474738088371, -2.999002698491908]]]}, "id": "-6663,-334", "properties": {"cell_id": "c_-59.8503_-2.9945", "lat": -2.994517258203534, "lon": -59.85025580443314}}, {"type": "Feature", "geometry": {"type": "Polygon", "coordinates": [[[-59.845764228042526, -2.999002698491908], [-59.83678107520133, -2.999002698491908], [-59.83678107520133, -2.9900318118109728], [-59.845764228042526, -2.9900318118109728], [-59.845764228042526, -2.999002698491908]]]}, "id": "-6662,-334", "properties": {"cell_id": "c_-59.8413_-2.9945", "lat": -2.9945172582041484, "lon": -59.84127265165433}}, {"type": "Feature", "geometry": {"type": "Polygon", "coordinates": [[[-59.83678107520133, -2.999002698491908], [-59.827797922360126, -2.999002698491908], [-59.827797922360126, -2.9900318118109728], [-59.83678107520133, -2.9900318118109728], [-59.83678107520133, -2.999002698491908]]]}, "id": "-6661,-334", "properties": {"cell_id": "c_-59.8323_-2.9945", "lat": -2.9945172582247466, "lon": -59.8322894987671}}, {"type": "Feature", "geometry": {"type": "Polygon", "coordinates": [[[-59.827797922360126, -2.999002698491908], [-59.81881476951893, -2.999002698491908], [-59.81881476951893, -2.9900318118109728], [-59.827797922360126, -2.9900318118109728], [-59.827797922360126, -2.999002698491908]]]}, "id": "-6660,-334", "properties": {"cell_id": "c_-59.8233_-2.9945", "lat": -2.9945172582172015, "lon": -59.823306345978565}}, {"type": "Feature", "geometry": {"type": "Polygon", "coordinates": [[[-59.81881476951893, -2.999002698491908], [-59.809831616677734, -2.999002698491908], [-59.809831616677734, -2.9900318118109728], [-59.81881476951893, -2.9900318118109728], [-59.81881476951893, -2.999002698491908]]]}, "id": "-6659,-334", "properties": {"cell_id": "c_-59.8143_-2.9945", "lat": -2.9945172582092394, "lon": -59.81432319304913}}, {"type": "Feature", "geometry": {"type": "Polygon", "coordinates": [[[-59.809831616677734, -2.999002698491908], [-59.80084846383654, -2.999002698491908], [-59.80084846383654, -2.9900318118109728], [-59.809831616677734, -2.9900318118109728], [-59.809831616677734, -2.999002698491908]]]}, "id": "-6658,-334", "properties": {"cell_id": "c_-59.8053_-2.9945", "lat": -2.994517258211059, "lon": -59.805340040241894}}, {"type": "Feature", "geometry": {"type": "Polygon", "coordinates": [[[-59.80084846383654, -2.999002698491908], [-59.791865310995355, -2.999002698491908], [-59.791865310995355, -2.9900318118109728], [-59.80084846383654, -2.9900318118109728], [-59.80084846383654, -2.999002698491908]]]}, "id": "-6657,-334", "properties": {"cell_id": "c_-59.7964_-2.9945", "lat": -2.994517258202269, "lon": -59.79635688746184}}, {"type": "Feature", "geometry": {"type": "Polygon", "coordinates": [[[-59.791865310995355, -2.999002698491908], [-59.78288215815416, -2.999002698491908], [-59.78288215815416, -2.9900318118109728], [-59.791865310995355, -2.9900318118109728], [-59.791865310995355, -2.999002698491908]]]}, "id": "-6656,-334", "properties": {"cell_id": "c_-59.7874_-2.9945", "lat": -2.9945172582179254, "lon": -59.7873737345699}}, {"type": "Feature", "geometry": {"type": "Polygon", "coordinates": [[[-59.78288215815416, -2.999002698491908], [-59.773899005312956, -2.999002698491908], [-59.773899005312956, -2.9900318118109728], [-59.78288215815416, -2.9900318118109728], [-59.78288215815416, -2.999002698491908]]]}, "id": "-6655,-334", "properties": {"cell_id": "c_-59.7784_-2.9945", "lat": -2.9945172582229724, "lon": -59.77839058174301}}, {"type": "Feature", "geometry": {"type": "Polygon", "coordinates": [[[-59.773899005312956, -2.999002698491908], [-59.76491585247176, -2.999002698491908], [-59.76491585247176, -2.9900318118109728], [-59.773899005312956, -2.9900318118109728], [-59.773899005312956, -2.999002698491908]]]}, "id": "-6654,-334", "properties": {"cell_id": "c_-59.7694_-2.9945", "lat": -2.9945172582145205, "lon": -59.769407428856994}}, {"type": "Feature", "geometry": {"type": "Polygon", "coordinates": [[[-59.76491585247176, -2.999002698491908], [-59.75593269963056, -2.999002698491908], [-59.75593269963056, -2.9900318118109728], [-59.76491585247176, -2.9900318118109728], [-59.76491585247176, -2.999002698491908]]]}, "id": "-6653,-334", "properties": {"cell_id": "c_-59.7604_-2.9945", "lat": -2.9945172582100943, "lon": -59.76042427607398}}, {"type": "Feature", "geometry": {"type": "Polygon", "coordinates": [[[-59.75593269963056, -2.999002698491908], [-59.74694954678938, -2.999002698491908], [-59.74694954678938, -2.9900318118109728], [-59.75593269963056, -2.9900318118109728], [-59.75593269963056, -2.999002698491908]]]}, "id": "-6652,-334", "properties": {"cell_id": "c_-59.7514_-2.9945", "lat": -2.994517258219907, "lon": -59.75144112319518}}, {"type": "Feature", "geometry": {"type": "Polygon", "coordinates": [[[-60.20509034169033, -2.9900318118109728], [-60.19610718884913, -2.9900318118109728], [-60.19610718884913, -2.9810608517632797], [-60.20509034169033, -2.9810608517632797], [-60.20509034169033, -2.9900318118109728]]]}, "id": "-6702,-333", "properties": {"cell_id": "c_-60.2006_-2.9855", "lat": -2.985546334831131, "lon": -60.20059876528088}}, {"type": "Feature", "geometry": {"type": "Polygon", "coordinates": [[[-60.19610718884913, -2.9900318118109728], [-60.18712403600794, -2.9900318118109728], [-60.18712403600794, -2.9810608517632797], [-60.19610718884913, -2.9810608517632797], [-60.19610718884913, -2.9900318118109728]]]}, "id": "-6701,-333", "properties": {"cell_id": "c_-60.1916_-2.9855", "lat": -2.985546334843964, "lon": -60.191615612425764}}, {"type": "Feature", "geometry": {"type": "Polygon", "coordinates": [[[-60.18712403600794, -2.9900318118109728], [-60.17814088316674, -2.9900318118109728], [-60.17814088316674, -2.9810608517632797], [-60.18712403600794, -2.9810608517632797], [-60.18712403600794, -2.9900318118109728]]]}, "id": "-6700,-333", "properties": {"cell_id": "c_-60.1826_-2.9855", "lat": -2.9855463348203264, "lon": -60.18263245957426}}, {"type": "Feature", "geometry": {"type": "Polygon", "coordinates": [[[-60.17814088316674, -2.9900318118109728], [-60.16915773032555, -2.9900318118109728], [-60.16915773032555, -2.9810608517632797], [-60.17814088316674, -2.9810608517632797], [-60.17814088316674, -2.9900318118109728]]]}, "id": "-6699,-333", "properties": {"cell_id": "c_-60.1736_-2.9855", "lat": -2.9855463348231086, "lon": -60.17364930676496}}, {"type": "Feature", "geometry": {"type": "Polygon", "coordinates": [[[-60.16915773032555, -2.9900318118109728], [-60.160174577484355, -2.9900318118109728], [-60.160174577484355, -2.9810608517632797], [-60.16915773032555, -2.9810608517632797], [-60.16915773032555, -2.9900318118109728]]]}, "id": "-6698,-333", "properties": {"cell_id": "c_-60.1647_-2.9855", "lat": -2.9855463348296656, "lon": -60.16466615388077}}, {"type": "Feature", "geometry": {"type": "Polygon", "coordinates": [[[-60.160174577484355, -2.9900318118109728], [-60.15119142464316, -2.9900318118109728], [-60.15119142464316, -2.9810608517632797], [-60.160174577484355, -2.9810608517632797], [-60.160174577484355, -2.9900318118109728]]]}, "id": "-6697,-333", "properties": {"cell_id": "c_-60.1557_-2.9855", "lat": -2.985546334824866, "lon": -60.155683001043094}}, {"type": "Feature", "geometry": {"type": "Polygon", "coordinates": [[[-60.15119142464316, -2.9900318118109728], [-60.14220827180196, -2.9900318118109728], [-60.14220827180196, -2.9810608517632797], [-60.15119142464316, -2.9810608517632797], [-60.15119142464316, -2.9900318118109728]]]}, "id": "-6696,-333", "properties": {"cell_id": "c_-60.1467_-2.9855", "lat": -2.985546334821255, "lon": -60.14669984825047}}, {"type": "Feature", "geometry": {"type": "Polygon", "coordinates": [[[-60.14220827180196, -2.9900318118109728], [-60.133225118960766, -2.9900318118109728], [-60.133225118960766, -2.9810608517632797], [-60.14220827180196, -2.9810608517632797], [-60.14220827180196, -2.9900318118109728]]]}, "id": "-6695,-333", "properties": {"cell_id": "c_-60.1377_-2.9855", "lat": -2.985546334818832, "lon": -60.13771669535774}}, {"type": "Feature", "geometry": {"type": "Polygon", "coordinates": [[[-60.133225118960766, -2.9900318118109728], [-60.12424196611957, -2.9900318118109728], [-60.12424196611957, -2.9810608517632797], [-60.133225118960766, -2.9810608517632797], [-60.133225118960766, -2.9900318118109728]]]}, "id": "-6694,-333", "properties": {"cell_id": "c_-60.1287_-2.9855", "lat": -2.9855463348250835, "lon": -60.12873354257473}}, {"type": "Feature", "geometry": {"type": "Polygon", "coordinates": [[[-60.12424196611957, -2.9900318118109728], [-60.11525881327838, -2.9900318118109728], [-60.11525881327838, -2.9810608517632797], [-60.12424196611957, -2.9810608517632797], [-60.12424196611957, -2.9900318118109728]]]}, "id": "-6693,-333", "properties": {"cell_id": "c_-60.1198_-2.9855", "lat": -2.9855463348274762, "lon": -60.119750389653056}}, {"type": "Feature", "geometry": {"type": "Polygon", "coordinates": [[[-60.11525881327838, -2.9900318118109728], [-60.106275660437184, -2.9900318118109728], [-60.106275660437184, -2.9810608517632797], [-60.11525881327838, -2.9810608517632797], [-60.11525881327838, -2.9900318118109728]]]}, "id": "-6692,-333", "properties": {"cell_id": "c_-60.1108_-2.9855", "lat": -2.9855463348334945, "lon": -60.11076723689357}}, {"type": "Feature", "geometry": {"type": "Polygon", "coordinates": [[[-60.106275660437184, -2.9900318118109728], [-60.09729250759599, -2.9900318118109728], [-60.09729250759599, -2.9810608517632797], [-60.106275660437184, -2.9810608517632797], [-60.106275660437184, -2.9900318118109728]]]}, "id": "-6691,-333", "properties": {"cell_id": "c_-60.1018_-2.9855", "lat": -2.9855463348330282, "lon": -60.10178408398964}}, {"type": "Feature", "geometry": {"type": "Polygon", "coordinates": [[[-60.09729250759599, -2.9900318118109728], [-60.08830935475479, -2.9900318118109728], [-60.08830935475479, -2.9810608517632797], [-60.09729250759599, -2.9810608517632797], [-60.09729250759599, -2.9900318118109728]]]}, "id": "-6690,-333", "properties": {"cell_id": "c_-60.0928_-2.9855", "lat": -2.9855463348260796, "lon": -60.09280093120911}}, {"type": "Feature", "geometry": {"type": "Polygon", "coordinates": [[[-60.08830935475479, -2.9900318118109728], [-60.079326201913595, -2.9900318118109728], [-60.079326201913595, -2.9810608517632797], [-60.08830935475479, -2.9810608517632797], [-60.08830935475479, -2.9900318118109728]]]}, "id": "-6689,-333", "properties": {"cell_id": "c_-60.0838_-2.9855", "lat": -2.985546334825177, "lon": -60.083817778349}}, {"type": "Feature", "geometry": {"type": "Polygon", "coordinates": [[[-60.079326201913595, -2.9900318118109728], [-60.0703430490724, -2.9900318118109728], [-60.0703430490724, -2.9810608517632797], [-60.079326201913595, -2.9810608517632797], [-60.079326201913595, -2.9900318118109728]]]}, "id": "-6688,-333", "properties": {"cell_id": "c_-60.0748_-2.9855", "lat": -2.9855463348127387, "lon": -60.074834625453086}}, {"type": "Feature", "geometry": {"type": "Polygon", "coordinates": [[[-60.0703430490724, -2.9900318118109728], [-60.06135989623121, -2.9900318118109728], [-60.06135989623121, -2.9810608517632797], [-60.0703430490724, -2.9810608517632797], [-60.0703430490724, -2.9900318118109728]]]}, "id": "-6687,-333", "properties": {"cell_id": "c_-60.0659_-2.9855", "lat": -2.985546334813815, "lon": -60.06585147264783}}, {"type": "Feature", "geometry": {"type": "Polygon", "coordinates": [[[-60.06135989623121, -2.9900318118109728], [-60.05237674339001, -2.9900318118109728], [-60.05237674339001, -2.9810608517632797], [-60.06135989623121, -2.9810608517632797], [-60.06135989623121, -2.9900318118109728]]]}, "id": "-6686,-333", "properties": {"cell_id": "c_-60.0569_-2.9855", "lat": -2.9855463348358593, "lon": -60.05686831985162}}, {"type": "Feature", "geometry": {"type": "Polygon", "coordinates": [[[-60.05237674339001, -2.9900318118109728], [-60.04339359054882, -2.9900318118109728], [-60.04339359054882, -2.9810608517632797], [-60.05237674339001, -2.9810608517632797], [-60.05237674339001, -2.9900318118109728]]]}, "id": "-6685,-333", "properties": {"cell_id": "c_-60.0479_-2.9855", "lat": -2.9855463348311946, "lon": -60.047885166951716}}, {"type": "Feature", "geometry": {"type": "Polygon", "coordinates": [[[-60.04339359054882, -2.9900318118109728], [-60.03441043770762, -2.9900318118109728], [-60.03441043770762, -2.9810608517632797], [-60.04339359054882, -2.9810608517632797], [-60.04339359054882, -2.9900318118109728]]]}, "id": "-6684,-333", "properties": {"cell_id": "c_-60.0389_-2.9855", "lat": -2.985546334824857, "lon": -60.038902014115074}}, {"type": "Feature", "geometry": {"type": "Polygon", "coordinates": [[[-60.03441043770762, -2.9900318118109728], [-60.025427284866424, -2.9900318118109728], [-60.025427284866424, -2.9810608517632797], [-60.03441043770762, -2.9810608517632797], [-60.03441043770762, -2.9900318118109728]]]}, "id": "-6683,-333", "properties": {"cell_id": "c_-60.0299_-2.9855", "lat": -2.9855463348367928, "lon": -60.029918861312694}}, {"type": "Feature", "geometry": {"type": "Polygon", "coordinates": [[[-60.025427284866424, -2.9900318118109728], [-60.01644413202522, -2.9900318118109728], [-60.01644413202522, -2.9810608517632797], [-60.025427284866424, -2.9810608517632797], [-60.025427284866424, -2.9900318118109728]]]}, "id": "-6682,-333", "properties": {"cell_id": "c_-60.0209_-2.9855", "lat": -2.985546334841988, "lon": -60.02093570842932}}, {"type": "Feature", "geometry": {"type": "Polygon", "coordinates": [[[-60.01644413202522, -2.9900318118109728], [-60.00746097918404, -2.9900318118109728], [-60.00746097918404, -2.9810608517632797], [-60.01644413202522, -2.9810608517632797], [-60.01644413202522, -2.9900318118109728]]]}, "id": "-6681,-333", "properties": {"cell_id": "c_-60.0120_-2.9855", "lat": -2.9855463348353766, "lon": -60.0119525556018}}, {"type": "Feature", "geometry": {"type": "Polygon", "coordinates": [[[-60.00746097918404, -2.9900318118109728], [-59.99847782634284, -2.9900318118109728], [-59.99847782634284, -2.9810608517632797], [-60.00746097918404, -2.9810608517632797], [-60.00746097918404, -2.9900318118109728]]]}, "id": "-6680,-333", "properties": {"cell_id": "c_-60.0030_-2.9855", "lat": -2.985546334836896, "lon": -60.002969402761266}}, {"type": "Feature", "geometry": {"type": "Polygon", "coordinates": [[[-59.99847782634284, -2.9900318118109728], [-59.989494673501646, -2.9900318118109728], [-59.989494673501646, -2.9810608517632797], [-59.99847782634284, -2.9810608517632797], [-59.99847782634284, -2.9900318118109728]]]}, "id": "-6679,-333", "properties": {"cell_id": "c_-59.9940_-2.9855", "lat": -2.985546334828973, "lon": -59.99398624994064}}, {"type": "Feature", "geometry": {"type": "Polygon", "coordinates": [[[-59.989494673501646, -2.9900318118109728], [-59.98051152066045, -2.9900318118109728], [-59.98051152066045, -2.9810608517632797], [-59.989494673501646, -2.9810608517632797], [-59.989494673501646, -2.9900318118109728]]]}, "id": "-6678,-333", "properties": {"cell_id": "c_-59.9850_-2.9855", "lat": -2.9855463348116125, "lon": -59.98500309705512}}, {"type": "Feature", "geometry": {"type": "Polygon", "coordinates": [[[-59.98051152066045, -2.9900318118109728], [-59.971528367819246, -2.9900318118109728], [-59.971528367819246, -2.9810608517632797], [-59.98051152066045, -2.9810608517632797], [-59.98051152066045, -2.9900318118109728]]]}, "id": "-6677,-333", "properties": {"cell_id": "c_-59.9760_-2.9855", "lat": -2.985546334827368, "lon": -59.97601994426495}}, {"type": "Feature", "geometry": {"type": "Polygon", "coordinates": [[[-59.971528367819246, -2.9900318118109728], [-59.96254521497805, -2.9900318118109728], [-59.96254521497805, -2.9810608517632797], [-59.971528367819246, -2.9810608517632797], [-59.971528367819246, -2.9900318118109728]]]}, "id": "-6676,-333", "properties": {"cell_id": "c_-59.9670_-2.9855", "lat": -2.9855463348411053, "lon": -59.96703679136887}}, {"type": "Feature", "geometry": {"type": "Polygon", "coordinates": [[[-59.96254521497805, -2.9900318118109728], [-59.95356206213687, -2.9900318118109728], [-59.95356206213687, -2.9810608517632797], [-59.96254521497805, -2.9810608517632797], [-59.96254521497805, -2.9900318118109728]]]}, "id": "-6675,-333", "properties": {"cell_id": "c_-59.9581_-2.9855", "lat": -2.9855463348426774, "lon": -59.958053638564245}}, {"type": "Feature", "geometry": {"type": "Polygon", "coordinates": [[[-59.95356206213687, -2.9900318118109728], [-59.94457890929567, -2.9900318118109728], [-59.94457890929567, -2.9810608517632797], [-59.95356206213687, -2.9810608517632797], [-59.95356206213687, -2.9900318118109728]]]}, "id": "-6674,-333", "properties": {"cell_id": "c_-59.9491_-2.9855", "lat": -2.985546334829327, "lon": -59.9490704857042}}, {"type": "Feature", "geometry": {"type": "Polygon", "coordinates": [[[-59.94457890929567, -2.9900318118109728], [-59.935595756454475, -2.9900318118109728], [-59.935595756454475, -2.9810608517632797], [-59.94457890929567, -2.9810608517632797], [-59.94457890929567, -2.9900318118109728]]]}, "id": "-6673,-333", "properties": {"cell_id": "c_-59.9401_-2.9855", "lat": -2.9855463348088955, "lon": -59.94008733288211}}, {"type": "Feature", "geometry": {"type": "Polygon", "coordinates": [[[-59.935595756454475, -2.9900318118109728], [-59.92661260361328, -2.9900318118109728], [-59.92661260361328, -2.9810608517632797], [-59.935595756454475, -2.9810608517632797], [-59.935595756454475, -2.9900318118109728]]]}, "id": "-6672,-333", "properties": {"cell_id": "c_-59.9311_-2.9855", "lat": -2.9855463348239057, "lon": -59.9311041800511}}, {"type": "Feature", "geometry": {"type": "Polygon", "coordinates": [[[-59.92661260361328, -2.9900318118109728], [-59.917629450772075, -2.9900318118109728], [-59.917629450772075, -2.9810608517632797], [-59.92661260361328, -2.9810608517632797], [-59.92661260361328, -2.9900318118109728]]]}, "id": "-6671,-333", "properties": {"cell_id": "c_-59.9221_-2.9855", "lat": -2.985546334836469, "lon": -59.92212102717445}}, {"type": "Feature", "geometry": {"type": "Polygon", "coordinates": [[[-59.917629450772075, -2.9900318118109728], [-59.90864629793088, -2.9900318118109728], [-59.90864629793088, -2.9810608517632797], [-59.917629450772075, -2.9810608517632797], [-59.917629450772075, -2.9900318118109728]]]}, "id": "-6670,-333", "properties": {"cell_id": "c_-59.9131_-2.9855", "lat": -2.9855463348290283, "lon": -59.91313787435611}}, {"type": "Feature", "geometry": {"type": "Polygon", "coordinates": [[[-59.90864629793088, -2.9900318118109728], [-59.8996631450897, -2.9900318118109728], [-59.8996631450897, -2.9810608517632797], [-59.90864629793088, -2.9810608517632797], [-59.90864629793088, -2.9900318118109728]]]}, "id": "-6669,-333", "properties": {"cell_id": "c_-59.9042_-2.9855", "lat": -2.985546334816353, "lon": -59.90415472152145}}, {"type": "Feature", "geometry": {"type": "Polygon", "coordinates": [[[-59.8996631450897, -2.9900318118109728], [-59.8906799922485, -2.9900318118109728], [-59.8906799922485, -2.9810608517632797], [-59.8996631450897, -2.9810608517632797], [-59.8996631450897, -2.9900318118109728]]]}, "id": "-6668,-333", "properties": {"cell_id": "c_-59.8952_-2.9855", "lat": -2.985546334818774, "lon": -59.895171568692085}}, {"type": "Feature", "geometry": {"type": "Polygon", "coordinates": [[[-59.8906799922485, -2.9900318118109728], [-59.881696839407304, -2.9900318118109728], [-59.881696839407304, -2.9810608517632797], [-59.8906799922485, -2.9810608517632797], [-59.8906799922485, -2.9900318118109728]]]}, "id": "-6667,-333", "properties": {"cell_id": "c_-59.8862_-2.9855", "lat": -2.985546334818754, "lon": -59.88618841580541}}, {"type": "Feature", "geometry": {"type": "Polygon", "coordinates": [[[-59.881696839407304, -2.9900318118109728], [-59.8727136865661, -2.9900318118109728], [-59.8727136865661, -2.9810608517632797], [-59.881696839407304, -2.9810608517632797], [-59.881696839407304, -2.9900318118109728]]]}, "id": "-6666,-333", "properties": {"cell_id": "c_-59.8772_-2.9855", "lat": -2.985546334813495, "lon": -59.877205262970925}}, {"type": "Feature", "geometry": {"type": "Polygon", "coordinates": [[[-59.8727136865661, -2.9900318118109728], [-59.863730533724905, -2.9900318118109728], [-59.863730533724905, -2.9810608517632797], [-59.8727136865661, -2.9810608517632797], [-59.8727136865661, -2.9900318118109728]]]}, "id": "-6665,-333", "properties": {"cell_id": "c_-59.8682_-2.9855", "lat": -2.9855463348279048, "lon": -59.86822211018885}}, {"type": "Feature", "geometry": {"type": "Polygon", "coordinates": [[[-59.863730533724905, -2.9900318118109728], [-59.85474738088371, -2.9900318118109728], [-59.85474738088371, -2.9810608517632797], [-59.863730533724905, -2.9810608517632797], [-59.863730533724905, -2.9900318118109728]]]}, "id": "-6664,-333", "properties": {"cell_id": "c_-59.8592_-2.9855", "lat": -2.9855463348268887, "lon": -59.8592389572848}}, {"type": "Feature", "geometry": {"type": "Polygon", "coordinates": [[[-59.85474738088371, -2.9900318118109728], [-59.845764228042526, -2.9900318118109728], [-59.845764228042526, -2.9810608517632797], [-59.85474738088371, -2.9810608517632797], [-59.85474738088371, -2.9900318118109728]]]}, "id": "-6663,-333", "properties": {"cell_id": "c_-59.8503_-2.9855", "lat": -2.9855463348279905, "lon": -59.85025580444199}}, {"type": "Feature", "geometry": {"type": "Polygon", "coordinates": [[[-59.845764228042526, -2.9900318118109728], [-59.83678107520133, -2.9900318118109728], [-59.83678107520133, -2.9810608517632797], [-59.845764228042526, -2.9810608517632797], [-59.845764228042526, -2.9900318118109728]]]}, "id": "-6662,-333", "properties": {"cell_id": "c_-59.8413_-2.9855", "lat": -2.985546334821028, "lon": -59.84127265163912}}, {"type": "Feature", "geometry": {"type": "Polygon", "coordinates": [[[-59.83678107520133, -2.9900318118109728], [-59.827797922360126, -2.9900318118109728], [-59.827797922360126, -2.9810608517632797], [-59.83678107520133, -2.9810608517632797], [-59.83678107520133, -2.9900318118109728]]]}, "id": "-6661,-333", "properties": {"cell_id": "c_-59.8323_-2.9855", "lat": -2.9855463348059956, "lon": -59.832289498787894}}, {"type": "Feature", "geometry": {"type": "Polygon", "coordinates": [[[-59.827797922360126, -2.9900318118109728], [-59.81881476951893, -2.9900318118109728], [-59.81881476951893, -2.9810608517632797], [-59.827797922360126, -2.9810608517632797], [-59.827797922360126, -2.9900318118109728]]]}, "id": "-6660,-333", "properties": {"cell_id": "c_-59.8233_-2.9855", "lat": -2.985546334817984, "lon": -59.82330634596223}}, {"type": "Feature", "geometry": {"type": "Polygon", "coordinates": [[[-59.81881476951893, -2.9900318118109728], [-59.809831616677734, -2.9900318118109728], [-59.809831616677734, -2.9810608517632797], [-59.81881476951893, -2.9810608517632797], [-59.81881476951893, -2.9900318118109728]]]}, "id": "-6659,-333", "properties": {"cell_id": "c_-59.8143_-2.9855", "lat": -2.9855463348190567, "lon": -59.81432319305855}}, {"type": "Feature", "geometry": {"type": "Polygon", "coordinates": [[[-59.809831616677734, -2.9900318118109728], [-59.80084846383654, -2.9900318118109728], [-59.80084846383654, -2.9810608517632797], [-59.809831616677734, -2.9810608517632797], [-59.809831616677734, -2.9900318118109728]]]}, "id": "-6658,-333", "properties": {"cell_id": "c_-59.8053_-2.9855", "lat": -2.9855463348267453, "lon": -59.805340040241994}}, {"type": "Feature", "geometry": {"type": "Polygon", "coordinates": [[[-59.80084846383654, -2.9900318118109728], [-59.791865310995355, -2.9900318118109728], [-59.791865310995355, -2.9810608517632797], [-59.80084846383654, -2.9810608517632797], [-59.80084846383654, -2.9900318118109728]]]}, "id": "-6657,-333", "properties": {"cell_id": "c_-59.7964_-2.9855", "lat": -2.9855463348235145, "lon": -59.796356887449704}}, {"type": "Feature", "geometry": {"type": "Polygon", "coordinates": [[[-59.791865310995355, -2.9900318118109728], [-59.78288215815416, -2.9900318118109728], [-59.78288215815416, -2.9810608517632797], [-59.791865310995355, -2.9810608517632797], [-59.791865310995355, -2.9900318118109728]]]}, "id": "-6656,-333", "properties": {"cell_id": "c_-59.7874_-2.9855", "lat": -2.9855463348093765, "lon": -59.78737373458353}}, {"type": "Feature", "geometry": {"type": "Polygon", "coordinates": [[[-59.78288215815416, -2.9900318118109728], [-59.773899005312956, -2.9900318118109728], [-59.773899005312956, -2.9810608517632797], [-59.78288215815416, -2.9810608517632797], [-59.78288215815416, -2.9900318118109728]]]}, "id": "-6655,-333", "properties": {"cell_id": "c_-59.7784_-2.9855", "lat": -2.9855463348165054, "lon": -59.77839058174155}}, {"type": "Feature", "geometry": {"type": "Polygon", "coordinates": [[[-59.773899005312956, -2.9900318118109728], [-59.76491585247176, -2.9900318118109728], [-59.76491585247176, -2.9810608517632797], [-59.773899005312956, -2.9810608517632797], [-59.773899005312956, -2.9900318118109728]]]}, "id": "-6654,-333", "properties": {"cell_id": "c_-59.7694_-2.9855", "lat": -2.985546334827363, "lon": -59.76940742886086}}, {"type": "Feature", "geometry": {"type": "Polygon", "coordinates": [[[-59.76491585247176, -2.9900318118109728], [-59.75593269963056, -2.9900318118109728], [-59.75593269963056, -2.9810608517632797], [-59.76491585247176, -2.9810608517632797], [-59.76491585247176, -2.9900318118109728]]]}, "id": "-6653,-333", "properties": {"cell_id": "c_-59.7604_-2.9855", "lat": -2.9855463348346403, "lon": -59.76042427607295}}, {"type": "Feature", "geometry": {"type": "Polygon", "coordinates": [[[-59.75593269963056, -2.9900318118109728], [-59.74694954678938, -2.9900318118109728], [-59.74694954678938, -2.9810608517632797], [-59.75593269963056, -2.9810608517632797], [-59.75593269963056, -2.9900318118109728]]]}, "id": "-6652,-333", "properties": {"cell_id": "c_-59.7514_-2.9855", "lat": -2.9855463348252185, "lon": -59.75144112319658}}, {"type": "Feature", "geometry": {"type": "Polygon", "coordinates": [[[-60.20509034169033, -2.9810608517632797], [-60.19610718884913, -2.9810608517632797], [-60.19610718884913, -2.9720898185681466], [-60.20509034169033, -2.9720898185681466], [-60.20509034169033, -2.9810608517632797]]]}, "id": "-6702,-332", "properties": {"cell_id": "c_-60.2006_-2.9766", "lat": -2.976575338262321, "lon": -60.20059876529431}}, {"type": "Feature", "geometry": {"type": "Polygon", "coordinates": [[[-60.19610718884913, -2.9810608517632797], [-60.18712403600794, -2.9810608517632797], [-60.18712403600794, -2.9720898185681466], [-60.19610718884913, -2.9720898185681466], [-60.19610718884913, -2.9810608517632797]]]}, "id": "-6701,-332", "properties": {"cell_id": "c_-60.1916_-2.9766", "lat": -2.97657533824844, "lon": -60.19161561241128}}, {"type": "Feature", "geometry": {"type": "Polygon", "coordinates": [[[-60.18712403600794, -2.9810608517632797], [-60.17814088316674, -2.9810608517632797], [-60.17814088316674, -2.9720898185681466], [-60.18712403600794, -2.9720898185681466], [-60.18712403600794, -2.9810608517632797]]]}, "id": "-6700,-332", "properties": {"cell_id": "c_-60.1826_-2.9766", "lat": -2.9765753382555316, "lon": -60.18263245957216}}, {"type": "Feature", "geometry": {"type": "Polygon", "coordinates": [[[-60.17814088316674, -2.9810608517632797], [-60.16915773032555, -2.9810608517632797], [-60.16915773032555, -2.9720898185681466], [-60.17814088316674, -2.9720898185681466], [-60.17814088316674, -2.9810608517632797]]]}, "id": "-6699,-332", "properties": {"cell_id": "c_-60.1736_-2.9766", "lat": -2.976575338255903, "lon": -60.173649306770194}}, {"type": "Feature", "geometry": {"type": "Polygon", "coordinates": [[[-60.16915773032555, -2.9810608517632797], [-60.160174577484355, -2.9810608517632797], [-60.160174577484355, -2.9720898185681466], [-60.16915773032555, -2.9720898185681466], [-60.16915773032555, -2.9810608517632797]]]}, "id": "-6698,-332", "properties": {"cell_id": "c_-60.1647_-2.9766", "lat": -2.9765753382495546, "lon": -60.16466615387573}}, {"type": "Feature", "geometry": {"type": "Polygon", "coordinates": [[[-60.160174577484355, -2.9810608517632797], [-60.15119142464316, -2.9810608517632797], [-60.15119142464316, -2.9720898185681466], [-60.160174577484355, -2.9720898185681466], [-60.160174577484355, -2.9810608517632797]]]}, "id": "-6697,-332", "properties": {"cell_id": "c_-60.1557_-2.9766", "lat": -2.9765753382666413, "lon": -60.15568300106044}}, {"type": "Feature", "geometry": {"type": "Polygon", "coordinates": [[[-60.15119142464316, -2.9810608517632797], [-60.14220827180196, -2.9810608517632797], [-60.14220827180196, -2.9720898185681466], [-60.15119142464316, -2.9720898185681466], [-60.15119142464316, -2.9810608517632797]]]}, "id": "-6696,-332", "properties": {"cell_id": "c_-60.1467_-2.9766", "lat": -2.976575338261877, "lon": -60.14669984822475}}, {"type": "Feature", "geometry": {"type": "Polygon", "coordinates": [[[-60.14220827180196, -2.9810608517632797], [-60.133225118960766, -2.9810608517632797], [-60.133225118960766, -2.9720898185681466], [-60.14220827180196, -2.9720898185681466], [-60.14220827180196, -2.9810608517632797]]]}, "id": "-6695,-332", "properties": {"cell_id": "c_-60.1377_-2.9766", "lat": -2.976575338252855, "lon": -60.137716695372}}, {"type": "Feature", "geometry": {"type": "Polygon", "coordinates": [[[-60.133225118960766, -2.9810608517632797], [-60.12424196611957, -2.9810608517632797], [-60.12424196611957, -2.9720898185681466], [-60.133225118960766, -2.9720898185681466], [-60.133225118960766, -2.9810608517632797]]]}, "id": "-6694,-332", "properties": {"cell_id": "c_-60.1287_-2.9766", "lat": -2.9765753382521254, "lon": -60.128733542566}}, {"type": "Feature", "geometry": {"type": "Polygon", "coordinates": [[[-60.12424196611957, -2.9810608517632797], [-60.11525881327838, -2.9810608517632797], [-60.11525881327838, -2.9720898185681466], [-60.12424196611957, -2.9720898185681466], [-60.12424196611957, -2.9810608517632797]]]}, "id": "-6693,-332", "properties": {"cell_id": "c_-60.1198_-2.9766", "lat": -2.9765753382495808, "lon": -60.119750389661625}}, {"type": "Feature", "geometry": {"type": "Polygon", "coordinates": [[[-60.11525881327838, -2.9810608517632797], [-60.106275660437184, -2.9810608517632797], [-60.106275660437184, -2.9720898185681466], [-60.11525881327838, -2.9720898185681466], [-60.11525881327838, -2.9810608517632797]]]}, "id": "-6692,-332", "properties": {"cell_id": "c_-60.1108_-2.9766", "lat": -2.976575338245222, "lon": -60.110767236886666}}, {"type": "Feature", "geometry": {"type": "Polygon", "coordinates": [[[-60.106275660437184, -2.9810608517632797], [-60.09729250759599, -2.9810608517632797], [-60.09729250759599, -2.9720898185681466], [-60.106275660437184, -2.9720898185681466], [-60.106275660437184, -2.9810608517632797]]]}, "id": "-6691,-332", "properties": {"cell_id": "c_-60.1018_-2.9766", "lat": -2.976575338251584, "lon": -60.10178408400247}}, {"type": "Feature", "geometry": {"type": "Polygon", "coordinates": [[[-60.09729250759599, -2.9810608517632797], [-60.08830935475479, -2.9810608517632797], [-60.08830935475479, -2.9720898185681466], [-60.09729250759599, -2.9720898185681466], [-60.09729250759599, -2.9810608517632797]]]}, "id": "-6690,-332", "properties": {"cell_id": "c_-60.0928_-2.9766", "lat": -2.9765753382585545, "lon": -60.09280093119633}}, {"type": "Feature", "geometry": {"type": "Polygon", "coordinates": [[[-60.08830935475479, -2.9810608517632797], [-60.079326201913595, -2.9810608517632797], [-60.079326201913595, -2.9720898185681466], [-60.08830935475479, -2.9720898185681466], [-60.08830935475479, -2.9810608517632797]]]}, "id": "-6689,-332", "properties": {"cell_id": "c_-60.0838_-2.9766", "lat": -2.9765753382485522, "lon": -60.083817778350884}}, {"type": "Feature", "geometry": {"type": "Polygon", "coordinates": [[[-60.079326201913595, -2.9810608517632797], [-60.0703430490724, -2.9810608517632797], [-60.0703430490724, -2.9720898185681466], [-60.079326201913595, -2.9720898185681466], [-60.079326201913595, -2.9810608517632797]]]}, "id": "-6688,-332", "properties": {"cell_id": "c_-60.0748_-2.9766", "lat": -2.9765753382642046, "lon": -60.074834625454436}}, {"type": "Feature", "geometry": {"type": "Polygon", "coordinates": [[[-60.0703430490724, -2.9810608517632797], [-60.06135989623121, -2.9810608517632797], [-60.06135989623121, -2.9720898185681466], [-60.0703430490724, -2.9720898185681466], [-60.0703430490724, -2.9810608517632797]]]}, "id": "-6687,-332", "properties": {"cell_id": "c_-60.0659_-2.9766", "lat": -2.9765753382652878, "lon": -60.06585147264863}}, {"type": "Feature", "geometry": {"type": "Polygon", "coordinates": [[[-60.06135989623121, -2.9810608517632797], [-60.05237674339001, -2.9810608517632797], [-60.05237674339001, -2.9720898185681466], [-60.06135989623121, -2.9720898185681466], [-60.06135989623121, -2.9810608517632797]]]}, "id": "-6686,-332", "properties": {"cell_id": "c_-60.0569_-2.9766", "lat": -2.9765753382568607, "lon": -60.05686831986445}}, {"type": "Feature", "geometry": {"type": "Polygon", "coordinates": [[[-60.05237674339001, -2.9810608517632797], [-60.04339359054882, -2.9810608517632797], [-60.04339359054882, -2.9720898185681466], [-60.05237674339001, -2.9720898185681466], [-60.05237674339001, -2.9810608517632797]]]}, "id": "-6685,-332", "properties": {"cell_id": "c_-60.0479_-2.9766", "lat": -2.976575338263968, "lon": -60.04788516694135}}, {"type": "Feature", "geometry": {"type": "Polygon", "coordinates": [[[-60.04339359054882, -2.9810608517632797], [-60.03441043770762, -2.9810608517632797], [-60.03441043770762, -2.9720898185681466], [-60.04339359054882, -2.9720898185681466], [-60.04339359054882, -2.9810608517632797]]]}, "id": "-6684,-332", "properties": {"cell_id": "c_-60.0389_-2.9766", "lat": -2.976575338258899, "lon": -60.03890201411402}}, {"type": "Feature", "geometry": {"type": "Polygon", "coordinates": [[[-60.03441043770762, -2.9810608517632797], [-60.025427284866424, -2.9810608517632797], [-60.025427284866424, -2.9720898185681466], [-60.03441043770762, -2.9720898185681466], [-60.03441043770762, -2.9810608517632797]]]}, "id": "-6683,-332", "properties": {"cell_id": "c_-60.0299_-2.9766", "lat": -2.9765753382467204, "lon": -60.0299188613135}}, {"type": "Feature", "geometry": {"type": "Polygon", "coordinates": [[[-60.025427284866424, -2.9810608517632797], [-60.01644413202522, -2.9810608517632797], [-60.01644413202522, -2.9720898185681466], [-60.025427284866424, -2.9720898185681466], [-60.025427284866424, -2.9810608517632797]]]}, "id": "-6682,-332", "properties": {"cell_id": "c_-60.0209_-2.9766", "lat": -2.976575338252453, "lon": -60.020935708439445}}, {"type": "Feature", "geometry": {"type": "Polygon", "coordinates": [[[-60.01644413202522, -2.9810608517632797], [-60.00746097918404, -2.9810608517632797], [-60.00746097918404, -2.9720898185681466], [-60.01644413202522, -2.9720898185681466], [-60.01644413202522, -2.9810608517632797]]]}, "id": "-6681,-332", "properties": {"cell_id": "c_-60.0120_-2.9766", "lat": -2.976575338260886, "lon": -60.0119525555935}}, {"type": "Feature", "geometry": {"type": "Polygon", "coordinates": [[[-60.00746097918404, -2.9810608517632797], [-59.99847782634284, -2.9810608517632797], [-59.99847782634284, -2.9720898185681466], [-60.00746097918404, -2.9720898185681466], [-60.00746097918404, -2.9810608517632797]]]}, "id": "-6680,-332", "properties": {"cell_id": "c_-60.0030_-2.9766", "lat": -2.9765753382470193, "lon": -60.002969402757195}}, {"type": "Feature", "geometry": {"type": "Polygon", "coordinates": [[[-59.99847782634284, -2.9810608517632797], [-59.989494673501646, -2.9810608517632797], [-59.989494673501646, -2.9720898185681466], [-59.99847782634284, -2.9720898185681466], [-59.99847782634284, -2.9810608517632797]]]}, "id": "-6679,-332", "properties": {"cell_id": "c_-59.9940_-2.9766", "lat": -2.9765753382409206, "lon": -59.993986249930664}}, {"type": "Feature", "geometry": {"type": "Polygon", "coordinates": [[[-59.989494673501646, -2.9810608517632797], [-59.98051152066045, -2.9810608517632797], [-59.98051152066045, -2.9720898185681466], [-59.989494673501646, -2.9720898185681466], [-59.989494673501646, -2.9810608517632797]]]}, "id": "-6678,-332", "properties": {"cell_id": "c_-59.9850_-2.9766", "lat": -2.9765753382625153, "lon": -59.98500309706934}}, {"type": "Feature", "geometry": {"type": "Polygon", "coordinates": [[[-59.98051152066045, -2.9810608517632797], [-59.971528367819246, -2.9810608517632797], [-59.971528367819246, -2.9720898185681466], [-59.98051152066045, -2.9720898185681466], [-59.98051152066045, -2.9810608517632797]]]}, "id": "-6677,-332", "properties": {"cell_id": "c_-59.9760_-2.9766", "lat": -2.9765753382590954, "lon": -59.97601994426309}}, {"type": "Feature", "geometry": {"type": "Polygon", "coordinates": [[[-59.971528367819246, -2.9810608517632797], [-59.96254521497805, -2.9810608517632797], [-59.96254521497805, -2.9720898185681466], [-59.971528367819246, -2.9720898185681466], [-59.971528367819246, -2.9810608517632797]]]}, "id": "-6676,-332", "properties": {"cell_id": "c_-59.9670_-2.9766", "lat": -2.976575338238083, "lon": -59.967036791363434}}, {"type": "Feature", "geometry": {"type": "Polygon", "coordinates": [[[-59.96254521497805, -2.9810608517632797], [-59.95356206213687, -2.9810608517632797], [-59.95356206213687, -2.9720898185681466], [-59.96254521497805, -2.9720898185681466], [-59.96254521497805, -2.9810608517632797]]]}, "id": "-6675,-332", "properties": {"cell_id": "c_-59.9581_-2.9766", "lat": -2.9765753382345976, "lon": -59.95805363856776}}, {"type": "Feature", "geometry": {"type": "Polygon", "coordinates": [[[-59.95356206213687, -2.9810608517632797], [-59.94457890929567, -2.9810608517632797], [-59.94457890929567, -2.9720898185681466], [-59.95356206213687, -2.9720898185681466], [-59.95356206213687, -2.9810608517632797]]]}, "id": "-6674,-332", "properties": {"cell_id": "c_-59.9491_-2.9766", "lat": -2.9765753382588045, "lon": -59.94907048571156}}, {"type": "Feature", "geometry": {"type": "Polygon", "coordinates": [[[-59.94457890929567, -2.9810608517632797], [-59.935595756454475, -2.9810608517632797], [-59.935595756454475, -2.9720898185681466], [-59.94457890929567, -2.9720898185681466], [-59.94457890929567, -2.9810608517632797]]]}, "id": "-6673,-332", "properties": {"cell_id": "c_-59.9401_-2.9766", "lat": -2.9765753382853015, "lon": -59.940087332880836}}, {"type": "Feature", "geometry": {"type": "Polygon", "coordinates": [[[-59.935595756454475, -2.9810608517632797], [-59.92661260361328, -2.9810608517632797], [-59.92661260361328, -2.9720898185681466], [-59.935595756454475, -2.9720898185681466], [-59.935595756454475, -2.9810608517632797]]]}, "id": "-6672,-332", "properties": {"cell_id": "c_-59.9311_-2.9766", "lat": -2.9765753382738973, "lon": -59.93110418005598}}, {"type": "Feature", "geometry": {"type": "Polygon", "coordinates": [[[-59.92661260361328, -2.9810608517632797], [-59.917629450772075, -2.9810608517632797], [-59.917629450772075, -2.9720898185681466], [-59.92661260361328, -2.9720898185681466], [-59.92661260361328, -2.9810608517632797]]]}, "id": "-6671,-332", "properties": {"cell_id": "c_-59.9221_-2.9766", "lat": -2.9765753382495395, "lon": -59.92212102715776}}, {"type": "Feature", "geometry": {"type": "Polygon", "coordinates": [[[-59.917629450772075, -2.9810608517632797], [-59.90864629793088, -2.9810608517632797], [-59.90864629793088, -2.9720898185681466], [-59.917629450772075, -2.9720898185681466], [-59.917629450772075, -2.9810608517632797]]]}, "id": "-6670,-332", "properties": {"cell_id": "c_-59.9131_-2.9766", "lat": -2.976575338239943, "lon": -59.91313787435577}}, {"type": "Feature", "geometry": {"type": "Polygon", "coordinates": [[[-59.90864629793088, -2.9810608517632797], [-59.8996631450897, -2.9810608517632797], [-59.8996631450897, -2.9720898185681466], [-59.90864629793088, -2.9720898185681466], [-59.90864629793088, -2.9810608517632797]]]}, "id": "-6669,-332", "properties": {"cell_id": "c_-59.9042_-2.9766", "lat": -2.976575338255285, "lon": -59.90415472152447}}, {"type": "Feature", "geometry": {"type": "Polygon", "coordinates": [[[-59.8996631450897, -2.9810608517632797], [-59.8906799922485, -2.9810608517632797], [-59.8906799922485, -2.9720898185681466], [-59.8996631450897, -2.9720898185681466], [-59.8996631450897, -2.9810608517632797]]]}, "id": "-6668,-332", "properties": {"cell_id": "c_-59.8952_-2.9766", "lat": -2.9765753382548827, "lon": -59.8951715686911}}, {"type": "Feature", "geometry": {"type": "Polygon", "coordinates": [[[-59.8906799922485, -2.9810608517632797], [-59.881696839407304, -2.9810608517632797], [-59.881696839407304, -2.9720898185681466], [-59.8906799922485, -2.9720898185681466], [-59.8906799922485, -2.9810608517632797]]]}, "id": "-6667,-332", "properties": {"cell_id": "c_-59.8862_-2.9766", "lat": -2.976575338248905, "lon": -59.8861884158004}}, {"type": "Feature", "geometry": {"type": "Polygon", "coordinates": [[[-59.881696839407304, -2.9810608517632797], [-59.8727136865661, -2.9810608517632797], [-59.8727136865661, -2.9720898185681466], [-59.881696839407304, -2.9720898185681466], [-59.881696839407304, -2.9810608517632797]]]}, "id": "-6666,-332", "properties": {"cell_id": "c_-59.8772_-2.9766", "lat": -2.9765753382548983, "lon": -59.877205262976666}}, {"type": "Feature", "geometry": {"type": "Polygon", "coordinates": [[[-59.8727136865661, -2.9810608517632797], [-59.863730533724905, -2.9810608517632797], [-59.863730533724905, -2.9720898185681466], [-59.8727136865661, -2.9720898185681466], [-59.8727136865661, -2.9810608517632797]]]}, "id": "-6665,-332", "properties": {"cell_id": "c_-59.8682_-2.9766", "lat": -2.976575338245139, "lon": -59.868222110187766}}, {"type": "Feature", "geometry": {"type": "Polygon", "coordinates": [[[-59.863730533724905, -2.9810608517632797], [-59.85474738088371, -2.9810608517632797], [-59.85474738088371, -2.9720898185681466], [-59.863730533724905, -2.9720898185681466], [-59.863730533724905, -2.9810608517632797]]]}, "id": "-6664,-332", "properties": {"cell_id": "c_-59.8592_-2.9766", "lat": -2.976575338237178, "lon": -59.859238957276894}}, {"type": "Feature", "geometry": {"type": "Polygon", "coordinates": [[[-59.85474738088371, -2.9810608517632797], [-59.845764228042526, -2.9810608517632797], [-59.845764228042526, -2.9720898185681466], [-59.85474738088371, -2.9720898185681466], [-59.85474738088371, -2.9810608517632797]]]}, "id": "-6663,-332", "properties": {"cell_id": "c_-59.8503_-2.9766", "lat": -2.9765753382661018, "lon": -59.850255804479964}}, {"type": "Feature", "geometry": {"type": "Polygon", "coordinates": [[[-59.845764228042526, -2.9810608517632797], [-59.83678107520133, -2.9810608517632797], [-59.83678107520133, -2.9720898185681466], [-59.845764228042526, -2.9720898185681466], [-59.845764228042526, -2.9810608517632797]]]}, "id": "-6662,-332", "properties": {"cell_id": "c_-59.8413_-2.9766", "lat": -2.976575338276447, "lon": -59.84127265160455}}, {"type": "Feature", "geometry": {"type": "Polygon", "coordinates": [[[-59.83678107520133, -2.9810608517632797], [-59.827797922360126, -2.9810608517632797], [-59.827797922360126, -2.9720898185681466], [-59.83678107520133, -2.9720898185681466], [-59.83678107520133, -2.9810608517632797]]]}, "id": "-6661,-332", "properties": {"cell_id": "c_-59.8323_-2.9766", "lat": -2.976575338258029, "lon": -59.832289498788974}}, {"type": "Feature", "geometry": {"type": "Polygon", "coordinates": [[[-59.827797922360126, -2.9810608517632797], [-59.81881476951893, -2.9810608517632797], [-59.81881476951893, -2.9720898185681466], [-59.827797922360126, -2.9720898185681466], [-59.827797922360126, -2.9810608517632797]]]}, "id": "-6660,-332", "properties": {"cell_id": "c_-59.8233_-2.9766", "lat": -2.9765753382561084, "lon": -59.82330634597121}}, {"type": "Feature", "geometry": {"type": "Polygon", "coordinates": [[[-59.81881476951893, -2.9810608517632797], [-59.809831616677734, -2.9810608517632797], [-59.809831616677734, -2.9720898185681466], [-59.81881476951893, -2.9720898185681466], [-59.81881476951893, -2.9810608517632797]]]}, "id": "-6659,-332", "properties": {"cell_id": "c_-59.8143_-2.9766", "lat": -2.976575338270688, "lon": -59.81432319306523}}, {"type": "Feature", "geometry": {"type": "Polygon", "coordinates": [[[-59.809831616677734, -2.9810608517632797], [-59.80084846383654, -2.9810608517632797], [-59.80084846383654, -2.9720898185681466], [-59.809831616677734, -2.9720898185681466], [-59.809831616677734, -2.9810608517632797]]]}, "id": "-6658,-332", "properties": {"cell_id": "c_-59.8053_-2.9766", "lat": -2.9765753382740403, "lon": -59.805340040246364}}, {"type": "Feature", "geometry": {"type": "Polygon", "coordinates": [[[-59.80084846383654, -2.9810608517632797], [-59.791865310995355, -2.9810608517632797], [-59.791865310995355, -2.9720898185681466], [-59.80084846383654, -2.9720898185681466], [-59.80084846383654, -2.9810608517632797]]]}, "id": "-6657,-332", "properties": {"cell_id": "c_-59.7964_-2.9766", "lat": -2.976575338263295, "lon": -59.796356887431344}}, {"type": "Feature", "geometry": {"type": "Polygon", "coordinates": [[[-59.791865310995355, -2.9810608517632797], [-59.78288215815416, -2.9810608517632797], [-59.78288215815416, -2.9720898185681466], [-59.791865310995355, -2.9720898185681466], [-59.791865310995355, -2.9810608517632797]]]}, "id": "-6656,-332", "properties": {"cell_id": "c_-59.7874_-2.9766", "lat": -2.9765753382559748, "lon": -59.78737373458041}}, {"type": "Feature", "geometry": {"type": "Polygon", "coordinates": [[[-59.78288215815416, -2.9810608517632797], [-59.773899005312956, -2.9810608517632797], [-59.773899005312956, -2.9720898185681466], [-59.78288215815416, -2.9720898185681466], [-59.78288215815416, -2.9810608517632797]]]}, "id": "-6655,-332", "properties": {"cell_id": "c_-59.7784_-2.9766", "lat": -2.976575338254967, "lon": -59.778390581750784}}, {"type": "Feature", "geometry": {"type": "Polygon", "coordinates": [[[-59.773899005312956, -2.9810608517632797], [-59.76491585247176, -2.9810608517632797], [-59.76491585247176, -2.9720898185681466], [-59.773899005312956, -2.9720898185681466], [-59.773899005312956, -2.9810608517632797]]]}, "id": "-6654,-332", "properties": {"cell_id": "c_-59.7694_-2.9766", "lat": -2.9765753382573923, "lon": -59.769407428864916}}, {"type": "Feature", "geometry": {"type": "Polygon", "coordinates": [[[-59.76491585247176, -2.9810608517632797], [-59.75593269963056, -2.9810608517632797], [-59.75593269963056, -2.9720898185681466], [-59.76491585247176, -2.9720898185681466], [-59.76491585247176, -2.9810608517632797]]]}, "id": "-6653,-332", "properties": {"cell_id": "c_-59.7604_-2.9766", "lat": -2.9765753382603477, "lon": -59.760424276079135}}, {"type": "Feature", "geometry": {"type": "Polygon", "coordinates": [[[-59.75593269963056, -2.9810608517632797], [-59.74694954678938, -2.9810608517632797], [-59.74694954678938, -2.9720898185681466], [-59.75593269963056, -2.9720898185681466], [-59.75593269963056, -2.9810608517632797]]]}, "id": "-6652,-332", "properties": {"cell_id": "c_-59.7514_-2.9766", "lat": -2.9765753382565188, "lon": -59.75144112317713}}, {"type": "Feature", "geometry": {"type": "Polygon", "coordinates": [[[-60.20509034169033, -2.9720898185681466], [-60.19610718884913, -2.9720898185681466], [-60.19610718884913, -2.963118712444905], [-60.20509034169033, -2.963118712444905], [-60.20509034169033, -2.9720898185681466]]]}, "id": "-6702,-331", "properties": {"cell_id": "c_-60.2006_-2.9676", "lat": -2.967604268508599, "lon": -60.20059876529753}}, {"type": "Feature", "geometry": {"type": "Polygon", "coordinates": [[[-60.19610718884913, -2.9720898185681466], [-60.18712403600794, -2.9720898185681466], [-60.18712403600794, -2.963118712444905], [-60.19610718884913, -2.963118712444905], [-60.19610718884913, -2.9720898185681466]]]}, "id": "-6701,-331", "properties": {"cell_id": "c_-60.1916_-2.9676", "lat": -2.9676042685283304, "lon": -60.191615612413905}}, {"type": "Feature", "geometry": {"type": "Polygon", "coordinates": [[[-60.18712403600794, -2.9720898185681466], [-60.17814088316674, -2.9720898185681466], [-60.17814088316674, -2.963118712444905], [-60.18712403600794, -2.963118712444905], [-60.18712403600794, -2.9720898185681466]]]}, "id": "-6700,-331", "properties": {"cell_id": "c_-60.1826_-2.9676", "lat": -2.967604268523328, "lon": -60.18263245957163}}, {"type": "Feature", "geometry": {"type": "Polygon", "coordinates": [[[-60.17814088316674, -2.9720898185681466], [-60.16915773032555, -2.9720898185681466], [-60.16915773032555, -2.963118712444905], [-60.17814088316674, -2.963118712444905], [-60.17814088316674, -2.9720898185681466]]]}, "id": "-6699,-331", "properties": {"cell_id": "c_-60.1736_-2.9676", "lat": -2.967604268518714, "lon": -60.17364930676649}}, {"type": "Feature", "geometry": {"type": "Polygon", "coordinates": [[[-60.16915773032555, -2.9720898185681466], [-60.160174577484355, -2.9720898185681466], [-60.160174577484355, -2.963118712444905], [-60.16915773032555, -2.963118712444905], [-60.16915773032555, -2.9720898185681466]]]}, "id": "-6698,-331", "properties": {"cell_id": "c_-60.1647_-2.9676", "lat": -2.9676042685320767, "lon": -60.16466615388647}}, {"type": "Feature", "geometry": {"type": "Polygon", "coordinates": [[[-60.160174577484355, -2.9720898185681466], [-60.15119142464316, -2.9720898185681466], [-60.15119142464316, -2.963118712444905], [-60.160174577484355, -2.963118712444905], [-60.160174577484355, -2.9720898185681466]]]}, "id": "-6697,-331", "properties": {"cell_id": "c_-60.1557_-2.9676", "lat": -2.9676042685282225, "lon": -60.155683001062954}}, {"type": "Feature", "geometry": {"type": "Polygon", "coordinates": [[[-60.15119142464316, -2.9720898185681466], [-60.14220827180196, -2.9720898185681466], [-60.14220827180196, -2.963118712444905], [-60.15119142464316, -2.963118712444905], [-60.15119142464316, -2.9720898185681466]]]}, "id": "-6696,-331", "properties": {"cell_id": "c_-60.1467_-2.9676", "lat": -2.9676042685197106, "lon": -60.14669984820893}}, {"type": "Feature", "geometry": {"type": "Polygon", "coordinates": [[[-60.14220827180196, -2.9720898185681466], [-60.133225118960766, -2.9720898185681466], [-60.133225118960766, -2.963118712444905], [-60.14220827180196, -2.963118712444905], [-60.14220827180196, -2.9720898185681466]]]}, "id": "-6695,-331", "properties": {"cell_id": "c_-60.1377_-2.9676", "lat": -2.967604268531628, "lon": -60.137716695390715}}, {"type": "Feature", "geometry": {"type": "Polygon", "coordinates": [[[-60.133225118960766, -2.9720898185681466], [-60.12424196611957, -2.9720898185681466], [-60.12424196611957, -2.963118712444905], [-60.133225118960766, -2.963118712444905], [-60.133225118960766, -2.9720898185681466]]]}, "id": "-6694,-331", "properties": {"cell_id": "c_-60.1287_-2.9676", "lat": -2.9676042685237367, "lon": -60.12873354253866}}, {"type": "Feature", "geometry": {"type": "Polygon", "coordinates": [[[-60.12424196611957, -2.9720898185681466], [-60.11525881327838, -2.9720898185681466], [-60.11525881327838, -2.963118712444905], [-60.12424196611957, -2.963118712444905], [-60.12424196611957, -2.9720898185681466]]]}, "id": "-6693,-331", "properties": {"cell_id": "c_-60.1198_-2.9676", "lat": -2.9676042685261717, "lon": -60.11975038968885}}, {"type": "Feature", "geometry": {"type": "Polygon", "coordinates": [[[-60.11525881327838, -2.9720898185681466], [-60.106275660437184, -2.9720898185681466], [-60.106275660437184, -2.963118712444905], [-60.11525881327838, -2.963118712444905], [-60.11525881327838, -2.9720898185681466]]]}, "id": "-6692,-331", "properties": {"cell_id": "c_-60.1108_-2.9676", "lat": -2.9676042685338775, "lon": -60.110767236862785}}, {"type": "Feature", "geometry": {"type": "Polygon", "coordinates": [[[-60.106275660437184, -2.9720898185681466], [-60.09729250759599, -2.9720898185681466], [-60.09729250759599, -2.963118712444905], [-60.106275660437184, -2.963118712444905], [-60.106275660437184, -2.9720898185681466]]]}, "id": "-6691,-331", "properties": {"cell_id": "c_-60.1018_-2.9676", "lat": -2.9676042685116775, "lon": -60.10178408401047}}, {"type": "Feature", "geometry": {"type": "Polygon", "coordinates": [[[-60.09729250759599, -2.9720898185681466], [-60.08830935475479, -2.9720898185681466], [-60.08830935475479, -2.963118712444905], [-60.09729250759599, -2.963118712444905], [-60.09729250759599, -2.9720898185681466]]]}, "id": "-6690,-331", "properties": {"cell_id": "c_-60.0928_-2.9676", "lat": -2.9676042685072783, "lon": -60.09280093119089}}, {"type": "Feature", "geometry": {"type": "Polygon", "coordinates": [[[-60.08830935475479, -2.9720898185681466], [-60.079326201913595, -2.9720898185681466], [-60.079326201913595, -2.963118712444905], [-60.08830935475479, -2.963118712444905], [-60.08830935475479, -2.9720898185681466]]]}, "id": "-6689,-331", "properties": {"cell_id": "c_-60.0838_-2.9676", "lat": -2.967604268510571, "lon": -60.0838177783496}}, {"type": "Feature", "geometry": {"type": "Polygon", "coordinates": [[[-60.079326201913595, -2.9720898185681466], [-60.0703430490724, -2.9720898185681466], [-60.0703430490724, -2.963118712444905], [-60.079326201913595, -2.963118712444905], [-60.079326201913595, -2.9720898185681466]]]}, "id": "-6688,-331", "properties": {"cell_id": "c_-60.0748_-2.9676", "lat": -2.9676042685039694, "lon": -60.074834625464774}}, {"type": "Feature", "geometry": {"type": "Polygon", "coordinates": [[[-60.0703430490724, -2.9720898185681466], [-60.06135989623121, -2.9720898185681466], [-60.06135989623121, -2.963118712444905], [-60.0703430490724, -2.963118712444905], [-60.0703430490724, -2.9720898185681466]]]}, "id": "-6687,-331", "properties": {"cell_id": "c_-60.0659_-2.9676", "lat": -2.9676042685175763, "lon": -60.065851472652994}}, {"type": "Feature", "geometry": {"type": "Polygon", "coordinates": [[[-60.06135989623121, -2.9720898185681466], [-60.05237674339001, -2.9720898185681466], [-60.05237674339001, -2.963118712444905], [-60.06135989623121, -2.963118712444905], [-60.06135989623121, -2.9720898185681466]]]}, "id": "-6686,-331", "properties": {"cell_id": "c_-60.0569_-2.9676", "lat": -2.9676042685236927, "lon": -60.05686831985777}}, {"type": "Feature", "geometry": {"type": "Polygon", "coordinates": [[[-60.05237674339001, -2.9720898185681466], [-60.04339359054882, -2.9720898185681466], [-60.04339359054882, -2.963118712444905], [-60.05237674339001, -2.963118712444905], [-60.05237674339001, -2.9720898185681466]]]}, "id": "-6685,-331", "properties": {"cell_id": "c_-60.0479_-2.9676", "lat": -2.967604268517256, "lon": -60.04788516694869}}, {"type": "Feature", "geometry": {"type": "Polygon", "coordinates": [[[-60.04339359054882, -2.9720898185681466], [-60.03441043770762, -2.9720898185681466], [-60.03441043770762, -2.963118712444905], [-60.04339359054882, -2.963118712444905], [-60.04339359054882, -2.9720898185681466]]]}, "id": "-6684,-331", "properties": {"cell_id": "c_-60.0389_-2.9676", "lat": -2.9676042685158404, "lon": -60.03890201410018}}, {"type": "Feature", "geometry": {"type": "Polygon", "coordinates": [[[-60.03441043770762, -2.9720898185681466], [-60.025427284866424, -2.9720898185681466], [-60.025427284866424, -2.963118712444905], [-60.03441043770762, -2.963118712444905], [-60.03441043770762, -2.9720898185681466]]]}, "id": "-6683,-331", "properties": {"cell_id": "c_-60.0299_-2.9676", "lat": -2.9676042685143833, "lon": -60.02991886131369}}, {"type": "Feature", "geometry": {"type": "Polygon", "coordinates": [[[-60.025427284866424, -2.9720898185681466], [-60.01644413202522, -2.9720898185681466], [-60.01644413202522, -2.963118712444905], [-60.025427284866424, -2.963118712444905], [-60.025427284866424, -2.9720898185681466]]]}, "id": "-6682,-331", "properties": {"cell_id": "c_-60.0209_-2.9676", "lat": -2.9676042685203257, "lon": -60.02093570845095}}, {"type": "Feature", "geometry": {"type": "Polygon", "coordinates": [[[-60.01644413202522, -2.9720898185681466], [-60.00746097918404, -2.9720898185681466], [-60.00746097918404, -2.963118712444905], [-60.01644413202522, -2.963118712444905], [-60.01644413202522, -2.9720898185681466]]]}, "id": "-6681,-331", "properties": {"cell_id": "c_-60.0120_-2.9676", "lat": -2.967604268516094, "lon": -60.011952555586205}}, {"type": "Feature", "geometry": {"type": "Polygon", "coordinates": [[[-60.00746097918404, -2.9720898185681466], [-59.99847782634284, -2.9720898185681466], [-59.99847782634284, -2.963118712444905], [-60.00746097918404, -2.963118712444905], [-60.00746097918404, -2.9720898185681466]]]}, "id": "-6680,-331", "properties": {"cell_id": "c_-60.0030_-2.9676", "lat": -2.9676042685141937, "lon": -60.00296940274871}}, {"type": "Feature", "geometry": {"type": "Polygon", "coordinates": [[[-59.99847782634284, -2.9720898185681466], [-59.989494673501646, -2.9720898185681466], [-59.989494673501646, -2.963118712444905], [-59.99847782634284, -2.963118712444905], [-59.99847782634284, -2.9720898185681466]]]}, "id": "-6679,-331", "properties": {"cell_id": "c_-59.9940_-2.9676", "lat": -2.96760426852205, "lon": -59.99398624994092}}, {"type": "Feature", "geometry": {"type": "Polygon", "coordinates": [[[-59.989494673501646, -2.9720898185681466], [-59.98051152066045, -2.9720898185681466], [-59.98051152066045, -2.963118712444905], [-59.989494673501646, -2.963118712444905], [-59.989494673501646, -2.9720898185681466]]]}, "id": "-6678,-331", "properties": {"cell_id": "c_-59.9850_-2.9676", "lat": -2.967604268509603, "lon": -59.98500309706824}}, {"type": "Feature", "geometry": {"type": "Polygon", "coordinates": [[[-59.98051152066045, -2.9720898185681466], [-59.971528367819246, -2.9720898185681466], [-59.971528367819246, -2.963118712444905], [-59.98051152066045, -2.963118712444905], [-59.98051152066045, -2.9720898185681466]]]}, "id": "-6677,-331", "properties": {"cell_id": "c_-59.9760_-2.9676", "lat": -2.967604268514333, "lon": -59.976019944265495}}, {"type": "Feature", "geometry": {"type": "Polygon", "coordinates": [[[-59.971528367819246, -2.9720898185681466], [-59.96254521497805, -2.9720898185681466], [-59.96254521497805, -2.963118712444905], [-59.971528367819246, -2.963118712444905], [-59.971528367819246, -2.9720898185681466]]]}, "id": "-6676,-331", "properties": {"cell_id": "c_-59.9670_-2.9676", "lat": -2.967604268531155, "lon": -59.96703679135685}}, {"type": "Feature", "geometry": {"type": "Polygon", "coordinates": [[[-59.96254521497805, -2.9720898185681466], [-59.95356206213687, -2.9720898185681466], [-59.95356206213687, -2.963118712444905], [-59.96254521497805, -2.963118712444905], [-59.96254521497805, -2.9720898185681466]]]}, "id": "-6675,-331", "properties": {"cell_id": "c_-59.9581_-2.9676", "lat": -2.967604268524946, "lon": -59.95805363856466}}, {"type": "Feature", "geometry": {"type": "Polygon", "coordinates": [[[-59.95356206213687, -2.9720898185681466], [-59.94457890929567, -2.9720898185681466], [-59.94457890929567, -2.963118712444905], [-59.95356206213687, -2.963118712444905], [-59.95356206213687, -2.9720898185681466]]]}, "id": "-6674,-331", "properties": {"cell_id": "c_-59.9491_-2.9676", "lat": -2.9676042685257555, "lon": -59.9490704857397}}, {"type": "Feature", "geometry": {"type": "Polygon", "coordinates": [[[-59.94457890929567, -2.9720898185681466], [-59.935595756454475, -2.9720898185681466], [-59.935595756454475, -2.963118712444905], [-59.94457890929567, -2.963118712444905], [-59.94457890929567, -2.9720898185681466]]]}, "id": "-6673,-331", "properties": {"cell_id": "c_-59.9401_-2.9676", "lat": -2.967604268516023, "lon": -59.940087332869474}}, {"type": "Feature", "geometry": {"type": "Polygon", "coordinates": [[[-59.935595756454475, -2.9720898185681466], [-59.92661260361328, -2.9720898185681466], [-59.92661260361328, -2.963118712444905], [-59.935595756454475, -2.963118712444905], [-59.935595756454475, -2.9720898185681466]]]}, "id": "-6672,-331", "properties": {"cell_id": "c_-59.9311_-2.9676", "lat": -2.9676042685207102, "lon": -59.931104180060615}}, {"type": "Feature", "geometry": {"type": "Polygon", "coordinates": [[[-59.92661260361328, -2.9720898185681466], [-59.917629450772075, -2.9720898185681466], [-59.917629450772075, -2.963118712444905], [-59.92661260361328, -2.963118712444905], [-59.92661260361328, -2.9720898185681466]]]}, "id": "-6671,-331", "properties": {"cell_id": "c_-59.9221_-2.9676", "lat": -2.967604268539817, "lon": -59.922121027147845}}, {"type": "Feature", "geometry": {"type": "Polygon", "coordinates": [[[-59.917629450772075, -2.9720898185681466], [-59.90864629793088, -2.9720898185681466], [-59.90864629793088, -2.963118712444905], [-59.917629450772075, -2.963118712444905], [-59.917629450772075, -2.9720898185681466]]]}, "id": "-6670,-331", "properties": {"cell_id": "c_-59.9131_-2.9676", "lat": -2.967604268535455, "lon": -59.91313787435168}}, {"type": "Feature", "geometry": {"type": "Polygon", "coordinates": [[[-59.90864629793088, -2.9720898185681466], [-59.8996631450897, -2.9720898185681466], [-59.8996631450897, -2.963118712444905], [-59.90864629793088, -2.963118712444905], [-59.90864629793088, -2.9720898185681466]]]}, "id": "-6669,-331", "properties": {"cell_id": "c_-59.9042_-2.9676", "lat": -2.967604268525176, "lon": -59.904154721533615}}, {"type": "Feature", "geometry": {"type": "Polygon", "coordinates": [[[-59.8996631450897, -2.9720898185681466], [-59.8906799922485, -2.9720898185681466], [-59.8906799922485, -2.963118712444905], [-59.8996631450897, -2.963118712444905], [-59.8996631450897, -2.9720898185681466]]]}, "id": "-6668,-331", "properties": {"cell_id": "c_-59.8952_-2.9676", "lat": -2.9676042685191524, "lon": -59.89517156867552}}, {"type": "Feature", "geometry": {"type": "Polygon", "coordinates": [[[-59.8906799922485, -2.9720898185681466], [-59.881696839407304, -2.9720898185681466], [-59.881696839407304, -2.963118712444905], [-59.8906799922485, -2.963118712444905], [-59.8906799922485, -2.9720898185681466]]]}, "id": "-6667,-331", "properties": {"cell_id": "c_-59.8862_-2.9676", "lat": -2.967604268514585, "lon": -59.88618841580542}}, {"type": "Feature", "geometry": {"type": "Polygon", "coordinates": [[[-59.881696839407304, -2.9720898185681466], [-59.8727136865661, -2.9720898185681466], [-59.8727136865661, -2.963118712444905], [-59.881696839407304, -2.963118712444905], [-59.881696839407304, -2.9720898185681466]]]}, "id": "-6666,-331", "properties": {"cell_id": "c_-59.8772_-2.9676", "lat": -2.967604268529023, "lon": -59.877205262992106}}, {"type": "Feature", "geometry": {"type": "Polygon", "coordinates": [[[-59.8727136865661, -2.9720898185681466], [-59.863730533724905, -2.9720898185681466], [-59.863730533724905, -2.963118712444905], [-59.8727136865661, -2.963118712444905], [-59.8727136865661, -2.9720898185681466]]]}, "id": "-6665,-331", "properties": {"cell_id": "c_-59.8682_-2.9676", "lat": -2.967604268527374, "lon": -59.868222110160914}}, {"type": "Feature", "geometry": {"type": "Polygon", "coordinates": [[[-59.863730533724905, -2.9720898185681466], [-59.85474738088371, -2.9720898185681466], [-59.85474738088371, -2.963118712444905], [-59.863730533724905, -2.963118712444905], [-59.863730533724905, -2.9720898185681466]]]}, "id": "-6664,-331", "properties": {"cell_id": "c_-59.8592_-2.9676", "lat": -2.967604268517, "lon": -59.859238957285406}}, {"type": "Feature", "geometry": {"type": "Polygon", "coordinates": [[[-59.85474738088371, -2.9720898185681466], [-59.845764228042526, -2.9720898185681466], [-59.845764228042526, -2.963118712444905], [-59.85474738088371, -2.963118712444905], [-59.85474738088371, -2.9720898185681466]]]}, "id": "-6663,-331", "properties": {"cell_id": "c_-59.8503_-2.9676", "lat": -2.9676042685052644, "lon": -59.85025580448868}}, {"type": "Feature", "geometry": {"type": "Polygon", "coordinates": [[[-59.845764228042526, -2.9720898185681466], [-59.83678107520133, -2.9720898185681466], [-59.83678107520133, -2.963118712444905], [-59.845764228042526, -2.963118712444905], [-59.845764228042526, -2.9720898185681466]]]}, "id": "-6662,-331", "properties": {"cell_id": "c_-59.8413_-2.9676", "lat": -2.967604268509702, "lon": -59.84127265161063}}, {"type": "Feature", "geometry": {"type": "Polygon", "coordinates": [[[-59.83678107520133, -2.9720898185681466], [-59.827797922360126, -2.9720898185681466], [-59.827797922360126, -2.963118712444905], [-59.83678107520133, -2.963118712444905], [-59.83678107520133, -2.9720898185681466]]]}, "id": "-6661,-331", "properties": {"cell_id": "c_-59.8323_-2.9676", "lat": -2.9676042685303106, "lon": -59.83228949878508}}, {"type": "Feature", "geometry": {"type": "Polygon", "coordinates": [[[-59.827797922360126, -2.9720898185681466], [-59.81881476951893, -2.9720898185681466], [-59.81881476951893, -2.963118712444905], [-59.827797922360126, -2.963118712444905], [-59.827797922360126, -2.9720898185681466]]]}, "id": "-6660,-331", "properties": {"cell_id": "c_-59.8233_-2.9676", "lat": -2.9676042685218205, "lon": -59.82330634596468}}, {"type": "Feature", "geometry": {"type": "Polygon", "coordinates": [[[-59.81881476951893, -2.9720898185681466], [-59.809831616677734, -2.9720898185681466], [-59.809831616677734, -2.963118712444905], [-59.81881476951893, -2.963118712444905], [-59.81881476951893, -2.9720898185681466]]]}, "id": "-6659,-331", "properties": {"cell_id": "c_-59.8143_-2.9676", "lat": -2.967604268519314, "lon": -59.814323193083844}}, {"type": "Feature", "geometry": {"type": "Polygon", "coordinates": [[[-59.809831616677734, -2.9720898185681466], [-59.80084846383654, -2.9720898185681466], [-59.80084846383654, -2.963118712444905], [-59.809831616677734, -2.963118712444905], [-59.809831616677734, -2.9720898185681466]]]}, "id": "-6658,-331", "properties": {"cell_id": "c_-59.8053_-2.9676", "lat": -2.967604268512592, "lon": -59.805340040224365}}, {"type": "Feature", "geometry": {"type": "Polygon", "coordinates": [[[-59.80084846383654, -2.9720898185681466], [-59.791865310995355, -2.9720898185681466], [-59.791865310995355, -2.963118712444905], [-59.80084846383654, -2.963118712444905], [-59.80084846383654, -2.9720898185681466]]]}, "id": "-6657,-331", "properties": {"cell_id": "c_-59.7964_-2.9676", "lat": -2.967604268501658, "lon": -59.79635688743163}}, {"type": "Feature", "geometry": {"type": "Polygon", "coordinates": [[[-59.791865310995355, -2.9720898185681466], [-59.78288215815416, -2.9720898185681466], [-59.78288215815416, -2.963118712444905], [-59.791865310995355, -2.963118712444905], [-59.791865310995355, -2.9720898185681466]]]}, "id": "-6656,-331", "properties": {"cell_id": "c_-59.7874_-2.9676", "lat": -2.9676042685113693, "lon": -59.78737373458253}}, {"type": "Feature", "geometry": {"type": "Polygon", "coordinates": [[[-59.78288215815416, -2.9720898185681466], [-59.773899005312956, -2.9720898185681466], [-59.773899005312956, -2.963118712444905], [-59.78288215815416, -2.963118712444905], [-59.78288215815416, -2.9720898185681466]]]}, "id": "-6655,-331", "properties": {"cell_id": "c_-59.7784_-2.9676", "lat": -2.967604268513986, "lon": -59.77839058175029}}, {"type": "Feature", "geometry": {"type": "Polygon", "coordinates": [[[-59.773899005312956, -2.9720898185681466], [-59.76491585247176, -2.9720898185681466], [-59.76491585247176, -2.963118712444905], [-59.773899005312956, -2.963118712444905], [-59.773899005312956, -2.9720898185681466]]]}, "id": "-6654,-331", "properties": {"cell_id": "c_-59.7694_-2.9676", "lat": -2.967604268519715, "lon": -59.76940742887357}}, {"type": "Feature", "geometry": {"type": "Polygon", "coordinates": [[[-59.76491585247176, -2.9720898185681466], [-59.75593269963056, -2.9720898185681466], [-59.75593269963056, -2.963118712444905], [-59.76491585247176, -2.963118712444905], [-59.76491585247176, -2.9720898185681466]]]}, "id": "-6653,-331", "properties": {"cell_id": "c_-59.7604_-2.9676", "lat": -2.967604268508136, "lon": -59.76042427606185}}, {"type": "Feature", "geometry": {"type": "Polygon", "coordinates": [[[-59.75593269963056, -2.9720898185681466], [-59.74694954678938, -2.9720898185681466], [-59.74694954678938, -2.963118712444905], [-59.75593269963056, -2.963118712444905], [-59.75593269963056, -2.9720898185681466]]]}, "id": "-6652,-331", "properties": {"cell_id": "c_-59.7514_-2.9676", "lat": -2.9676042684967725, "lon": -59.751441123179205}}, {"type": "Feature", "geometry": {"type": "Polygon", "coordinates": [[[-60.20509034169033, -2.963118712444905], [-60.19610718884913, -2.963118712444905], [-60.19610718884913, -2.954147533612924], [-60.20509034169033, -2.954147533612924], [-60.20509034169033, -2.963118712444905]]]}, "id": "-6702,-330", "properties": {"cell_id": "c_-60.2006_-2.9586", "lat": -2.9586331260502097, "lon": -60.20059876529305}}, {"type": "Feature", "geometry": {"type": "Polygon", "coordinates": [[[-60.19610718884913, -2.963118712444905], [-60.18712403600794, -2.963118712444905], [-60.18712403600794, -2.954147533612924], [-60.19610718884913, -2.954147533612924], [-60.19610718884913, -2.963118712444905]]]}, "id": "-6701,-330", "properties": {"cell_id": "c_-60.1916_-2.9586", "lat": -2.958633126045618, "lon": -60.191615612433544}}, {"type": "Feature", "geometry": {"type": "Polygon", "coordinates": [[[-60.18712403600794, -2.963118712444905], [-60.17814088316674, -2.963118712444905], [-60.17814088316674, -2.954147533612924], [-60.18712403600794, -2.954147533612924], [-60.18712403600794, -2.963118712444905]]]}, "id": "-6700,-330", "properties": {"cell_id": "c_-60.1826_-2.9586", "lat": -2.9586331260636314, "lon": -60.182632459565006}}, {"type": "Feature", "geometry": {"type": "Polygon", "coordinates": [[[-60.17814088316674, -2.963118712444905], [-60.16915773032555, -2.963118712444905], [-60.16915773032555, -2.954147533612924], [-60.17814088316674, -2.954147533612924], [-60.17814088316674, -2.963118712444905]]]}, "id": "-6699,-330", "properties": {"cell_id": "c_-60.1736_-2.9586", "lat": -2.9586331260514496, "lon": -60.17364930675629}}, {"type": "Feature", "geometry": {"type": "Polygon", "coordinates": [[[-60.16915773032555, -2.963118712444905], [-60.160174577484355, -2.963118712444905], [-60.160174577484355, -2.954147533612924], [-60.16915773032555, -2.954147533612924], [-60.16915773032555, -2.963118712444905]]]}, "id": "-6698,-330", "properties": {"cell_id": "c_-60.1647_-2.9586", "lat": -2.9586331260341896, "lon": -60.16466615389277}}, {"type": "Feature", "geometry": {"type": "Polygon", "coordinates": [[[-60.160174577484355, -2.963118712444905], [-60.15119142464316, -2.963118712444905], [-60.15119142464316, -2.954147533612924], [-60.160174577484355, -2.954147533612924], [-60.160174577484355, -2.963118712444905]]]}, "id": "-6697,-330", "properties": {"cell_id": "c_-60.1557_-2.9586", "lat": -2.9586331260369554, "lon": -60.15568300105555}}, {"type": "Feature", "geometry": {"type": "Polygon", "coordinates": [[[-60.15119142464316, -2.963118712444905], [-60.14220827180196, -2.963118712444905], [-60.14220827180196, -2.954147533612924], [-60.15119142464316, -2.954147533612924], [-60.15119142464316, -2.963118712444905]]]}, "id": "-6696,-330", "properties": {"cell_id": "c_-60.1467_-2.9586", "lat": -2.9586331260647807, "lon": -60.14669984823566}}, {"type": "Feature", "geometry": {"type": "Polygon", "coordinates": [[[-60.14220827180196, -2.963118712444905], [-60.133225118960766, -2.963118712444905], [-60.133225118960766, -2.954147533612924], [-60.14220827180196, -2.954147533612924], [-60.14220827180196, -2.963118712444905]]]}, "id": "-6695,-330", "properties": {"cell_id": "c_-60.1377_-2.9586", "lat": -2.9586331260723857, "lon": -60.137716695383524}}, {"type": "Feature", "geometry": {"type": "Polygon", "coordinates": [[[-60.133225118960766, -2.963118712444905], [-60.12424196611957, -2.963118712444905], [-60.12424196611957, -2.954147533612924], [-60.133225118960766, -2.954147533612924], [-60.133225118960766, -2.963118712444905]]]}, "id": "-6694,-330", "properties": {"cell_id": "c_-60.1287_-2.9586", "lat": -2.958633126067266, "lon": -60.128733542532814}}, {"type": "Feature", "geometry": {"type": "Polygon", "coordinates": [[[-60.12424196611957, -2.963118712444905], [-60.11525881327838, -2.963118712444905], [-60.11525881327838, -2.954147533612924], [-60.12424196611957, -2.954147533612924], [-60.12424196611957, -2.963118712444905]]]}, "id": "-6693,-330", "properties": {"cell_id": "c_-60.1198_-2.9586", "lat": -2.9586331260544703, "lon": -60.119750389684334}}, {"type": "Feature", "geometry": {"type": "Polygon", "coordinates": [[[-60.11525881327838, -2.963118712444905], [-60.106275660437184, -2.963118712444905], [-60.106275660437184, -2.954147533612924], [-60.11525881327838, -2.954147533612924], [-60.11525881327838, -2.963118712444905]]]}, "id": "-6692,-330", "properties": {"cell_id": "c_-60.1108_-2.9586", "lat": -2.958633126046547, "lon": -60.11076723686708}}, {"type": "Feature", "geometry": {"type": "Polygon", "coordinates": [[[-60.106275660437184, -2.963118712444905], [-60.09729250759599, -2.963118712444905], [-60.09729250759599, -2.954147533612924], [-60.106275660437184, -2.954147533612924], [-60.106275660437184, -2.963118712444905]]]}, "id": "-6691,-330", "properties": {"cell_id": "c_-60.1018_-2.9586", "lat": -2.9586331260634986, "lon": -60.101784084000926}}, {"type": "Feature", "geometry": {"type": "Polygon", "coordinates": [[[-60.09729250759599, -2.963118712444905], [-60.08830935475479, -2.963118712444905], [-60.08830935475479, -2.954147533612924], [-60.09729250759599, -2.954147533612924], [-60.09729250759599, -2.963118712444905]]]}, "id": "-6690,-330", "properties": {"cell_id": "c_-60.0928_-2.9586", "lat": -2.9586331260576277, "lon": -60.09280093119016}}, {"type": "Feature", "geometry": {"type": "Polygon", "coordinates": [[[-60.08830935475479, -2.963118712444905], [-60.079326201913595, -2.963118712444905], [-60.079326201913595, -2.954147533612924], [-60.08830935475479, -2.954147533612924], [-60.08830935475479, -2.963118712444905]]]}, "id": "-6689,-330", "properties": {"cell_id": "c_-60.0838_-2.9586", "lat": -2.958633126053988, "lon": -60.08381777834998}}, {"type": "Feature", "geometry": {"type": "Polygon", "coordinates": [[[-60.079326201913595, -2.963118712444905], [-60.0703430490724, -2.963118712444905], [-60.0703430490724, -2.954147533612924], [-60.079326201913595, -2.954147533612924], [-60.079326201913595, -2.963118712444905]]]}, "id": "-6688,-330", "properties": {"cell_id": "c_-60.0748_-2.9586", "lat": -2.9586331260651066, "lon": -60.07483462546891}}, {"type": "Feature", "geometry": {"type": "Polygon", "coordinates": [[[-60.0703430490724, -2.963118712444905], [-60.06135989623121, -2.963118712444905], [-60.06135989623121, -2.954147533612924], [-60.0703430490724, -2.954147533612924], [-60.0703430490724, -2.963118712444905]]]}, "id": "-6687,-330", "properties": {"cell_id": "c_-60.0659_-2.9586", "lat": -2.9586331260558176, "lon": -60.065851472653186}}, {"type": "Feature", "geometry": {"type": "Polygon", "coordinates": [[[-60.06135989623121, -2.963118712444905], [-60.05237674339001, -2.963118712444905], [-60.05237674339001, -2.954147533612924], [-60.06135989623121, -2.954147533612924], [-60.06135989623121, -2.963118712444905]]]}, "id": "-6686,-330", "properties": {"cell_id": "c_-60.0569_-2.9586", "lat": -2.9586331260461027, "lon": -60.05686831985398}}, {"type": "Feature", "geometry": {"type": "Polygon", "coordinates": [[[-60.05237674339001, -2.963118712444905], [-60.04339359054882, -2.963118712444905], [-60.04339359054882, -2.954147533612924], [-60.05237674339001, -2.954147533612924], [-60.05237674339001, -2.963118712444905]]]}, "id": "-6685,-330", "properties": {"cell_id": "c_-60.0479_-2.9586", "lat": -2.958633126058596, "lon": -60.04788516695854}}, {"type": "Feature", "geometry": {"type": "Polygon", "coordinates": [[[-60.04339359054882, -2.963118712444905], [-60.03441043770762, -2.963118712444905], [-60.03441043770762, -2.954147533612924], [-60.04339359054882, -2.954147533612924], [-60.04339359054882, -2.963118712444905]]]}, "id": "-6684,-330", "properties": {"cell_id": "c_-60.0389_-2.9586", "lat": -2.9586331260530847, "lon": -60.03890201408341}}, {"type": "Feature", "geometry": {"type": "Polygon", "coordinates": [[[-60.03441043770762, -2.963118712444905], [-60.025427284866424, -2.963118712444905], [-60.025427284866424, -2.954147533612924], [-60.03441043770762, -2.954147533612924], [-60.03441043770762, -2.963118712444905]]]}, "id": "-6683,-330", "properties": {"cell_id": "c_-60.0299_-2.9586", "lat": -2.9586331260545906, "lon": -60.029918861330515}}, {"type": "Feature", "geometry": {"type": "Polygon", "coordinates": [[[-60.025427284866424, -2.963118712444905], [-60.01644413202522, -2.963118712444905], [-60.01644413202522, -2.954147533612924], [-60.025427284866424, -2.954147533612924], [-60.025427284866424, -2.963118712444905]]]}, "id": "-6682,-330", "properties": {"cell_id": "c_-60.0209_-2.9586", "lat": -2.9586331260580465, "lon": -60.02093570844353}}, {"type": "Feature", "geometry": {"type": "Polygon", "coordinates": [[[-60.01644413202522, -2.963118712444905], [-60.00746097918404, -2.963118712444905], [-60.00746097918404, -2.954147533612924], [-60.01644413202522, -2.954147533612924], [-60.01644413202522, -2.963118712444905]]]}, "id": "-6681,-330", "properties": {"cell_id": "c_-60.0120_-2.9586", "lat": -2.958633126045879, "lon": -60.01195255557721}}, {"type": "Feature", "geometry": {"type": "Polygon", "coordinates": [[[-60.00746097918404, -2.963118712444905], [-59.99847782634284, -2.963118712444905], [-59.99847782634284, -2.954147533612924], [-60.00746097918404, -2.954147533612924], [-60.00746097918404, -2.963118712444905]]]}, "id": "-6680,-330", "properties": {"cell_id": "c_-60.0030_-2.9586", "lat": -2.958633126065734, "lon": -60.002969402775676}}, {"type": "Feature", "geometry": {"type": "Polygon", "coordinates": [[[-59.99847782634284, -2.963118712444905], [-59.989494673501646, -2.963118712444905], [-59.989494673501646, -2.954147533612924], [-59.99847782634284, -2.954147533612924], [-59.99847782634284, -2.963118712444905]]]}, "id": "-6679,-330", "properties": {"cell_id": "c_-59.9940_-2.9586", "lat": -2.958633126072331, "lon": -59.99398624992841}}, {"type": "Feature", "geometry": {"type": "Polygon", "coordinates": [[[-59.989494673501646, -2.963118712444905], [-59.98051152066045, -2.963118712444905], [-59.98051152066045, -2.954147533612924], [-59.989494673501646, -2.954147533612924], [-59.989494673501646, -2.963118712444905]]]}, "id": "-6678,-330", "properties": {"cell_id": "c_-59.9850_-2.9586", "lat": -2.9586331260605947, "lon": -59.98500309705652}}, {"type": "Feature", "geometry": {"type": "Polygon", "coordinates": [[[-59.98051152066045, -2.963118712444905], [-59.971528367819246, -2.963118712444905], [-59.971528367819246, -2.954147533612924], [-59.98051152066045, -2.954147533612924], [-59.98051152066045, -2.963118712444905]]]}, "id": "-6677,-330", "properties": {"cell_id": "c_-59.9760_-2.9586", "lat": -2.9586331260531713, "lon": -59.976019944274505}}, {"type": "Feature", "geometry": {"type": "Polygon", "coordinates": [[[-59.971528367819246, -2.963118712444905], [-59.96254521497805, -2.963118712444905], [-59.96254521497805, -2.954147533612924], [-59.971528367819246, -2.954147533612924], [-59.971528367819246, -2.963118712444905]]]}, "id": "-6676,-330", "properties": {"cell_id": "c_-59.9670_-2.9586", "lat": -2.9586331260574803, "lon": -59.96703679136898}}, {"type": "Feature", "geometry": {"type": "Polygon", "coordinates": [[[-59.96254521497805, -2.963118712444905], [-59.95356206213687, -2.963118712444905], [-59.95356206213687, -2.954147533612924], [-59.96254521497805, -2.954147533612924], [-59.96254521497805, -2.963118712444905]]]}, "id": "-6675,-330", "properties": {"cell_id": "c_-59.9581_-2.9586", "lat": -2.958633126058289, "lon": -59.9580536385471}}, {"type": "Feature", "geometry": {"type": "Polygon", "coordinates": [[[-59.95356206213687, -2.963118712444905], [-59.94457890929567, -2.963118712444905], [-59.94457890929567, -2.954147533612924], [-59.95356206213687, -2.954147533612924], [-59.95356206213687, -2.963118712444905]]]}, "id": "-6674,-330", "properties": {"cell_id": "c_-59.9491_-2.9586", "lat": -2.958633126038032, "lon": -59.94907048573779}}, {"type": "Feature", "geometry": {"type": "Polygon", "coordinates": [[[-59.94457890929567, -2.963118712444905], [-59.935595756454475, -2.963118712444905], [-59.935595756454475, -2.954147533612924], [-59.94457890929567, -2.954147533612924], [-59.94457890929567, -2.963118712444905]]]}, "id": "-6673,-330", "properties": {"cell_id": "c_-59.9401_-2.9586", "lat": -2.9586331260419922, "lon": -59.940087332865616}}, {"type": "Feature", "geometry": {"type": "Polygon", "coordinates": [[[-59.935595756454475, -2.963118712444905], [-59.92661260361328, -2.963118712444905], [-59.92661260361328, -2.954147533612924], [-59.935595756454475, -2.954147533612924], [-59.935595756454475, -2.963118712444905]]]}, "id": "-6672,-330", "properties": {"cell_id": "c_-59.9311_-2.9586", "lat": -2.9586331260498446, "lon": -59.93110418007704}}, {"type": "Feature", "geometry": {"type": "Polygon", "coordinates": [[[-59.92661260361328, -2.963118712444905], [-59.917629450772075, -2.963118712444905], [-59.917629450772075, -2.954147533612924], [-59.92661260361328, -2.954147533612924], [-59.92661260361328, -2.963118712444905]]]}, "id": "-6671,-330", "properties": {"cell_id": "c_-59.9221_-2.9586", "lat": -2.9586331260514274, "lon": -59.922121027152144}}, {"type": "Feature", "geometry": {"type": "Polygon", "coordinates": [[[-59.917629450772075, -2.963118712444905], [-59.90864629793088, -2.963118712444905], [-59.90864629793088, -2.954147533612924], [-59.917629450772075, -2.954147533612924], [-59.917629450772075, -2.963118712444905]]]}, "id": "-6670,-330", "properties": {"cell_id": "c_-59.9131_-2.9586", "lat": -2.958633126056899, "lon": -59.91313787434849}}, {"type": "Feature", "geometry": {"type": "Polygon", "coordinates": [[[-59.90864629793088, -2.963118712444905], [-59.8996631450897, -2.963118712444905], [-59.8996631450897, -2.954147533612924], [-59.90864629793088, -2.954147533612924], [-59.90864629793088, -2.963118712444905]]]}, "id": "-6669,-330", "properties": {"cell_id": "c_-59.9042_-2.9586", "lat": -2.9586331260561, "lon": -59.904154721525714}}, {"type": "Feature", "geometry": {"type": "Polygon", "coordinates": [[[-59.8996631450897, -2.963118712444905], [-59.8906799922485, -2.963118712444905], [-59.8906799922485, -2.954147533612924], [-59.8996631450897, -2.954147533612924], [-59.8996631450897, -2.963118712444905]]]}, "id": "-6668,-330", "properties": {"cell_id": "c_-59.8952_-2.9586", "lat": -2.9586331260490315, "lon": -59.89517156867031}}, {"type": "Feature", "geometry": {"type": "Polygon", "coordinates": [[[-59.8906799922485, -2.963118712444905], [-59.881696839407304, -2.963118712444905], [-59.881696839407304, -2.954147533612924], [-59.8906799922485, -2.954147533612924], [-59.8906799922485, -2.963118712444905]]]}, "id": "-6667,-330", "properties": {"cell_id": "c_-59.8862_-2.9586", "lat": -2.9586331260606222, "lon": -59.88618841581767}}, {"type": "Feature", "geometry": {"type": "Polygon", "coordinates": [[[-59.881696839407304, -2.963118712444905], [-59.8727136865661, -2.963118712444905], [-59.8727136865661, -2.954147533612924], [-59.881696839407304, -2.954147533612924], [-59.881696839407304, -2.963118712444905]]]}, "id": "-6666,-330", "properties": {"cell_id": "c_-59.8772_-2.9586", "lat": -2.9586331260631478, "lon": -59.877205262996846}}, {"type": "Feature", "geometry": {"type": "Polygon", "coordinates": [[[-59.8727136865661, -2.963118712444905], [-59.863730533724905, -2.963118712444905], [-59.863730533724905, -2.954147533612924], [-59.8727136865661, -2.954147533612924], [-59.8727136865661, -2.963118712444905]]]}, "id": "-6665,-330", "properties": {"cell_id": "c_-59.8682_-2.9586", "lat": -2.9586331260464216, "lon": -59.86822211013776}}, {"type": "Feature", "geometry": {"type": "Polygon", "coordinates": [[[-59.863730533724905, -2.963118712444905], [-59.85474738088371, -2.963118712444905], [-59.85474738088371, -2.954147533612924], [-59.863730533724905, -2.954147533612924], [-59.863730533724905, -2.963118712444905]]]}, "id": "-6664,-330", "properties": {"cell_id": "c_-59.8592_-2.9586", "lat": -2.958633126055711, "lon": -59.85923895730746}}, {"type": "Feature", "geometry": {"type": "Polygon", "coordinates": [[[-59.85474738088371, -2.963118712444905], [-59.845764228042526, -2.963118712444905], [-59.845764228042526, -2.954147533612924], [-59.85474738088371, -2.954147533612924], [-59.85474738088371, -2.963118712444905]]]}, "id": "-6663,-330", "properties": {"cell_id": "c_-59.8503_-2.9586", "lat": -2.9586331260734844, "lon": -59.85025580447267}}, {"type": "Feature", "geometry": {"type": "Polygon", "coordinates": [[[-59.845764228042526, -2.963118712444905], [-59.83678107520133, -2.963118712444905], [-59.83678107520133, -2.954147533612924], [-59.845764228042526, -2.954147533612924], [-59.845764228042526, -2.963118712444905]]]}, "id": "-6662,-330", "properties": {"cell_id": "c_-59.8413_-2.9586", "lat": -2.9586331260516285, "lon": -59.841272651609216}}, {"type": "Feature", "geometry": {"type": "Polygon", "coordinates": [[[-59.83678107520133, -2.963118712444905], [-59.827797922360126, -2.963118712444905], [-59.827797922360126, -2.954147533612924], [-59.83678107520133, -2.954147533612924], [-59.83678107520133, -2.963118712444905]]]}, "id": "-6661,-330", "properties": {"cell_id": "c_-59.8323_-2.9586", "lat": -2.9586331260354144, "lon": -59.83228949879091}}, {"type": "Feature", "geometry": {"type": "Polygon", "coordinates": [[[-59.827797922360126, -2.963118712444905], [-59.81881476951893, -2.963118712444905], [-59.81881476951893, -2.954147533612924], [-59.827797922360126, -2.954147533612924], [-59.827797922360126, -2.963118712444905]]]}, "id": "-6660,-330", "properties": {"cell_id": "c_-59.8233_-2.9586", "lat": -2.958633126035044, "lon": -59.82330634594999}}, {"type": "Feature", "geometry": {"type": "Polygon", "coordinates": [[[-59.81881476951893, -2.963118712444905], [-59.809831616677734, -2.963118712444905], [-59.809831616677734, -2.954147533612924], [-59.81881476951893, -2.954147533612924], [-59.81881476951893, -2.963118712444905]]]}, "id": "-6659,-330", "properties": {"cell_id": "c_-59.8143_-2.9586", "lat": -2.9586331260301253, "lon": -59.814323193091106}}, {"type": "Feature", "geometry": {"type": "Polygon", "coordinates": [[[-59.809831616677734, -2.963118712444905], [-59.80084846383654, -2.963118712444905], [-59.80084846383654, -2.954147533612924], [-59.809831616677734, -2.954147533612924], [-59.809831616677734, -2.963118712444905]]]}, "id": "-6658,-330", "properties": {"cell_id": "c_-59.8053_-2.9586", "lat": -2.9586331260455325, "lon": -59.8053400402258}}, {"type": "Feature", "geometry": {"type": "Polygon", "coordinates": [[[-59.80084846383654, -2.963118712444905], [-59.791865310995355, -2.963118712444905], [-59.791865310995355, -2.954147533612924], [-59.80084846383654, -2.954147533612924], [-59.80084846383654, -2.963118712444905]]]}, "id": "-6657,-330", "properties": {"cell_id": "c_-59.7964_-2.9586", "lat": -2.9586331260637193, "lon": -59.796356887437454}}, {"type": "Feature", "geometry": {"type": "Polygon", "coordinates": [[[-59.791865310995355, -2.963118712444905], [-59.78288215815416, -2.963118712444905], [-59.78288215815416, -2.954147533612924], [-59.791865310995355, -2.954147533612924], [-59.791865310995355, -2.963118712444905]]]}, "id": "-6656,-330", "properties": {"cell_id": "c_-59.7874_-2.9586", "lat": -2.9586331260671592, "lon": -59.78737373458987}}, {"type": "Feature", "geometry": {"type": "Polygon", "coordinates": [[[-59.78288215815416, -2.963118712444905], [-59.773899005312956, -2.963118712444905], [-59.773899005312956, -2.954147533612924], [-59.78288215815416, -2.954147533612924], [-59.78288215815416, -2.963118712444905]]]}, "id": "-6655,-330", "properties": {"cell_id": "c_-59.7784_-2.9586", "lat": -2.958633126063181, "lon": -59.77839058174158}}, {"type": "Feature", "geometry": {"type": "Polygon", "coordinates": [[[-59.773899005312956, -2.963118712444905], [-59.76491585247176, -2.963118712444905], [-59.76491585247176, -2.954147533612924], [-59.773899005312956, -2.954147533612924], [-59.773899005312956, -2.963118712444905]]]}, "id": "-6654,-330", "properties": {"cell_id": "c_-59.7694_-2.9586", "lat": -2.958633126041571, "lon": -59.76940742886638}}, {"type": "Feature", "geometry": {"type": "Polygon", "coordinates": [[[-59.76491585247176, -2.963118712444905], [-59.75593269963056, -2.963118712444905], [-59.75593269963056, -2.954147533612924], [-59.76491585247176, -2.954147533612924], [-59.76491585247176, -2.963118712444905]]]}, "id": "-6653,-330", "properties": {"cell_id": "c_-59.7604_-2.9586", "lat": -2.9586331260476, "lon": -59.76042427606349}}, {"type": "Feature", "geometry": {"type": "Polygon", "coordinates": [[[-59.75593269963056, -2.963118712444905], [-59.74694954678938, -2.963118712444905], [-59.74694954678938, -2.954147533612924], [-59.75593269963056, -2.954147533612924], [-59.75593269963056, -2.963118712444905]]]}, "id": "-6652,-330", "properties": {"cell_id": "c_-59.7514_-2.9586", "lat": -2.9586331260637504, "lon": -59.75144112318237}}, {"type": "Feature", "geometry": {"type": "Polygon", "coordinates": [[[-60.20509034169033, -2.954147533612924], [-60.19610718884913, -2.954147533612924], [-60.19610718884913, -2.9451762822915213], [-60.20509034169033, -2.9451762822915213], [-60.20509034169033, -2.954147533612924]]]}, "id": "-6702,-329", "properties": {"cell_id": "c_-60.2006_-2.9497", "lat": -2.949661910962497, "lon": -60.20059876527323}}, {"type": "Feature", "geometry": {"type": "Polygon", "coordinates": [[[-60.19610718884913, -2.954147533612924], [-60.18712403600794, -2.954147533612924], [-60.18712403600794, -2.9451762822915213], [-60.19610718884913, -2.9451762822915213], [-60.19610718884913, -2.954147533612924]]]}, "id": "-6701,-329", "properties": {"cell_id": "c_-60.1916_-2.9497", "lat": -2.949661910953665, "lon": -60.19161561243992}}, {"type": "Feature", "geometry": {"type": "Polygon", "coordinates": [[[-60.18712403600794, -2.954147533612924], [-60.17814088316674, -2.954147533612924], [-60.17814088316674, -2.9451762822915213], [-60.18712403600794, -2.9451762822915213], [-60.18712403600794, -2.954147533612924]]]}, "id": "-6700,-329", "properties": {"cell_id": "c_-60.1826_-2.9497", "lat": -2.9496619109443656, "lon": -60.182632459567365}}, {"type": "Feature", "geometry": {"type": "Polygon", "coordinates": [[[-60.17814088316674, -2.954147533612924], [-60.16915773032555, -2.954147533612924], [-60.16915773032555, -2.9451762822915213], [-60.17814088316674, -2.9451762822915213], [-60.17814088316674, -2.954147533612924]]]}, "id": "-6699,-329", "properties": {"cell_id": "c_-60.1736_-2.9497", "lat": -2.9496619109471562, "lon": -60.17364930674454}}, {"type": "Feature", "geometry": {"type": "Polygon", "coordinates": [[[-60.16915773032555, -2.954147533612924], [-60.160174577484355, -2.954147533612924], [-60.160174577484355, -2.9451762822915213], [-60.16915773032555, -2.9451762822915213], [-60.16915773032555, -2.954147533612924]]]}, "id": "-6698,-329", "properties": {"cell_id": "c_-60.1647_-2.9497", "lat": -2.949661910951946, "lon": -60.16466615389204}}, {"type": "Feature", "geometry": {"type": "Polygon", "coordinates": [[[-60.160174577484355, -2.954147533612924], [-60.15119142464316, -2.954147533612924], [-60.15119142464316, -2.9451762822915213], [-60.160174577484355, -2.9451762822915213], [-60.160174577484355, -2.954147533612924]]]}, "id": "-6697,-329", "properties": {"cell_id": "c_-60.1557_-2.9497", "lat": -2.949661910958732, "lon": -60.15568300106586}}, {"type": "Feature", "geometry": {"type": "Polygon", "coordinates": [[[-60.15119142464316, -2.954147533612924], [-60.14220827180196, -2.954147533612924], [-60.14220827180196, -2.9451762822915213], [-60.15119142464316, -2.9451762822915213], [-60.15119142464316, -2.954147533612924]]]}, "id": "-6696,-329", "properties": {"cell_id": "c_-60.1467_-2.9497", "lat": -2.9496619109398257, "lon": -60.146699848234306}}, {"type": "Feature", "geometry": {"type": "Polygon", "coordinates": [[[-60.14220827180196, -2.954147533612924], [-60.133225118960766, -2.954147533612924], [-60.133225118960766, -2.9451762822915213], [-60.14220827180196, -2.9451762822915213], [-60.14220827180196, -2.954147533612924]]]}, "id": "-6695,-329", "properties": {"cell_id": "c_-60.1377_-2.9497", "lat": -2.9496619109304154, "lon": -60.13771669538309}}, {"type": "Feature", "geometry": {"type": "Polygon", "coordinates": [[[-60.133225118960766, -2.954147533612924], [-60.12424196611957, -2.954147533612924], [-60.12424196611957, -2.9451762822915213], [-60.133225118960766, -2.9451762822915213], [-60.133225118960766, -2.954147533612924]]]}, "id": "-6694,-329", "properties": {"cell_id": "c_-60.1287_-2.9497", "lat": -2.949661910953149, "lon": -60.12873354255089}}, {"type": "Feature", "geometry": {"type": "Polygon", "coordinates": [[[-60.12424196611957, -2.954147533612924], [-60.11525881327838, -2.954147533612924], [-60.11525881327838, -2.9451762822915213], [-60.12424196611957, -2.9451762822915213], [-60.12424196611957, -2.954147533612924]]]}, "id": "-6693,-329", "properties": {"cell_id": "c_-60.1198_-2.9497", "lat": -2.949661910970223, "lon": -60.11975038967055}}, {"type": "Feature", "geometry": {"type": "Polygon", "coordinates": [[[-60.11525881327838, -2.954147533612924], [-60.106275660437184, -2.954147533612924], [-60.106275660437184, -2.9451762822915213], [-60.11525881327838, -2.9451762822915213], [-60.11525881327838, -2.954147533612924]]]}, "id": "-6692,-329", "properties": {"cell_id": "c_-60.1108_-2.9497", "lat": -2.9496619109590028, "lon": -60.110767236861705}}, {"type": "Feature", "geometry": {"type": "Polygon", "coordinates": [[[-60.106275660437184, -2.954147533612924], [-60.09729250759599, -2.954147533612924], [-60.09729250759599, -2.9451762822915213], [-60.106275660437184, -2.9451762822915213], [-60.106275660437184, -2.954147533612924]]]}, "id": "-6691,-329", "properties": {"cell_id": "c_-60.1018_-2.9497", "lat": -2.9496619109421274, "lon": -60.10178408400638}}, {"type": "Feature", "geometry": {"type": "Polygon", "coordinates": [[[-60.09729250759599, -2.954147533612924], [-60.08830935475479, -2.954147533612924], [-60.08830935475479, -2.9451762822915213], [-60.09729250759599, -2.9451762822915213], [-60.09729250759599, -2.954147533612924]]]}, "id": "-6690,-329", "properties": {"cell_id": "c_-60.0928_-2.9497", "lat": -2.949661910957195, "lon": -60.0928009311939}}, {"type": "Feature", "geometry": {"type": "Polygon", "coordinates": [[[-60.08830935475479, -2.954147533612924], [-60.079326201913595, -2.954147533612924], [-60.079326201913595, -2.9451762822915213], [-60.08830935475479, -2.9451762822915213], [-60.08830935475479, -2.954147533612924]]]}, "id": "-6689,-329", "properties": {"cell_id": "c_-60.0838_-2.9497", "lat": -2.949661910974083, "lon": -60.083817778359496}}, {"type": "Feature", "geometry": {"type": "Polygon", "coordinates": [[[-60.079326201913595, -2.954147533612924], [-60.0703430490724, -2.954147533612924], [-60.0703430490724, -2.9451762822915213], [-60.079326201913595, -2.9451762822915213], [-60.079326201913595, -2.954147533612924]]]}, "id": "-6688,-329", "properties": {"cell_id": "c_-60.0748_-2.9497", "lat": -2.9496619109650983, "lon": -60.074834625461534}}, {"type": "Feature", "geometry": {"type": "Polygon", "coordinates": [[[-60.0703430490724, -2.954147533612924], [-60.06135989623121, -2.954147533612924], [-60.06135989623121, -2.9451762822915213], [-60.0703430490724, -2.9451762822915213], [-60.0703430490724, -2.954147533612924]]]}, "id": "-6687,-329", "properties": {"cell_id": "c_-60.0659_-2.9497", "lat": -2.9496619109552857, "lon": -60.06585147264144}}, {"type": "Feature", "geometry": {"type": "Polygon", "coordinates": [[[-60.06135989623121, -2.954147533612924], [-60.05237674339001, -2.954147533612924], [-60.05237674339001, -2.9451762822915213], [-60.06135989623121, -2.9451762822915213], [-60.06135989623121, -2.954147533612924]]]}, "id": "-6686,-329", "properties": {"cell_id": "c_-60.0569_-2.9497", "lat": -2.949661910949708, "lon": -60.05686831985041}}, {"type": "Feature", "geometry": {"type": "Polygon", "coordinates": [[[-60.05237674339001, -2.954147533612924], [-60.04339359054882, -2.954147533612924], [-60.04339359054882, -2.9451762822915213], [-60.05237674339001, -2.9451762822915213], [-60.05237674339001, -2.954147533612924]]]}, "id": "-6685,-329", "properties": {"cell_id": "c_-60.0479_-2.9497", "lat": -2.9496619109382376, "lon": -60.04788516696313}}, {"type": "Feature", "geometry": {"type": "Polygon", "coordinates": [[[-60.04339359054882, -2.954147533612924], [-60.03441043770762, -2.954147533612924], [-60.03441043770762, -2.9451762822915213], [-60.04339359054882, -2.9451762822915213], [-60.04339359054882, -2.954147533612924]]]}, "id": "-6684,-329", "properties": {"cell_id": "c_-60.0389_-2.9497", "lat": -2.9496619109560354, "lon": -60.03890201409111}}, {"type": "Feature", "geometry": {"type": "Polygon", "coordinates": [[[-60.03441043770762, -2.954147533612924], [-60.025427284866424, -2.954147533612924], [-60.025427284866424, -2.9451762822915213], [-60.03441043770762, -2.9451762822915213], [-60.03441043770762, -2.954147533612924]]]}, "id": "-6683,-329", "properties": {"cell_id": "c_-60.0299_-2.9497", "lat": -2.949661910957814, "lon": -60.0299188613261}}, {"type": "Feature", "geometry": {"type": "Polygon", "coordinates": [[[-60.025427284866424, -2.954147533612924], [-60.01644413202522, -2.954147533612924], [-60.01644413202522, -2.9451762822915213], [-60.025427284866424, -2.9451762822915213], [-60.025427284866424, -2.954147533612924]]]}, "id": "-6682,-329", "properties": {"cell_id": "c_-60.0209_-2.9497", "lat": -2.9496619109560838, "lon": -60.02093570844968}}, {"type": "Feature", "geometry": {"type": "Polygon", "coordinates": [[[-60.01644413202522, -2.954147533612924], [-60.00746097918404, -2.954147533612924], [-60.00746097918404, -2.9451762822915213], [-60.01644413202522, -2.9451762822915213], [-60.01644413202522, -2.954147533612924]]]}, "id": "-6681,-329", "properties": {"cell_id": "c_-60.0120_-2.9497", "lat": -2.949661910963349, "lon": -60.011952555566154}}, {"type": "Feature", "geometry": {"type": "Polygon", "coordinates": [[[-60.00746097918404, -2.954147533612924], [-59.99847782634284, -2.954147533612924], [-59.99847782634284, -2.9451762822915213], [-60.00746097918404, -2.9451762822915213], [-60.00746097918404, -2.954147533612924]]]}, "id": "-6680,-329", "properties": {"cell_id": "c_-60.0030_-2.9497", "lat": -2.9496619109394, "lon": -60.00296940278264}}, {"type": "Feature", "geometry": {"type": "Polygon", "coordinates": [[[-59.99847782634284, -2.954147533612924], [-59.989494673501646, -2.954147533612924], [-59.989494673501646, -2.9451762822915213], [-59.99847782634284, -2.9451762822915213], [-59.99847782634284, -2.954147533612924]]]}, "id": "-6679,-329", "properties": {"cell_id": "c_-59.9940_-2.9497", "lat": -2.9496619109369453, "lon": -59.99398624992561}}, {"type": "Feature", "geometry": {"type": "Polygon", "coordinates": [[[-59.989494673501646, -2.954147533612924], [-59.98051152066045, -2.954147533612924], [-59.98051152066045, -2.9451762822915213], [-59.989494673501646, -2.9451762822915213], [-59.989494673501646, -2.954147533612924]]]}, "id": "-6678,-329", "properties": {"cell_id": "c_-59.9850_-2.9497", "lat": -2.94966191094584, "lon": -59.98500309705648}}, {"type": "Feature", "geometry": {"type": "Polygon", "coordinates": [[[-59.98051152066045, -2.954147533612924], [-59.971528367819246, -2.954147533612924], [-59.971528367819246, -2.9451762822915213], [-59.98051152066045, -2.9451762822915213], [-59.98051152066045, -2.954147533612924]]]}, "id": "-6677,-329", "properties": {"cell_id": "c_-59.9760_-2.9497", "lat": -2.949661910943439, "lon": -59.97601994426472}}, {"type": "Feature", "geometry": {"type": "Polygon", "coordinates": [[[-59.971528367819246, -2.954147533612924], [-59.96254521497805, -2.954147533612924], [-59.96254521497805, -2.9451762822915213], [-59.971528367819246, -2.9451762822915213], [-59.971528367819246, -2.954147533612924]]]}, "id": "-6676,-329", "properties": {"cell_id": "c_-59.9670_-2.9497", "lat": -2.9496619109473112, "lon": -59.967036791386974}}, {"type": "Feature", "geometry": {"type": "Polygon", "coordinates": [[[-59.96254521497805, -2.954147533612924], [-59.95356206213687, -2.954147533612924], [-59.95356206213687, -2.9451762822915213], [-59.96254521497805, -2.9451762822915213], [-59.96254521497805, -2.954147533612924]]]}, "id": "-6675,-329", "properties": {"cell_id": "c_-59.9581_-2.9497", "lat": -2.9496619109523854, "lon": -59.958053638535}}, {"type": "Feature", "geometry": {"type": "Polygon", "coordinates": [[[-59.95356206213687, -2.954147533612924], [-59.94457890929567, -2.954147533612924], [-59.94457890929567, -2.9451762822915213], [-59.95356206213687, -2.9451762822915213], [-59.95356206213687, -2.954147533612924]]]}, "id": "-6674,-329", "properties": {"cell_id": "c_-59.9491_-2.9497", "lat": -2.9496619109535813, "lon": -59.9490704857308}}, {"type": "Feature", "geometry": {"type": "Polygon", "coordinates": [[[-59.94457890929567, -2.954147533612924], [-59.935595756454475, -2.954147533612924], [-59.935595756454475, -2.9451762822915213], [-59.94457890929567, -2.9451762822915213], [-59.94457890929567, -2.954147533612924]]]}, "id": "-6673,-329", "properties": {"cell_id": "c_-59.9401_-2.9497", "lat": -2.9496619109481395, "lon": -59.940087332871116}}, {"type": "Feature", "geometry": {"type": "Polygon", "coordinates": [[[-59.935595756454475, -2.954147533612924], [-59.92661260361328, -2.954147533612924], [-59.92661260361328, -2.9451762822915213], [-59.935595756454475, -2.9451762822915213], [-59.935595756454475, -2.954147533612924]]]}, "id": "-6672,-329", "properties": {"cell_id": "c_-59.9311_-2.9497", "lat": -2.949661910946221, "lon": -59.931104180077476}}, {"type": "Feature", "geometry": {"type": "Polygon", "coordinates": [[[-59.92661260361328, -2.954147533612924], [-59.917629450772075, -2.954147533612924], [-59.917629450772075, -2.9451762822915213], [-59.92661260361328, -2.9451762822915213], [-59.92661260361328, -2.954147533612924]]]}, "id": "-6671,-329", "properties": {"cell_id": "c_-59.9221_-2.9497", "lat": -2.949661910957995, "lon": -59.9221210271651}}, {"type": "Feature", "geometry": {"type": "Polygon", "coordinates": [[[-59.917629450772075, -2.954147533612924], [-59.90864629793088, -2.954147533612924], [-59.90864629793088, -2.9451762822915213], [-59.917629450772075, -2.9451762822915213], [-59.917629450772075, -2.954147533612924]]]}, "id": "-6670,-329", "properties": {"cell_id": "c_-59.9131_-2.9497", "lat": -2.949661910952967, "lon": -59.913137874335995}}, {"type": "Feature", "geometry": {"type": "Polygon", "coordinates": [[[-59.90864629793088, -2.954147533612924], [-59.8996631450897, -2.954147533612924], [-59.8996631450897, -2.9451762822915213], [-59.90864629793088, -2.9451762822915213], [-59.90864629793088, -2.954147533612924]]]}, "id": "-6669,-329", "properties": {"cell_id": "c_-59.9042_-2.9497", "lat": -2.949661910948686, "lon": -59.90415472153312}}, {"type": "Feature", "geometry": {"type": "Polygon", "coordinates": [[[-59.8996631450897, -2.954147533612924], [-59.8906799922485, -2.954147533612924], [-59.8906799922485, -2.9451762822915213], [-59.8996631450897, -2.9451762822915213], [-59.8996631450897, -2.954147533612924]]]}, "id": "-6668,-329", "properties": {"cell_id": "c_-59.8952_-2.9497", "lat": -2.9496619109627047, "lon": -59.89517156866986}}, {"type": "Feature", "geometry": {"type": "Polygon", "coordinates": [[[-59.8906799922485, -2.954147533612924], [-59.881696839407304, -2.954147533612924], [-59.881696839407304, -2.9451762822915213], [-59.8906799922485, -2.9451762822915213], [-59.8906799922485, -2.954147533612924]]]}, "id": "-6667,-329", "properties": {"cell_id": "c_-59.8862_-2.9497", "lat": -2.949661910949746, "lon": -59.88618841581674}}, {"type": "Feature", "geometry": {"type": "Polygon", "coordinates": [[[-59.881696839407304, -2.954147533612924], [-59.8727136865661, -2.954147533612924], [-59.8727136865661, -2.9451762822915213], [-59.881696839407304, -2.9451762822915213], [-59.881696839407304, -2.954147533612924]]]}, "id": "-6666,-329", "properties": {"cell_id": "c_-59.8772_-2.9497", "lat": -2.949661910944911, "lon": -59.87720526299545}}, {"type": "Feature", "geometry": {"type": "Polygon", "coordinates": [[[-59.8727136865661, -2.954147533612924], [-59.863730533724905, -2.954147533612924], [-59.863730533724905, -2.9451762822915213], [-59.8727136865661, -2.9451762822915213], [-59.8727136865661, -2.954147533612924]]]}, "id": "-6665,-329", "properties": {"cell_id": "c_-59.8682_-2.9497", "lat": -2.9496619109657436, "lon": -59.868222110143265}}, {"type": "Feature", "geometry": {"type": "Polygon", "coordinates": [[[-59.863730533724905, -2.954147533612924], [-59.85474738088371, -2.954147533612924], [-59.85474738088371, -2.9451762822915213], [-59.863730533724905, -2.9451762822915213], [-59.863730533724905, -2.954147533612924]]]}, "id": "-6664,-329", "properties": {"cell_id": "c_-59.8592_-2.9497", "lat": -2.9496619109567876, "lon": -59.859238957302296}}, {"type": "Feature", "geometry": {"type": "Polygon", "coordinates": [[[-59.85474738088371, -2.954147533612924], [-59.845764228042526, -2.954147533612924], [-59.845764228042526, -2.9451762822915213], [-59.85474738088371, -2.9451762822915213], [-59.85474738088371, -2.954147533612924]]]}, "id": "-6663,-329", "properties": {"cell_id": "c_-59.8503_-2.9497", "lat": -2.949661910935584, "lon": -59.85025580447439}}, {"type": "Feature", "geometry": {"type": "Polygon", "coordinates": [[[-59.845764228042526, -2.954147533612924], [-59.83678107520133, -2.954147533612924], [-59.83678107520133, -2.9451762822915213], [-59.845764228042526, -2.9451762822915213], [-59.845764228042526, -2.954147533612924]]]}, "id": "-6662,-329", "properties": {"cell_id": "c_-59.8413_-2.9497", "lat": -2.9496619109576, "lon": -59.84127265160764}}, {"type": "Feature", "geometry": {"type": "Polygon", "coordinates": [[[-59.83678107520133, -2.954147533612924], [-59.827797922360126, -2.954147533612924], [-59.827797922360126, -2.9451762822915213], [-59.83678107520133, -2.9451762822915213], [-59.83678107520133, -2.954147533612924]]]}, "id": "-6661,-329", "properties": {"cell_id": "c_-59.8323_-2.9497", "lat": -2.949661910967384, "lon": -59.83228949878603}}, {"type": "Feature", "geometry": {"type": "Polygon", "coordinates": [[[-59.827797922360126, -2.954147533612924], [-59.81881476951893, -2.954147533612924], [-59.81881476951893, -2.9451762822915213], [-59.827797922360126, -2.9451762822915213], [-59.827797922360126, -2.954147533612924]]]}, "id": "-6660,-329", "properties": {"cell_id": "c_-59.8233_-2.9497", "lat": -2.949661910969426, "lon": -59.82330634595654}}, {"type": "Feature", "geometry": {"type": "Polygon", "coordinates": [[[-59.81881476951893, -2.954147533612924], [-59.809831616677734, -2.954147533612924], [-59.809831616677734, -2.9451762822915213], [-59.81881476951893, -2.9451762822915213], [-59.81881476951893, -2.954147533612924]]]}, "id": "-6659,-329", "properties": {"cell_id": "c_-59.8143_-2.9497", "lat": -2.9496619109739157, "lon": -59.81432319308415}}, {"type": "Feature", "geometry": {"type": "Polygon", "coordinates": [[[-59.809831616677734, -2.954147533612924], [-59.80084846383654, -2.954147533612924], [-59.80084846383654, -2.9451762822915213], [-59.809831616677734, -2.9451762822915213], [-59.809831616677734, -2.954147533612924]]]}, "id": "-6658,-329", "properties": {"cell_id": "c_-59.8053_-2.9497", "lat": -2.9496619109559767, "lon": -59.80534004023023}}, {"type": "Feature", "geometry": {"type": "Polygon", "coordinates": [[[-59.80084846383654, -2.954147533612924], [-59.791865310995355, -2.954147533612924], [-59.791865310995355, -2.9451762822915213], [-59.80084846383654, -2.9451762822915213], [-59.80084846383654, -2.954147533612924]]]}, "id": "-6657,-329", "properties": {"cell_id": "c_-59.7964_-2.9497", "lat": -2.9496619109478206, "lon": -59.79635688744306}}, {"type": "Feature", "geometry": {"type": "Polygon", "coordinates": [[[-59.791865310995355, -2.954147533612924], [-59.78288215815416, -2.954147533612924], [-59.78288215815416, -2.9451762822915213], [-59.791865310995355, -2.9451762822915213], [-59.791865310995355, -2.954147533612924]]]}, "id": "-6656,-329", "properties": {"cell_id": "c_-59.7874_-2.9497", "lat": -2.949661910959646, "lon": -59.78737373459955}}, {"type": "Feature", "geometry": {"type": "Polygon", "coordinates": [[[-59.78288215815416, -2.954147533612924], [-59.773899005312956, -2.954147533612924], [-59.773899005312956, -2.9451762822915213], [-59.78288215815416, -2.9451762822915213], [-59.78288215815416, -2.954147533612924]]]}, "id": "-6655,-329", "properties": {"cell_id": "c_-59.7784_-2.9497", "lat": -2.949661910953511, "lon": -59.77839058172177}}, {"type": "Feature", "geometry": {"type": "Polygon", "coordinates": [[[-59.773899005312956, -2.954147533612924], [-59.76491585247176, -2.954147533612924], [-59.76491585247176, -2.9451762822915213], [-59.773899005312956, -2.9451762822915213], [-59.773899005312956, -2.954147533612924]]]}, "id": "-6654,-329", "properties": {"cell_id": "c_-59.7694_-2.9497", "lat": -2.9496619109644744, "lon": -59.76940742887553}}, {"type": "Feature", "geometry": {"type": "Polygon", "coordinates": [[[-59.76491585247176, -2.954147533612924], [-59.75593269963056, -2.954147533612924], [-59.75593269963056, -2.9451762822915213], [-59.76491585247176, -2.9451762822915213], [-59.76491585247176, -2.954147533612924]]]}, "id": "-6653,-329", "properties": {"cell_id": "c_-59.7604_-2.9497", "lat": -2.9496619109750024, "lon": -59.76042427607091}}, {"type": "Feature", "geometry": {"type": "Polygon", "coordinates": [[[-59.75593269963056, -2.954147533612924], [-59.74694954678938, -2.954147533612924], [-59.74694954678938, -2.9451762822915213], [-59.75593269963056, -2.9451762822915213], [-59.75593269963056, -2.954147533612924]]]}, "id": "-6652,-329", "properties": {"cell_id": "c_-59.7514_-2.9497", "lat": -2.949661910964667, "lon": -59.751441123180754}}, {"type": "Feature", "geometry": {"type": "Polygon", "coordinates": [[[-60.20509034169033, -2.9451762822915213], [-60.19610718884913, -2.9451762822915213], [-60.19610718884913, -2.9362049587000922], [-60.20509034169033, -2.9362049587000922], [-60.20509034169033, -2.9451762822915213]]]}, "id": "-6702,-328", "properties": {"cell_id": "c_-60.2006_-2.9407", "lat": -2.940690623512079, "lon": -60.20059876526574}}, {"type": "Feature", "geometry": {"type": "Polygon", "coordinates": [[[-60.19610718884913, -2.9451762822915213], [-60.18712403600794, -2.9451762822915213], [-60.18712403600794, -2.9362049587000922], [-60.19610718884913, -2.9362049587000922], [-60.19610718884913, -2.9451762822915213]]]}, "id": "-6701,-328", "properties": {"cell_id": "c_-60.1916_-2.9407", "lat": -2.9406906235090085, "lon": -60.19161561243549}}, {"type": "Feature", "geometry": {"type": "Polygon", "coordinates": [[[-60.18712403600794, -2.9451762822915213], [-60.17814088316674, -2.9451762822915213], [-60.17814088316674, -2.9362049587000922], [-60.18712403600794, -2.9362049587000922], [-60.18712403600794, -2.9451762822915213]]]}, "id": "-6700,-328", "properties": {"cell_id": "c_-60.1826_-2.9407", "lat": -2.9406906235125443, "lon": -60.182632459566015}}, {"type": "Feature", "geometry": {"type": "Polygon", "coordinates": [[[-60.17814088316674, -2.9451762822915213], [-60.16915773032555, -2.9451762822915213], [-60.16915773032555, -2.9362049587000922], [-60.17814088316674, -2.9362049587000922], [-60.17814088316674, -2.9451762822915213]]]}, "id": "-6699,-328", "properties": {"cell_id": "c_-60.1736_-2.9407", "lat": -2.9406906235176384, "lon": -60.173649306753774}}, {"type": "Feature", "geometry": {"type": "Polygon", "coordinates": [[[-60.16915773032555, -2.9451762822915213], [-60.160174577484355, -2.9451762822915213], [-60.160174577484355, -2.9362049587000922], [-60.16915773032555, -2.9362049587000922], [-60.16915773032555, -2.9451762822915213]]]}, "id": "-6698,-328", "properties": {"cell_id": "c_-60.1647_-2.9407", "lat": -2.940690623524291, "lon": -60.16466615389425}}, {"type": "Feature", "geometry": {"type": "Polygon", "coordinates": [[[-60.160174577484355, -2.9451762822915213], [-60.15119142464316, -2.9451762822915213], [-60.15119142464316, -2.9362049587000922], [-60.160174577484355, -2.9362049587000922], [-60.160174577484355, -2.9451762822915213]]]}, "id": "-6697,-328", "properties": {"cell_id": "c_-60.1557_-2.9407", "lat": -2.940690623509865, "lon": -60.155683001056}}, {"type": "Feature", "geometry": {"type": "Polygon", "coordinates": [[[-60.15119142464316, -2.9451762822915213], [-60.14220827180196, -2.9451762822915213], [-60.14220827180196, -2.9362049587000922], [-60.15119142464316, -2.9362049587000922], [-60.15119142464316, -2.9451762822915213]]]}, "id": "-6696,-328", "properties": {"cell_id": "c_-60.1467_-2.9407", "lat": -2.9406906235045076, "lon": -60.146699848219875}}, {"type": "Feature", "geometry": {"type": "Polygon", "coordinates": [[[-60.14220827180196, -2.9451762822915213], [-60.133225118960766, -2.9451762822915213], [-60.133225118960766, -2.9362049587000922], [-60.14220827180196, -2.9362049587000922], [-60.14220827180196, -2.9451762822915213]]]}, "id": "-6695,-328", "properties": {"cell_id": "c_-60.1377_-2.9407", "lat": -2.9406906235157155, "lon": -60.13771669539933}}, {"type": "Feature", "geometry": {"type": "Polygon", "coordinates": [[[-60.133225118960766, -2.9451762822915213], [-60.12424196611957, -2.9451762822915213], [-60.12424196611957, -2.9362049587000922], [-60.133225118960766, -2.9362049587000922], [-60.133225118960766, -2.9451762822915213]]]}, "id": "-6694,-328", "properties": {"cell_id": "c_-60.1287_-2.9407", "lat": -2.940690623503248, "lon": -60.12873354254495}}, {"type": "Feature", "geometry": {"type": "Polygon", "coordinates": [[[-60.12424196611957, -2.9451762822915213], [-60.11525881327838, -2.9451762822915213], [-60.11525881327838, -2.9362049587000922], [-60.12424196611957, -2.9362049587000922], [-60.12424196611957, -2.9451762822915213]]]}, "id": "-6693,-328", "properties": {"cell_id": "c_-60.1198_-2.9407", "lat": -2.9406906234847012, "lon": -60.11975038967501}}, {"type": "Feature", "geometry": {"type": "Polygon", "coordinates": [[[-60.11525881327838, -2.9451762822915213], [-60.106275660437184, -2.9451762822915213], [-60.106275660437184, -2.9362049587000922], [-60.11525881327838, -2.9362049587000922], [-60.11525881327838, -2.9451762822915213]]]}, "id": "-6692,-328", "properties": {"cell_id": "c_-60.1108_-2.9407", "lat": -2.9406906234902013, "lon": -60.1107672368515}}, {"type": "Feature", "geometry": {"type": "Polygon", "coordinates": [[[-60.106275660437184, -2.9451762822915213], [-60.09729250759599, -2.9451762822915213], [-60.09729250759599, -2.9362049587000922], [-60.106275660437184, -2.9362049587000922], [-60.106275660437184, -2.9451762822915213]]]}, "id": "-6691,-328", "properties": {"cell_id": "c_-60.1018_-2.9407", "lat": -2.9406906235146884, "lon": -60.10178408402421}}, {"type": "Feature", "geometry": {"type": "Polygon", "coordinates": [[[-60.09729250759599, -2.9451762822915213], [-60.08830935475479, -2.9451762822915213], [-60.08830935475479, -2.9362049587000922], [-60.09729250759599, -2.9362049587000922], [-60.09729250759599, -2.9451762822915213]]]}, "id": "-6690,-328", "properties": {"cell_id": "c_-60.0928_-2.9407", "lat": -2.940690623517939, "lon": -60.09280093119442}}, {"type": "Feature", "geometry": {"type": "Polygon", "coordinates": [[[-60.08830935475479, -2.9451762822915213], [-60.079326201913595, -2.9451762822915213], [-60.079326201913595, -2.9362049587000922], [-60.08830935475479, -2.9362049587000922], [-60.08830935475479, -2.9451762822915213]]]}, "id": "-6689,-328", "properties": {"cell_id": "c_-60.0838_-2.9407", "lat": -2.940690623494899, "lon": -60.08381777835282}}, {"type": "Feature", "geometry": {"type": "Polygon", "coordinates": [[[-60.079326201913595, -2.9451762822915213], [-60.0703430490724, -2.9451762822915213], [-60.0703430490724, -2.9362049587000922], [-60.079326201913595, -2.9362049587000922], [-60.079326201913595, -2.9451762822915213]]]}, "id": "-6688,-328", "properties": {"cell_id": "c_-60.0748_-2.9407", "lat": -2.9406906234932673, "lon": -60.07483462545756}}, {"type": "Feature", "geometry": {"type": "Polygon", "coordinates": [[[-60.0703430490724, -2.9451762822915213], [-60.06135989623121, -2.9451762822915213], [-60.06135989623121, -2.9362049587000922], [-60.0703430490724, -2.9362049587000922], [-60.0703430490724, -2.9451762822915213]]]}, "id": "-6687,-328", "properties": {"cell_id": "c_-60.0659_-2.9407", "lat": -2.940690623502917, "lon": -60.06585147264524}}, {"type": "Feature", "geometry": {"type": "Polygon", "coordinates": [[[-60.06135989623121, -2.9451762822915213], [-60.05237674339001, -2.9451762822915213], [-60.05237674339001, -2.9362049587000922], [-60.06135989623121, -2.9362049587000922], [-60.06135989623121, -2.9451762822915213]]]}, "id": "-6686,-328", "properties": {"cell_id": "c_-60.0569_-2.9407", "lat": -2.940690623506265, "lon": -60.05686831984438}}, {"type": "Feature", "geometry": {"type": "Polygon", "coordinates": [[[-60.05237674339001, -2.9451762822915213], [-60.04339359054882, -2.9451762822915213], [-60.04339359054882, -2.9362049587000922], [-60.05237674339001, -2.9362049587000922], [-60.05237674339001, -2.9451762822915213]]]}, "id": "-6685,-328", "properties": {"cell_id": "c_-60.0479_-2.9407", "lat": -2.9406906235208883, "lon": -60.04788516697234}}, {"type": "Feature", "geometry": {"type": "Polygon", "coordinates": [[[-60.04339359054882, -2.9451762822915213], [-60.03441043770762, -2.9451762822915213], [-60.03441043770762, -2.9362049587000922], [-60.04339359054882, -2.9362049587000922], [-60.04339359054882, -2.9451762822915213]]]}, "id": "-6684,-328", "properties": {"cell_id": "c_-60.0389_-2.9407", "lat": -2.940690623514029, "lon": -60.03890201409286}}, {"type": "Feature", "geometry": {"type": "Polygon", "coordinates": [[[-60.03441043770762, -2.9451762822915213], [-60.025427284866424, -2.9451762822915213], [-60.025427284866424, -2.9362049587000922], [-60.03441043770762, -2.9362049587000922], [-60.03441043770762, -2.9451762822915213]]]}, "id": "-6683,-328", "properties": {"cell_id": "c_-60.0299_-2.9407", "lat": -2.940690623498192, "lon": -60.029918861310264}}, {"type": "Feature", "geometry": {"type": "Polygon", "coordinates": [[[-60.025427284866424, -2.9451762822915213], [-60.01644413202522, -2.9451762822915213], [-60.01644413202522, -2.9362049587000922], [-60.025427284866424, -2.9362049587000922], [-60.025427284866424, -2.9451762822915213]]]}, "id": "-6682,-328", "properties": {"cell_id": "c_-60.0209_-2.9407", "lat": -2.940690623496016, "lon": -60.0209357084616}}, {"type": "Feature", "geometry": {"type": "Polygon", "coordinates": [[[-60.01644413202522, -2.9451762822915213], [-60.00746097918404, -2.9451762822915213], [-60.00746097918404, -2.9362049587000922], [-60.01644413202522, -2.9362049587000922], [-60.01644413202522, -2.9451762822915213]]]}, "id": "-6681,-328", "properties": {"cell_id": "c_-60.0120_-2.9407", "lat": -2.940690623507507, "lon": -60.011952555573025}}, {"type": "Feature", "geometry": {"type": "Polygon", "coordinates": [[[-60.00746097918404, -2.9451762822915213], [-59.99847782634284, -2.9451762822915213], [-59.99847782634284, -2.9362049587000922], [-60.00746097918404, -2.9362049587000922], [-60.00746097918404, -2.9451762822915213]]]}, "id": "-6680,-328", "properties": {"cell_id": "c_-60.0030_-2.9407", "lat": -2.9406906235299566, "lon": -60.00296940277427}}, {"type": "Feature", "geometry": {"type": "Polygon", "coordinates": [[[-59.99847782634284, -2.9451762822915213], [-59.989494673501646, -2.9451762822915213], [-59.989494673501646, -2.9362049587000922], [-59.99847782634284, -2.9362049587000922], [-59.99847782634284, -2.9451762822915213]]]}, "id": "-6679,-328", "properties": {"cell_id": "c_-59.9940_-2.9407", "lat": -2.9406906235231536, "lon": -59.993986249924696}}, {"type": "Feature", "geometry": {"type": "Polygon", "coordinates": [[[-59.989494673501646, -2.9451762822915213], [-59.98051152066045, -2.9451762822915213], [-59.98051152066045, -2.9362049587000922], [-59.989494673501646, -2.9362049587000922], [-59.989494673501646, -2.9451762822915213]]]}, "id": "-6678,-328", "properties": {"cell_id": "c_-59.9850_-2.9407", "lat": -2.940690623509741, "lon": -59.98500309705287}}, {"type": "Feature", "geometry": {"type": "Polygon", "coordinates": [[[-59.98051152066045, -2.9451762822915213], [-59.971528367819246, -2.9451762822915213], [-59.971528367819246, -2.9362049587000922], [-59.98051152066045, -2.9362049587000922], [-59.98051152066045, -2.9451762822915213]]]}, "id": "-6677,-328", "properties": {"cell_id": "c_-59.9760_-2.9407", "lat": -2.9406906235197807, "lon": -59.97601994427598}}, {"type": "Feature", "geometry": {"type": "Polygon", "coordinates": [[[-59.971528367819246, -2.9451762822915213], [-59.96254521497805, -2.9451762822915213], [-59.96254521497805, -2.9362049587000922], [-59.971528367819246, -2.9362049587000922], [-59.971528367819246, -2.9451762822915213]]]}, "id": "-6676,-328", "properties": {"cell_id": "c_-59.9670_-2.9407", "lat": -2.9406906235079946, "lon": -59.96703679136779}}, {"type": "Feature", "geometry": {"type": "Polygon", "coordinates": [[[-59.96254521497805, -2.9451762822915213], [-59.95356206213687, -2.9451762822915213], [-59.95356206213687, -2.9362049587000922], [-59.96254521497805, -2.9362049587000922], [-59.96254521497805, -2.9451762822915213]]]}, "id": "-6675,-328", "properties": {"cell_id": "c_-59.9581_-2.9407", "lat": -2.9406906235044348, "lon": -59.9580536385557}}, {"type": "Feature", "geometry": {"type": "Polygon", "coordinates": [[[-59.95356206213687, -2.9451762822915213], [-59.94457890929567, -2.9451762822915213], [-59.94457890929567, -2.9362049587000922], [-59.95356206213687, -2.9362049587000922], [-59.95356206213687, -2.9451762822915213]]]}, "id": "-6674,-328", "properties": {"cell_id": "c_-59.9491_-2.9407", "lat": -2.9406906235164967, "lon": -59.94907048572337}}, {"type": "Feature", "geometry": {"type": "Polygon", "coordinates": [[[-59.94457890929567, -2.9451762822915213], [-59.935595756454475, -2.9451762822915213], [-59.935595756454475, -2.9362049587000922], [-59.94457890929567, -2.9362049587000922], [-59.94457890929567, -2.9451762822915213]]]}, "id": "-6673,-328", "properties": {"cell_id": "c_-59.9401_-2.9407", "lat": -2.9406906235192234, "lon": -59.94008733287582}}, {"type": "Feature", "geometry": {"type": "Polygon", "coordinates": [[[-59.935595756454475, -2.9451762822915213], [-59.92661260361328, -2.9451762822915213], [-59.92661260361328, -2.9362049587000922], [-59.935595756454475, -2.9362049587000922], [-59.935595756454475, -2.9451762822915213]]]}, "id": "-6672,-328", "properties": {"cell_id": "c_-59.9311_-2.9407", "lat": -2.940690623514934, "lon": -59.931104180066555}}, {"type": "Feature", "geometry": {"type": "Polygon", "coordinates": [[[-59.92661260361328, -2.9451762822915213], [-59.917629450772075, -2.9451762822915213], [-59.917629450772075, -2.9362049587000922], [-59.92661260361328, -2.9362049587000922], [-59.92661260361328, -2.9451762822915213]]]}, "id": "-6671,-328", "properties": {"cell_id": "c_-59.9221_-2.9407", "lat": -2.9406906234934644, "lon": -59.922121027166305}}, {"type": "Feature", "geometry": {"type": "Polygon", "coordinates": [[[-59.917629450772075, -2.9451762822915213], [-59.90864629793088, -2.9451762822915213], [-59.90864629793088, -2.9362049587000922], [-59.917629450772075, -2.9362049587000922], [-59.917629450772075, -2.9451762822915213]]]}, "id": "-6670,-328", "properties": {"cell_id": "c_-59.9131_-2.9407", "lat": -2.940690623500092, "lon": -59.91313787433638}}, {"type": "Feature", "geometry": {"type": "Polygon", "coordinates": [[[-59.90864629793088, -2.9451762822915213], [-59.8996631450897, -2.9451762822915213], [-59.8996631450897, -2.9362049587000922], [-59.90864629793088, -2.9362049587000922], [-59.90864629793088, -2.9451762822915213]]]}, "id": "-6669,-328", "properties": {"cell_id": "c_-59.9042_-2.9407", "lat": -2.9406906235070944, "lon": -59.90415472153547}}, {"type": "Feature", "geometry": {"type": "Polygon", "coordinates": [[[-59.8996631450897, -2.9451762822915213], [-59.8906799922485, -2.9451762822915213], [-59.8906799922485, -2.9362049587000922], [-59.8996631450897, -2.9362049587000922], [-59.8996631450897, -2.9451762822915213]]]}, "id": "-6668,-328", "properties": {"cell_id": "c_-59.8952_-2.9407", "lat": -2.9406906235043033, "lon": -59.895171568678755}}, {"type": "Feature", "geometry": {"type": "Polygon", "coordinates": [[[-59.8906799922485, -2.9451762822915213], [-59.881696839407304, -2.9451762822915213], [-59.881696839407304, -2.9362049587000922], [-59.8906799922485, -2.9362049587000922], [-59.8906799922485, -2.9451762822915213]]]}, "id": "-6667,-328", "properties": {"cell_id": "c_-59.8862_-2.9407", "lat": -2.940690623526817, "lon": -59.886188415817415}}, {"type": "Feature", "geometry": {"type": "Polygon", "coordinates": [[[-59.881696839407304, -2.9451762822915213], [-59.8727136865661, -2.9451762822915213], [-59.8727136865661, -2.9362049587000922], [-59.881696839407304, -2.9362049587000922], [-59.881696839407304, -2.9451762822915213]]]}, "id": "-6666,-328", "properties": {"cell_id": "c_-59.8772_-2.9407", "lat": -2.9406906235118107, "lon": -59.87720526297491}}, {"type": "Feature", "geometry": {"type": "Polygon", "coordinates": [[[-59.8727136865661, -2.9451762822915213], [-59.863730533724905, -2.9451762822915213], [-59.863730533724905, -2.9362049587000922], [-59.8727136865661, -2.9362049587000922], [-59.8727136865661, -2.9451762822915213]]]}, "id": "-6665,-328", "properties": {"cell_id": "c_-59.8682_-2.9407", "lat": -2.940690623484204, "lon": -59.868222110157035}}, {"type": "Feature", "geometry": {"type": "Polygon", "coordinates": [[[-59.863730533724905, -2.9451762822915213], [-59.85474738088371, -2.9451762822915213], [-59.85474738088371, -2.9362049587000922], [-59.863730533724905, -2.9362049587000922], [-59.863730533724905, -2.9451762822915213]]]}, "id": "-6664,-328", "properties": {"cell_id": "c_-59.8592_-2.9407", "lat": -2.94069062349945, "lon": -59.85923895729483}}, {"type": "Feature", "geometry": {"type": "Polygon", "coordinates": [[[-59.85474738088371, -2.9451762822915213], [-59.845764228042526, -2.9451762822915213], [-59.845764228042526, -2.9362049587000922], [-59.85474738088371, -2.9362049587000922], [-59.85474738088371, -2.9451762822915213]]]}, "id": "-6663,-328", "properties": {"cell_id": "c_-59.8503_-2.9407", "lat": -2.940690623519638, "lon": -59.85025580448083}}, {"type": "Feature", "geometry": {"type": "Polygon", "coordinates": [[[-59.845764228042526, -2.9451762822915213], [-59.83678107520133, -2.9451762822915213], [-59.83678107520133, -2.9362049587000922], [-59.845764228042526, -2.9362049587000922], [-59.845764228042526, -2.9451762822915213]]]}, "id": "-6662,-328", "properties": {"cell_id": "c_-59.8413_-2.9407", "lat": -2.940690623506853, "lon": -59.84127265161044}}, {"type": "Feature", "geometry": {"type": "Polygon", "coordinates": [[[-59.83678107520133, -2.9451762822915213], [-59.827797922360126, -2.9451762822915213], [-59.827797922360126, -2.9362049587000922], [-59.83678107520133, -2.9362049587000922], [-59.83678107520133, -2.9451762822915213]]]}, "id": "-6661,-328", "properties": {"cell_id": "c_-59.8323_-2.9407", "lat": -2.9406906234961605, "lon": -59.832289498782345}}, {"type": "Feature", "geometry": {"type": "Polygon", "coordinates": [[[-59.827797922360126, -2.9451762822915213], [-59.81881476951893, -2.9451762822915213], [-59.81881476951893, -2.9362049587000922], [-59.827797922360126, -2.9362049587000922], [-59.827797922360126, -2.9451762822915213]]]}, "id": "-6660,-328", "properties": {"cell_id": "c_-59.8233_-2.9407", "lat": -2.9406906235079515, "lon": -59.823306345974096}}, {"type": "Feature", "geometry": {"type": "Polygon", "coordinates": [[[-59.81881476951893, -2.9451762822915213], [-59.809831616677734, -2.9451762822915213], [-59.809831616677734, -2.9362049587000922], [-59.81881476951893, -2.9362049587000922], [-59.81881476951893, -2.9451762822915213]]]}, "id": "-6659,-328", "properties": {"cell_id": "c_-59.8143_-2.9407", "lat": -2.9406906235145036, "lon": -59.81432319307765}}, {"type": "Feature", "geometry": {"type": "Polygon", "coordinates": [[[-59.809831616677734, -2.9451762822915213], [-59.80084846383654, -2.9451762822915213], [-59.80084846383654, -2.9362049587000922], [-59.809831616677734, -2.9362049587000922], [-59.809831616677734, -2.9451762822915213]]]}, "id": "-6658,-328", "properties": {"cell_id": "c_-59.8053_-2.9407", "lat": -2.9406906235202923, "lon": -59.805340040224564}}, {"type": "Feature", "geometry": {"type": "Polygon", "coordinates": [[[-59.80084846383654, -2.9451762822915213], [-59.791865310995355, -2.9451762822915213], [-59.791865310995355, -2.9362049587000922], [-59.80084846383654, -2.9362049587000922], [-59.80084846383654, -2.9451762822915213]]]}, "id": "-6657,-328", "properties": {"cell_id": "c_-59.7964_-2.9407", "lat": -2.9406906235179786, "lon": -59.79635688743824}}, {"type": "Feature", "geometry": {"type": "Polygon", "coordinates": [[[-59.791865310995355, -2.9451762822915213], [-59.78288215815416, -2.9451762822915213], [-59.78288215815416, -2.9362049587000922], [-59.791865310995355, -2.9362049587000922], [-59.791865310995355, -2.9451762822915213]]]}, "id": "-6656,-328", "properties": {"cell_id": "c_-59.7874_-2.9407", "lat": -2.9406906234973587, "lon": -59.78737373459557}}, {"type": "Feature", "geometry": {"type": "Polygon", "coordinates": [[[-59.78288215815416, -2.9451762822915213], [-59.773899005312956, -2.9451762822915213], [-59.773899005312956, -2.9362049587000922], [-59.78288215815416, -2.9362049587000922], [-59.78288215815416, -2.9451762822915213]]]}, "id": "-6655,-328", "properties": {"cell_id": "c_-59.7784_-2.9407", "lat": -2.9406906235037042, "lon": -59.778390581725965}}, {"type": "Feature", "geometry": {"type": "Polygon", "coordinates": [[[-59.773899005312956, -2.9451762822915213], [-59.76491585247176, -2.9451762822915213], [-59.76491585247176, -2.9362049587000922], [-59.773899005312956, -2.9362049587000922], [-59.773899005312956, -2.9451762822915213]]]}, "id": "-6654,-328", "properties": {"cell_id": "c_-59.7694_-2.9407", "lat": -2.94069062350928, "lon": -59.769407428887895}}, {"type": "Feature", "geometry": {"type": "Polygon", "coordinates": [[[-59.76491585247176, -2.9451762822915213], [-59.75593269963056, -2.9451762822915213], [-59.75593269963056, -2.9362049587000922], [-59.76491585247176, -2.9362049587000922], [-59.76491585247176, -2.9451762822915213]]]}, "id": "-6653,-328", "properties": {"cell_id": "c_-59.7604_-2.9407", "lat": -2.9406906234936585, "lon": -59.76042427605345}}, {"type": "Feature", "geometry": {"type": "Polygon", "coordinates": [[[-59.75593269963056, -2.9451762822915213], [-59.74694954678938, -2.9451762822915213], [-59.74694954678938, -2.9362049587000922], [-59.75593269963056, -2.9362049587000922], [-59.75593269963056, -2.9451762822915213]]]}, "id": "-6652,-328", "properties": {"cell_id": "c_-59.7514_-2.9407", "lat": -2.9406906234918906, "lon": -59.75144112318611}}, {"type": "Feature", "geometry": {"type": "Polygon", "coordinates": [[[-60.20509034169033, -2.9362049587000922], [-60.19610718884913, -2.9362049587000922], [-60.19610718884913, -2.927233563057968], [-60.20509034169033, -2.927233563057968], [-60.20509034169033, -2.9362049587000922]]]}, "id": "-6702,-327", "properties": {"cell_id": "c_-60.2006_-2.9317", "lat": -2.931719263871163, "lon": -60.20059876526295}}, {"type": "Feature", "geometry": {"type": "Polygon", "coordinates": [[[-60.19610718884913, -2.9362049587000922], [-60.18712403600794, -2.9362049587000922], [-60.18712403600794, -2.927233563057968], [-60.19610718884913, -2.927233563057968], [-60.19610718884913, -2.9362049587000922]]]}, "id": "-6701,-327", "properties": {"cell_id": "c_-60.1916_-2.9317", "lat": -2.931719263866243, "lon": -60.19161561243029}}, {"type": "Feature", "geometry": {"type": "Polygon", "coordinates": [[[-60.18712403600794, -2.9362049587000922], [-60.17814088316674, -2.9362049587000922], [-60.17814088316674, -2.927233563057968], [-60.18712403600794, -2.927233563057968], [-60.18712403600794, -2.9362049587000922]]]}, "id": "-6700,-327", "properties": {"cell_id": "c_-60.1826_-2.9317", "lat": -2.931719263880037, "lon": -60.18263245958858}}, {"type": "Feature", "geometry": {"type": "Polygon", "coordinates": [[[-60.17814088316674, -2.9362049587000922], [-60.16915773032555, -2.9362049587000922], [-60.16915773032555, -2.927233563057968], [-60.17814088316674, -2.927233563057968], [-60.17814088316674, -2.9362049587000922]]]}, "id": "-6699,-327", "properties": {"cell_id": "c_-60.1736_-2.9317", "lat": -2.9317192638899, "lon": -60.17364930674619}}, {"type": "Feature", "geometry": {"type": "Polygon", "coordinates": [[[-60.16915773032555, -2.9362049587000922], [-60.160174577484355, -2.9362049587000922], [-60.160174577484355, -2.927233563057968], [-60.16915773032555, -2.927233563057968], [-60.16915773032555, -2.9362049587000922]]]}, "id": "-6698,-327", "properties": {"cell_id": "c_-60.1647_-2.9317", "lat": -2.931719263878238, "lon": -60.164666153896825}}, {"type": "Feature", "geometry": {"type": "Polygon", "coordinates": [[[-60.160174577484355, -2.9362049587000922], [-60.15119142464316, -2.9362049587000922], [-60.15119142464316, -2.927233563057968], [-60.160174577484355, -2.927233563057968], [-60.160174577484355, -2.9362049587000922]]]}, "id": "-6697,-327", "properties": {"cell_id": "c_-60.1557_-2.9317", "lat": -2.9317192638877487, "lon": -60.155683001048494}}, {"type": "Feature", "geometry": {"type": "Polygon", "coordinates": [[[-60.15119142464316, -2.9362049587000922], [-60.14220827180196, -2.9362049587000922], [-60.14220827180196, -2.927233563057968], [-60.15119142464316, -2.927233563057968], [-60.15119142464316, -2.9362049587000922]]]}, "id": "-6696,-327", "properties": {"cell_id": "c_-60.1467_-2.9317", "lat": -2.9317192638907423, "lon": -60.14669984822499}}, {"type": "Feature", "geometry": {"type": "Polygon", "coordinates": [[[-60.14220827180196, -2.9362049587000922], [-60.133225118960766, -2.9362049587000922], [-60.133225118960766, -2.927233563057968], [-60.14220827180196, -2.927233563057968], [-60.14220827180196, -2.9362049587000922]]]}, "id": "-6695,-327", "properties": {"cell_id": "c_-60.1377_-2.9317", "lat": -2.93171926387972, "lon": -60.137716695394374}}, {"type": "Feature", "geometry": {"type": "Polygon", "coordinates": [[[-60.133225118960766, -2.9362049587000922], [-60.12424196611957, -2.9362049587000922], [-60.12424196611957, -2.927233563057968], [-60.133225118960766, -2.927233563057968], [-60.133225118960766, -2.9362049587000922]]]}, "id": "-6694,-327", "properties": {"cell_id": "c_-60.1287_-2.9317", "lat": -2.9317192638797738, "lon": -60.12873354253745}}, {"type": "Feature", "geometry": {"type": "Polygon", "coordinates": [[[-60.12424196611957, -2.9362049587000922], [-60.11525881327838, -2.9362049587000922], [-60.11525881327838, -2.927233563057968], [-60.12424196611957, -2.927233563057968], [-60.12424196611957, -2.9362049587000922]]]}, "id": "-6693,-327", "properties": {"cell_id": "c_-60.1198_-2.9317", "lat": -2.9317192638933434, "lon": -60.11975038967752}}, {"type": "Feature", "geometry": {"type": "Polygon", "coordinates": [[[-60.11525881327838, -2.9362049587000922], [-60.106275660437184, -2.9362049587000922], [-60.106275660437184, -2.927233563057968], [-60.11525881327838, -2.927233563057968], [-60.11525881327838, -2.9362049587000922]]]}, "id": "-6692,-327", "properties": {"cell_id": "c_-60.1108_-2.9317", "lat": -2.931719263907877, "lon": -60.11076723686906}}, {"type": "Feature", "geometry": {"type": "Polygon", "coordinates": [[[-60.106275660437184, -2.9362049587000922], [-60.09729250759599, -2.9362049587000922], [-60.09729250759599, -2.927233563057968], [-60.106275660437184, -2.927233563057968], [-60.106275660437184, -2.9362049587000922]]]}, "id": "-6691,-327", "properties": {"cell_id": "c_-60.1018_-2.9317", "lat": -2.931719263900746, "lon": -60.101784084024025}}, {"type": "Feature", "geometry": {"type": "Polygon", "coordinates": [[[-60.09729250759599, -2.9362049587000922], [-60.08830935475479, -2.9362049587000922], [-60.08830935475479, -2.927233563057968], [-60.09729250759599, -2.927233563057968], [-60.09729250759599, -2.9362049587000922]]]}, "id": "-6690,-327", "properties": {"cell_id": "c_-60.0928_-2.9317", "lat": -2.931719263879428, "lon": -60.0928009311765}}, {"type": "Feature", "geometry": {"type": "Polygon", "coordinates": [[[-60.08830935475479, -2.9362049587000922], [-60.079326201913595, -2.9362049587000922], [-60.079326201913595, -2.927233563057968], [-60.08830935475479, -2.927233563057968], [-60.08830935475479, -2.9362049587000922]]]}, "id": "-6689,-327", "properties": {"cell_id": "c_-60.0838_-2.9317", "lat": -2.93171926387403, "lon": -60.08381777834226}}, {"type": "Feature", "geometry": {"type": "Polygon", "coordinates": [[[-60.079326201913595, -2.9362049587000922], [-60.0703430490724, -2.9362049587000922], [-60.0703430490724, -2.927233563057968], [-60.079326201913595, -2.927233563057968], [-60.079326201913595, -2.9362049587000922]]]}, "id": "-6688,-327", "properties": {"cell_id": "c_-60.0748_-2.9317", "lat": -2.9317192638845513, "lon": -60.07483462547703}}, {"type": "Feature", "geometry": {"type": "Polygon", "coordinates": [[[-60.0703430490724, -2.9362049587000922], [-60.06135989623121, -2.9362049587000922], [-60.06135989623121, -2.927233563057968], [-60.0703430490724, -2.927233563057968], [-60.0703430490724, -2.9362049587000922]]]}, "id": "-6687,-327", "properties": {"cell_id": "c_-60.0659_-2.9317", "lat": -2.9317192638934135, "lon": -60.06585147264432}}, {"type": "Feature", "geometry": {"type": "Polygon", "coordinates": [[[-60.06135989623121, -2.9362049587000922], [-60.05237674339001, -2.9362049587000922], [-60.05237674339001, -2.927233563057968], [-60.06135989623121, -2.927233563057968], [-60.06135989623121, -2.9362049587000922]]]}, "id": "-6686,-327", "properties": {"cell_id": "c_-60.0569_-2.9317", "lat": -2.9317192638854346, "lon": -60.05686831984066}}, {"type": "Feature", "geometry": {"type": "Polygon", "coordinates": [[[-60.05237674339001, -2.9362049587000922], [-60.04339359054882, -2.9362049587000922], [-60.04339359054882, -2.927233563057968], [-60.05237674339001, -2.927233563057968], [-60.05237674339001, -2.9362049587000922]]]}, "id": "-6685,-327", "properties": {"cell_id": "c_-60.0479_-2.9317", "lat": -2.931719263873135, "lon": -60.04788516697837}}, {"type": "Feature", "geometry": {"type": "Polygon", "coordinates": [[[-60.04339359054882, -2.9362049587000922], [-60.03441043770762, -2.9362049587000922], [-60.03441043770762, -2.927233563057968], [-60.04339359054882, -2.927233563057968], [-60.04339359054882, -2.9362049587000922]]]}, "id": "-6684,-327", "properties": {"cell_id": "c_-60.0389_-2.9317", "lat": -2.9317192638740845, "lon": -60.038902014080904}}, {"type": "Feature", "geometry": {"type": "Polygon", "coordinates": [[[-60.03441043770762, -2.9362049587000922], [-60.025427284866424, -2.9362049587000922], [-60.025427284866424, -2.927233563057968], [-60.03441043770762, -2.927233563057968], [-60.03441043770762, -2.9362049587000922]]]}, "id": "-6683,-327", "properties": {"cell_id": "c_-60.0299_-2.9317", "lat": -2.931719263888285, "lon": -60.029918861320596}}, {"type": "Feature", "geometry": {"type": "Polygon", "coordinates": [[[-60.025427284866424, -2.9362049587000922], [-60.01644413202522, -2.9362049587000922], [-60.01644413202522, -2.927233563057968], [-60.025427284866424, -2.927233563057968], [-60.025427284866424, -2.9362049587000922]]]}, "id": "-6682,-327", "properties": {"cell_id": "c_-60.0209_-2.9317", "lat": -2.931719263888036, "lon": -60.02093570844885}}, {"type": "Feature", "geometry": {"type": "Polygon", "coordinates": [[[-60.01644413202522, -2.9362049587000922], [-60.00746097918404, -2.9362049587000922], [-60.00746097918404, -2.927233563057968], [-60.01644413202522, -2.927233563057968], [-60.01644413202522, -2.9362049587000922]]]}, "id": "-6681,-327", "properties": {"cell_id": "c_-60.0120_-2.9317", "lat": -2.931719263875703, "lon": -60.01195255558492}}, {"type": "Feature", "geometry": {"type": "Polygon", "coordinates": [[[-60.00746097918404, -2.9362049587000922], [-59.99847782634284, -2.9362049587000922], [-59.99847782634284, -2.927233563057968], [-60.00746097918404, -2.927233563057968], [-60.00746097918404, -2.9362049587000922]]]}, "id": "-6680,-327", "properties": {"cell_id": "c_-60.0030_-2.9317", "lat": -2.9317192638789917, "lon": -60.002969402788146}}, {"type": "Feature", "geometry": {"type": "Polygon", "coordinates": [[[-59.99847782634284, -2.9362049587000922], [-59.989494673501646, -2.9362049587000922], [-59.989494673501646, -2.927233563057968], [-59.99847782634284, -2.927233563057968], [-59.99847782634284, -2.9362049587000922]]]}, "id": "-6679,-327", "properties": {"cell_id": "c_-59.9940_-2.9317", "lat": -2.9317192638928353, "lon": -59.99398624991789}}, {"type": "Feature", "geometry": {"type": "Polygon", "coordinates": [[[-59.989494673501646, -2.9362049587000922], [-59.98051152066045, -2.9362049587000922], [-59.98051152066045, -2.927233563057968], [-59.989494673501646, -2.927233563057968], [-59.989494673501646, -2.9362049587000922]]]}, "id": "-6678,-327", "properties": {"cell_id": "c_-59.9850_-2.9317", "lat": -2.9317192639020213, "lon": -59.98500309705545}}, {"type": "Feature", "geometry": {"type": "Polygon", "coordinates": [[[-59.98051152066045, -2.9362049587000922], [-59.971528367819246, -2.9362049587000922], [-59.971528367819246, -2.927233563057968], [-59.98051152066045, -2.927233563057968], [-59.98051152066045, -2.9362049587000922]]]}, "id": "-6677,-327", "properties": {"cell_id": "c_-59.9760_-2.9317", "lat": -2.9317192638839025, "lon": -59.976019944265296}}, {"type": "Feature", "geometry": {"type": "Polygon", "coordinates": [[[-59.971528367819246, -2.9362049587000922], [-59.96254521497805, -2.9362049587000922], [-59.96254521497805, -2.927233563057968], [-59.971528367819246, -2.927233563057968], [-59.971528367819246, -2.9362049587000922]]]}, "id": "-6676,-327", "properties": {"cell_id": "c_-59.9670_-2.9317", "lat": -2.9317192638736116, "lon": -59.96703679135635}}, {"type": "Feature", "geometry": {"type": "Polygon", "coordinates": [[[-59.96254521497805, -2.9362049587000922], [-59.95356206213687, -2.9362049587000922], [-59.95356206213687, -2.927233563057968], [-59.96254521497805, -2.927233563057968], [-59.96254521497805, -2.9362049587000922]]]}, "id": "-6675,-327", "properties": {"cell_id": "c_-59.9581_-2.9317", "lat": -2.931719263871149, "lon": -59.95805363856109}}, {"type": "Feature", "geometry": {"type": "Polygon", "coordinates": [[[-59.95356206213687, -2.9362049587000922], [-59.94457890929567, -2.9362049587000922], [-59.94457890929567, -2.927233563057968], [-59.95356206213687, -2.927233563057968], [-59.95356206213687, -2.9362049587000922]]]}, "id": "-6674,-327", "properties": {"cell_id": "c_-59.9491_-2.9317", "lat": -2.9317192638714387, "lon": -59.94907048573034}}, {"type": "Feature", "geometry": {"type": "Polygon", "coordinates": [[[-59.94457890929567, -2.9362049587000922], [-59.935595756454475, -2.9362049587000922], [-59.935595756454475, -2.927233563057968], [-59.94457890929567, -2.927233563057968], [-59.94457890929567, -2.9362049587000922]]]}, "id": "-6673,-327", "properties": {"cell_id": "c_-59.9401_-2.9317", "lat": -2.931719263876802, "lon": -59.94008733287697}}, {"type": "Feature", "geometry": {"type": "Polygon", "coordinates": [[[-59.935595756454475, -2.9362049587000922], [-59.92661260361328, -2.9362049587000922], [-59.92661260361328, -2.927233563057968], [-59.935595756454475, -2.927233563057968], [-59.935595756454475, -2.9362049587000922]]]}, "id": "-6672,-327", "properties": {"cell_id": "c_-59.9311_-2.9317", "lat": -2.9317192638747627, "lon": -59.93110418005908}}, {"type": "Feature", "geometry": {"type": "Polygon", "coordinates": [[[-59.92661260361328, -2.9362049587000922], [-59.917629450772075, -2.9362049587000922], [-59.917629450772075, -2.927233563057968], [-59.92661260361328, -2.927233563057968], [-59.92661260361328, -2.9362049587000922]]]}, "id": "-6671,-327", "properties": {"cell_id": "c_-59.9221_-2.9317", "lat": -2.931719263882882, "lon": -59.922121027160415}}, {"type": "Feature", "geometry": {"type": "Polygon", "coordinates": [[[-59.917629450772075, -2.9362049587000922], [-59.90864629793088, -2.9362049587000922], [-59.90864629793088, -2.927233563057968], [-59.917629450772075, -2.927233563057968], [-59.917629450772075, -2.9362049587000922]]]}, "id": "-6670,-327", "properties": {"cell_id": "c_-59.9131_-2.9317", "lat": -2.93171926388083, "lon": -59.91313787434686}}, {"type": "Feature", "geometry": {"type": "Polygon", "coordinates": [[[-59.90864629793088, -2.9362049587000922], [-59.8996631450897, -2.9362049587000922], [-59.8996631450897, -2.927233563057968], [-59.90864629793088, -2.927233563057968], [-59.90864629793088, -2.9362049587000922]]]}, "id": "-6669,-327", "properties": {"cell_id": "c_-59.9042_-2.9317", "lat": -2.931719263875983, "lon": -59.90415472152715}}, {"type": "Feature", "geometry": {"type": "Polygon", "coordinates": [[[-59.8996631450897, -2.9362049587000922], [-59.8906799922485, -2.9362049587000922], [-59.8906799922485, -2.927233563057968], [-59.8996631450897, -2.927233563057968], [-59.8996631450897, -2.9362049587000922]]]}, "id": "-6668,-327", "properties": {"cell_id": "c_-59.8952_-2.9317", "lat": -2.9317192638785095, "lon": -59.89517156868679}}, {"type": "Feature", "geometry": {"type": "Polygon", "coordinates": [[[-59.8906799922485, -2.9362049587000922], [-59.881696839407304, -2.9362049587000922], [-59.881696839407304, -2.927233563057968], [-59.8906799922485, -2.927233563057968], [-59.8906799922485, -2.9362049587000922]]]}, "id": "-6667,-327", "properties": {"cell_id": "c_-59.8862_-2.9317", "lat": -2.9317192638708636, "lon": -59.886188415824265}}, {"type": "Feature", "geometry": {"type": "Polygon", "coordinates": [[[-59.881696839407304, -2.9362049587000922], [-59.8727136865661, -2.9362049587000922], [-59.8727136865661, -2.927233563057968], [-59.881696839407304, -2.927233563057968], [-59.881696839407304, -2.9362049587000922]]]}, "id": "-6666,-327", "properties": {"cell_id": "c_-59.8772_-2.9317", "lat": -2.9317192638779703, "lon": -59.87720526296015}}, {"type": "Feature", "geometry": {"type": "Polygon", "coordinates": [[[-59.8727136865661, -2.9362049587000922], [-59.863730533724905, -2.9362049587000922], [-59.863730533724905, -2.927233563057968], [-59.8727136865661, -2.927233563057968], [-59.8727136865661, -2.9362049587000922]]]}, "id": "-6665,-327", "properties": {"cell_id": "c_-59.8682_-2.9317", "lat": -2.9317192638896494, "lon": -59.868222110155834}}, {"type": "Feature", "geometry": {"type": "Polygon", "coordinates": [[[-59.863730533724905, -2.9362049587000922], [-59.85474738088371, -2.9362049587000922], [-59.85474738088371, -2.927233563057968], [-59.863730533724905, -2.927233563057968], [-59.863730533724905, -2.9362049587000922]]]}, "id": "-6664,-327", "properties": {"cell_id": "c_-59.8592_-2.9317", "lat": -2.93171926387817, "lon": -59.859238957299816}}, {"type": "Feature", "geometry": {"type": "Polygon", "coordinates": [[[-59.85474738088371, -2.9362049587000922], [-59.845764228042526, -2.9362049587000922], [-59.845764228042526, -2.927233563057968], [-59.85474738088371, -2.927233563057968], [-59.85474738088371, -2.9362049587000922]]]}, "id": "-6663,-327", "properties": {"cell_id": "c_-59.8503_-2.9317", "lat": -2.9317192638712646, "lon": -59.85025580448915}}, {"type": "Feature", "geometry": {"type": "Polygon", "coordinates": [[[-59.845764228042526, -2.9362049587000922], [-59.83678107520133, -2.9362049587000922], [-59.83678107520133, -2.927233563057968], [-59.845764228042526, -2.927233563057968], [-59.845764228042526, -2.9362049587000922]]]}, "id": "-6662,-327", "properties": {"cell_id": "c_-59.8413_-2.9317", "lat": -2.9317192638762872, "lon": -59.841272651594345}}, {"type": "Feature", "geometry": {"type": "Polygon", "coordinates": [[[-59.83678107520133, -2.9362049587000922], [-59.827797922360126, -2.9362049587000922], [-59.827797922360126, -2.927233563057968], [-59.83678107520133, -2.927233563057968], [-59.83678107520133, -2.9362049587000922]]]}, "id": "-6661,-327", "properties": {"cell_id": "c_-59.8323_-2.9317", "lat": -2.9317192638932412, "lon": -59.8322894988047}}, {"type": "Feature", "geometry": {"type": "Polygon", "coordinates": [[[-59.827797922360126, -2.9362049587000922], [-59.81881476951893, -2.9362049587000922], [-59.81881476951893, -2.927233563057968], [-59.827797922360126, -2.927233563057968], [-59.827797922360126, -2.9362049587000922]]]}, "id": "-6660,-327", "properties": {"cell_id": "c_-59.8233_-2.9317", "lat": -2.931719263884201, "lon": -59.82330634595448}}, {"type": "Feature", "geometry": {"type": "Polygon", "coordinates": [[[-59.81881476951893, -2.9362049587000922], [-59.809831616677734, -2.9362049587000922], [-59.809831616677734, -2.927233563057968], [-59.81881476951893, -2.927233563057968], [-59.81881476951893, -2.9362049587000922]]]}, "id": "-6659,-327", "properties": {"cell_id": "c_-59.8143_-2.9317", "lat": -2.931719263856506, "lon": -59.81432319307607}}, {"type": "Feature", "geometry": {"type": "Polygon", "coordinates": [[[-59.809831616677734, -2.9362049587000922], [-59.80084846383654, -2.9362049587000922], [-59.80084846383654, -2.927233563057968], [-59.809831616677734, -2.927233563057968], [-59.809831616677734, -2.9362049587000922]]]}, "id": "-6658,-327", "properties": {"cell_id": "c_-59.8053_-2.9317", "lat": -2.9317192638656158, "lon": -59.805340040241056}}, {"type": "Feature", "geometry": {"type": "Polygon", "coordinates": [[[-59.80084846383654, -2.9362049587000922], [-59.791865310995355, -2.9362049587000922], [-59.791865310995355, -2.927233563057968], [-59.80084846383654, -2.927233563057968], [-59.80084846383654, -2.9362049587000922]]]}, "id": "-6657,-327", "properties": {"cell_id": "c_-59.7964_-2.9317", "lat": -2.931719263883805, "lon": -59.79635688743765}}, {"type": "Feature", "geometry": {"type": "Polygon", "coordinates": [[[-59.791865310995355, -2.9362049587000922], [-59.78288215815416, -2.9362049587000922], [-59.78288215815416, -2.927233563057968], [-59.791865310995355, -2.927233563057968], [-59.791865310995355, -2.9362049587000922]]]}, "id": "-6656,-327", "properties": {"cell_id": "c_-59.7874_-2.9317", "lat": -2.9317192638833336, "lon": -59.787373734575034}}, {"type": "Feature", "geometry": {"type": "Polygon", "coordinates": [[[-59.78288215815416, -2.9362049587000922], [-59.773899005312956, -2.9362049587000922], [-59.773899005312956, -2.927233563057968], [-59.78288215815416, -2.927233563057968], [-59.78288215815416, -2.9362049587000922]]]}, "id": "-6655,-327", "properties": {"cell_id": "c_-59.7784_-2.9317", "lat": -2.9317192638613223, "lon": -59.778390581730825}}, {"type": "Feature", "geometry": {"type": "Polygon", "coordinates": [[[-59.773899005312956, -2.9362049587000922], [-59.76491585247176, -2.9362049587000922], [-59.76491585247176, -2.927233563057968], [-59.773899005312956, -2.927233563057968], [-59.773899005312956, -2.9362049587000922]]]}, "id": "-6654,-327", "properties": {"cell_id": "c_-59.7694_-2.9317", "lat": -2.9317192638630316, "lon": -59.76940742889035}}, {"type": "Feature", "geometry": {"type": "Polygon", "coordinates": [[[-59.76491585247176, -2.9362049587000922], [-59.75593269963056, -2.9362049587000922], [-59.75593269963056, -2.927233563057968], [-59.76491585247176, -2.927233563057968], [-59.76491585247176, -2.9362049587000922]]]}, "id": "-6653,-327", "properties": {"cell_id": "c_-59.7604_-2.9317", "lat": -2.931719263881146, "lon": -59.760424276053506}}, {"type": "Feature", "geometry": {"type": "Polygon", "coordinates": [[[-59.75593269963056, -2.9362049587000922], [-59.74694954678938, -2.9362049587000922], [-59.74694954678938, -2.927233563057968], [-59.75593269963056, -2.927233563057968], [-59.75593269963056, -2.9362049587000922]]]}, "id": "-6652,-327", "properties": {"cell_id": "c_-59.7514_-2.9317", "lat": -2.931719263877723, "lon": -59.75144112318085}}, {"type": "Feature", "geometry": {"type": "Polygon", "coordinates": [[[-60.20509034169033, -2.927233563057968], [-60.19610718884913, -2.927233563057968], [-60.19610718884913, -2.9182620955845553], [-60.20509034169033, -2.9182620955845553], [-60.20509034169033, -2.927233563057968]]]}, "id": "-6702,-326", "properties": {"cell_id": "c_-60.2006_-2.9227", "lat": -2.922747832285244, "lon": -60.20059876529252}}, {"type": "Feature", "geometry": {"type": "Polygon", "coordinates": [[[-60.19610718884913, -2.927233563057968], [-60.18712403600794, -2.927233563057968], [-60.18712403600794, -2.9182620955845553], [-60.19610718884913, -2.9182620955845553], [-60.19610718884913, -2.927233563057968]]]}, "id": "-6701,-326", "properties": {"cell_id": "c_-60.1916_-2.9227", "lat": -2.922747832301037, "lon": -60.191615612411624}}, {"type": "Feature", "geometry": {"type": "Polygon", "coordinates": [[[-60.18712403600794, -2.927233563057968], [-60.17814088316674, -2.927233563057968], [-60.17814088316674, -2.9182620955845553], [-60.18712403600794, -2.9182620955845553], [-60.18712403600794, -2.927233563057968]]]}, "id": "-6700,-326", "properties": {"cell_id": "c_-60.1826_-2.9227", "lat": -2.9227478322772367, "lon": -60.18263245959722}}, {"type": "Feature", "geometry": {"type": "Polygon", "coordinates": [[[-60.17814088316674, -2.927233563057968], [-60.16915773032555, -2.927233563057968], [-60.16915773032555, -2.9182620955845553], [-60.17814088316674, -2.9182620955845553], [-60.17814088316674, -2.927233563057968]]]}, "id": "-6699,-326", "properties": {"cell_id": "c_-60.1736_-2.9227", "lat": -2.922747832266651, "lon": -60.17364930673681}}, {"type": "Feature", "geometry": {"type": "Polygon", "coordinates": [[[-60.16915773032555, -2.927233563057968], [-60.160174577484355, -2.927233563057968], [-60.160174577484355, -2.9182620955845553], [-60.16915773032555, -2.9182620955845553], [-60.16915773032555, -2.927233563057968]]]}, "id": "-6698,-326", "properties": {"cell_id": "c_-60.1647_-2.9227", "lat": -2.922747832276791, "lon": -60.16466615390466}}, {"type": "Feature", "geometry": {"type": "Polygon", "coordinates": [[[-60.160174577484355, -2.927233563057968], [-60.15119142464316, -2.927233563057968], [-60.15119142464316, -2.9182620955845553], [-60.160174577484355, -2.9182620955845553], [-60.160174577484355, -2.927233563057968]]]}, "id": "-6697,-326", "properties": {"cell_id": "c_-60.1557_-2.9227", "lat": -2.922747832285008, "lon": -60.1556830010584}}, {"type": "Feature", "geometry": {"type": "Polygon", "coordinates": [[[-60.15119142464316, -2.927233563057968], [-60.14220827180196, -2.927233563057968], [-60.14220827180196, -2.9182620955845553], [-60.15119142464316, -2.9182620955845553], [-60.15119142464316, -2.927233563057968]]]}, "id": "-6696,-326", "properties": {"cell_id": "c_-60.1467_-2.9227", "lat": -2.922747832291304, "lon": -60.146699848224394}}, {"type": "Feature", "geometry": {"type": "Polygon", "coordinates": [[[-60.14220827180196, -2.927233563057968], [-60.133225118960766, -2.927233563057968], [-60.133225118960766, -2.9182620955845553], [-60.14220827180196, -2.9182620955845553], [-60.14220827180196, -2.927233563057968]]]}, "id": "-6695,-326", "properties": {"cell_id": "c_-60.1377_-2.9227", "lat": -2.9227478322805385, "lon": -60.13771669537317}}, {"type": "Feature", "geometry": {"type": "Polygon", "coordinates": [[[-60.133225118960766, -2.927233563057968], [-60.12424196611957, -2.927233563057968], [-60.12424196611957, -2.9182620955845553], [-60.133225118960766, -2.9182620955845553], [-60.133225118960766, -2.927233563057968]]]}, "id": "-6694,-326", "properties": {"cell_id": "c_-60.1287_-2.9227", "lat": -2.922747832270302, "lon": -60.128733542548474}}, {"type": "Feature", "geometry": {"type": "Polygon", "coordinates": [[[-60.12424196611957, -2.927233563057968], [-60.11525881327838, -2.927233563057968], [-60.11525881327838, -2.9182620955845553], [-60.12424196611957, -2.9182620955845553], [-60.12424196611957, -2.927233563057968]]]}, "id": "-6693,-326", "properties": {"cell_id": "c_-60.1198_-2.9227", "lat": -2.9227478322832385, "lon": -60.11975038969304}}, {"type": "Feature", "geometry": {"type": "Polygon", "coordinates": [[[-60.11525881327838, -2.927233563057968], [-60.106275660437184, -2.927233563057968], [-60.106275660437184, -2.9182620955845553], [-60.11525881327838, -2.9182620955845553], [-60.11525881327838, -2.927233563057968]]]}, "id": "-6692,-326", "properties": {"cell_id": "c_-60.1108_-2.9227", "lat": -2.922747832281548, "lon": -60.110767236866394}}, {"type": "Feature", "geometry": {"type": "Polygon", "coordinates": [[[-60.106275660437184, -2.927233563057968], [-60.09729250759599, -2.927233563057968], [-60.09729250759599, -2.9182620955845553], [-60.106275660437184, -2.9182620955845553], [-60.106275660437184, -2.927233563057968]]]}, "id": "-6691,-326", "properties": {"cell_id": "c_-60.1018_-2.9227", "lat": -2.922747832282818, "lon": -60.10178408402082}}, {"type": "Feature", "geometry": {"type": "Polygon", "coordinates": [[[-60.09729250759599, -2.927233563057968], [-60.08830935475479, -2.927233563057968], [-60.08830935475479, -2.9182620955845553], [-60.09729250759599, -2.9182620955845553], [-60.09729250759599, -2.927233563057968]]]}, "id": "-6690,-326", "properties": {"cell_id": "c_-60.0928_-2.9227", "lat": -2.9227478322870444, "lon": -60.0928009311626}}, {"type": "Feature", "geometry": {"type": "Polygon", "coordinates": [[[-60.08830935475479, -2.927233563057968], [-60.079326201913595, -2.927233563057968], [-60.079326201913595, -2.9182620955845553], [-60.08830935475479, -2.9182620955845553], [-60.08830935475479, -2.927233563057968]]]}, "id": "-6689,-326", "properties": {"cell_id": "c_-60.0838_-2.9227", "lat": -2.9227478322841205, "lon": -60.08381777834783}}, {"type": "Feature", "geometry": {"type": "Polygon", "coordinates": [[[-60.079326201913595, -2.927233563057968], [-60.0703430490724, -2.927233563057968], [-60.0703430490724, -2.9182620955845553], [-60.079326201913595, -2.9182620955845553], [-60.079326201913595, -2.927233563057968]]]}, "id": "-6688,-326", "properties": {"cell_id": "c_-60.0748_-2.9227", "lat": -2.922747832286565, "lon": -60.07483462548444}}, {"type": "Feature", "geometry": {"type": "Polygon", "coordinates": [[[-60.0703430490724, -2.927233563057968], [-60.06135989623121, -2.927233563057968], [-60.06135989623121, -2.9182620955845553], [-60.0703430490724, -2.9182620955845553], [-60.0703430490724, -2.927233563057968]]]}, "id": "-6687,-326", "properties": {"cell_id": "c_-60.0659_-2.9227", "lat": -2.9227478322893172, "lon": -60.065851472648525}}, {"type": "Feature", "geometry": {"type": "Polygon", "coordinates": [[[-60.06135989623121, -2.927233563057968], [-60.05237674339001, -2.927233563057968], [-60.05237674339001, -2.9182620955845553], [-60.06135989623121, -2.9182620955845553], [-60.06135989623121, -2.927233563057968]]]}, "id": "-6686,-326", "properties": {"cell_id": "c_-60.0569_-2.9227", "lat": -2.9227478322974405, "lon": -60.0568683198366}}, {"type": "Feature", "geometry": {"type": "Polygon", "coordinates": [[[-60.05237674339001, -2.927233563057968], [-60.04339359054882, -2.927233563057968], [-60.04339359054882, -2.9182620955845553], [-60.05237674339001, -2.9182620955845553], [-60.05237674339001, -2.927233563057968]]]}, "id": "-6685,-326", "properties": {"cell_id": "c_-60.0479_-2.9227", "lat": -2.9227478323008156, "lon": -60.0478851669735}}, {"type": "Feature", "geometry": {"type": "Polygon", "coordinates": [[[-60.04339359054882, -2.927233563057968], [-60.03441043770762, -2.927233563057968], [-60.03441043770762, -2.9182620955845553], [-60.04339359054882, -2.9182620955845553], [-60.04339359054882, -2.927233563057968]]]}, "id": "-6684,-326", "properties": {"cell_id": "c_-60.0389_-2.9227", "lat": -2.922747832301829, "lon": -60.038902014087746}}, {"type": "Feature", "geometry": {"type": "Polygon", "coordinates": [[[-60.03441043770762, -2.927233563057968], [-60.025427284866424, -2.927233563057968], [-60.025427284866424, -2.9182620955845553], [-60.03441043770762, -2.9182620955845553], [-60.03441043770762, -2.927233563057968]]]}, "id": "-6683,-326", "properties": {"cell_id": "c_-60.0299_-2.9227", "lat": -2.922747832287965, "lon": -60.029918861314094}}, {"type": "Feature", "geometry": {"type": "Polygon", "coordinates": [[[-60.025427284866424, -2.927233563057968], [-60.01644413202522, -2.927233563057968], [-60.01644413202522, -2.9182620955845553], [-60.025427284866424, -2.9182620955845553], [-60.025427284866424, -2.927233563057968]]]}, "id": "-6682,-326", "properties": {"cell_id": "c_-60.0209_-2.9227", "lat": -2.9227478322717393, "lon": -60.02093570843885}}, {"type": "Feature", "geometry": {"type": "Polygon", "coordinates": [[[-60.01644413202522, -2.927233563057968], [-60.00746097918404, -2.927233563057968], [-60.00746097918404, -2.9182620955845553], [-60.01644413202522, -2.9182620955845553], [-60.01644413202522, -2.927233563057968]]]}, "id": "-6681,-326", "properties": {"cell_id": "c_-60.0120_-2.9227", "lat": -2.9227478322832248, "lon": -60.011952555594064}}, {"type": "Feature", "geometry": {"type": "Polygon", "coordinates": [[[-60.00746097918404, -2.927233563057968], [-59.99847782634284, -2.927233563057968], [-59.99847782634284, -2.9182620955845553], [-60.00746097918404, -2.9182620955845553], [-60.00746097918404, -2.927233563057968]]]}, "id": "-6680,-326", "properties": {"cell_id": "c_-60.0030_-2.9227", "lat": -2.9227478322771425, "lon": -60.00296940277619}}, {"type": "Feature", "geometry": {"type": "Polygon", "coordinates": [[[-59.99847782634284, -2.927233563057968], [-59.989494673501646, -2.927233563057968], [-59.989494673501646, -2.9182620955845553], [-59.99847782634284, -2.9182620955845553], [-59.99847782634284, -2.927233563057968]]]}, "id": "-6679,-326", "properties": {"cell_id": "c_-59.9940_-2.9227", "lat": -2.922747832265985, "lon": -59.993986249932526}}, {"type": "Feature", "geometry": {"type": "Polygon", "coordinates": [[[-59.989494673501646, -2.927233563057968], [-59.98051152066045, -2.927233563057968], [-59.98051152066045, -2.9182620955845553], [-59.989494673501646, -2.9182620955845553], [-59.989494673501646, -2.927233563057968]]]}, "id": "-6678,-326", "properties": {"cell_id": "c_-59.9850_-2.9227", "lat": -2.9227478322723974, "lon": -59.98500309705643}}, {"type": "Feature", "geometry": {"type": "Polygon", "coordinates": [[[-59.98051152066045, -2.927233563057968], [-59.971528367819246, -2.927233563057968], [-59.971528367819246, -2.9182620955845553], [-59.98051152066045, -2.9182620955845553], [-59.98051152066045, -2.927233563057968]]]}, "id": "-6677,-326", "properties": {"cell_id": "c_-59.9760_-2.9227", "lat": -2.9227478322913036, "lon": -59.976019944265126}}, {"type": "Feature", "geometry": {"type": "Polygon", "coordinates": [[[-59.971528367819246, -2.927233563057968], [-59.96254521497805, -2.927233563057968], [-59.96254521497805, -2.9182620955845553], [-59.971528367819246, -2.9182620955845553], [-59.971528367819246, -2.927233563057968]]]}, "id": "-6676,-326", "properties": {"cell_id": "c_-59.9670_-2.9227", "lat": -2.922747832312559, "lon": -59.96703679136752}}, {"type": "Feature", "geometry": {"type": "Polygon", "coordinates": [[[-59.96254521497805, -2.927233563057968], [-59.95356206213687, -2.927233563057968], [-59.95356206213687, -2.9182620955845553], [-59.96254521497805, -2.9182620955845553], [-59.96254521497805, -2.927233563057968]]]}, "id": "-6675,-326", "properties": {"cell_id": "c_-59.9581_-2.9227", "lat": -2.9227478323135254, "lon": -59.95805363854845}}, {"type": "Feature", "geometry": {"type": "Polygon", "coordinates": [[[-59.95356206213687, -2.927233563057968], [-59.94457890929567, -2.927233563057968], [-59.94457890929567, -2.9182620955845553], [-59.95356206213687, -2.9182620955845553], [-59.95356206213687, -2.927233563057968]]]}, "id": "-6674,-326", "properties": {"cell_id": "c_-59.9491_-2.9227", "lat": -2.922747832301615, "lon": -59.94907048573137}}, {"type": "Feature", "geometry": {"type": "Polygon", "coordinates": [[[-59.94457890929567, -2.927233563057968], [-59.935595756454475, -2.927233563057968], [-59.935595756454475, -2.9182620955845553], [-59.94457890929567, -2.9182620955845553], [-59.94457890929567, -2.927233563057968]]]}, "id": "-6673,-326", "properties": {"cell_id": "c_-59.9401_-2.9227", "lat": -2.9227478322893017, "lon": -59.94008733286899}}, {"type": "Feature", "geometry": {"type": "Polygon", "coordinates": [[[-59.935595756454475, -2.927233563057968], [-59.92661260361328, -2.927233563057968], [-59.92661260361328, -2.9182620955845553], [-59.935595756454475, -2.9182620955845553], [-59.935595756454475, -2.927233563057968]]]}, "id": "-6672,-326", "properties": {"cell_id": "c_-59.9311_-2.9227", "lat": -2.922747832286749, "lon": -59.93110418006246}}, {"type": "Feature", "geometry": {"type": "Polygon", "coordinates": [[[-59.92661260361328, -2.927233563057968], [-59.917629450772075, -2.927233563057968], [-59.917629450772075, -2.9182620955845553], [-59.92661260361328, -2.9182620955845553], [-59.92661260361328, -2.927233563057968]]]}, "id": "-6671,-326", "properties": {"cell_id": "c_-59.9221_-2.9227", "lat": -2.9227478322810203, "lon": -59.92212102715942}}, {"type": "Feature", "geometry": {"type": "Polygon", "coordinates": [[[-59.917629450772075, -2.927233563057968], [-59.90864629793088, -2.927233563057968], [-59.90864629793088, -2.9182620955845553], [-59.917629450772075, -2.9182620955845553], [-59.917629450772075, -2.927233563057968]]]}, "id": "-6670,-326", "properties": {"cell_id": "c_-59.9131_-2.9227", "lat": -2.9227478322822686, "lon": -59.91313787434705}}, {"type": "Feature", "geometry": {"type": "Polygon", "coordinates": [[[-59.90864629793088, -2.927233563057968], [-59.8996631450897, -2.927233563057968], [-59.8996631450897, -2.9182620955845553], [-59.90864629793088, -2.9182620955845553], [-59.90864629793088, -2.927233563057968]]]}, "id": "-6669,-326", "properties": {"cell_id": "c_-59.9042_-2.9227", "lat": -2.9227478322932927, "lon": -59.904154721533146}}, {"type": "Feature", "geometry": {"type": "Polygon", "coordinates": [[[-59.8996631450897, -2.927233563057968], [-59.8906799922485, -2.927233563057968], [-59.8906799922485, -2.9182620955845553], [-59.8996631450897, -2.9182620955845553], [-59.8996631450897, -2.927233563057968]]]}, "id": "-6668,-326", "properties": {"cell_id": "c_-59.8952_-2.9227", "lat": -2.9227478322909684, "lon": -59.89517156868101}}, {"type": "Feature", "geometry": {"type": "Polygon", "coordinates": [[[-59.8906799922485, -2.927233563057968], [-59.881696839407304, -2.927233563057968], [-59.881696839407304, -2.9182620955845553], [-59.8906799922485, -2.9182620955845553], [-59.8906799922485, -2.927233563057968]]]}, "id": "-6667,-326", "properties": {"cell_id": "c_-59.8862_-2.9227", "lat": -2.922747832292832, "lon": -59.88618841582427}}, {"type": "Feature", "geometry": {"type": "Polygon", "coordinates": [[[-59.881696839407304, -2.927233563057968], [-59.8727136865661, -2.927233563057968], [-59.8727136865661, -2.9182620955845553], [-59.881696839407304, -2.9182620955845553], [-59.881696839407304, -2.927233563057968]]]}, "id": "-6666,-326", "properties": {"cell_id": "c_-59.8772_-2.9227", "lat": -2.922747832291513, "lon": -59.87720526296595}}, {"type": "Feature", "geometry": {"type": "Polygon", "coordinates": [[[-59.8727136865661, -2.927233563057968], [-59.863730533724905, -2.927233563057968], [-59.863730533724905, -2.9182620955845553], [-59.8727136865661, -2.9182620955845553], [-59.8727136865661, -2.927233563057968]]]}, "id": "-6665,-326", "properties": {"cell_id": "c_-59.8682_-2.9227", "lat": -2.922747832294392, "lon": -59.8682221101646}}, {"type": "Feature", "geometry": {"type": "Polygon", "coordinates": [[[-59.863730533724905, -2.927233563057968], [-59.85474738088371, -2.927233563057968], [-59.85474738088371, -2.9182620955845553], [-59.863730533724905, -2.9182620955845553], [-59.863730533724905, -2.927233563057968]]]}, "id": "-6664,-326", "properties": {"cell_id": "c_-59.8592_-2.9227", "lat": -2.9227478323088243, "lon": -59.85923895729399}}, {"type": "Feature", "geometry": {"type": "Polygon", "coordinates": [[[-59.85474738088371, -2.927233563057968], [-59.845764228042526, -2.927233563057968], [-59.845764228042526, -2.9182620955845553], [-59.85474738088371, -2.9182620955845553], [-59.85474738088371, -2.927233563057968]]]}, "id": "-6663,-326", "properties": {"cell_id": "c_-59.8503_-2.9227", "lat": -2.9227478322968903, "lon": -59.85025580447611}}, {"type": "Feature", "geometry": {"type": "Polygon", "coordinates": [[[-59.845764228042526, -2.927233563057968], [-59.83678107520133, -2.927233563057968], [-59.83678107520133, -2.9182620955845553], [-59.845764228042526, -2.9182620955845553], [-59.845764228042526, -2.927233563057968]]]}, "id": "-6662,-326", "properties": {"cell_id": "c_-59.8413_-2.9227", "lat": -2.922747832296506, "lon": -59.84127265161203}}, {"type": "Feature", "geometry": {"type": "Polygon", "coordinates": [[[-59.83678107520133, -2.927233563057968], [-59.827797922360126, -2.927233563057968], [-59.827797922360126, -2.9182620955845553], [-59.83678107520133, -2.9182620955845553], [-59.83678107520133, -2.927233563057968]]]}, "id": "-6661,-326", "properties": {"cell_id": "c_-59.8323_-2.9227", "lat": -2.9227478322799407, "lon": -59.8322894987874}}, {"type": "Feature", "geometry": {"type": "Polygon", "coordinates": [[[-59.827797922360126, -2.927233563057968], [-59.81881476951893, -2.927233563057968], [-59.81881476951893, -2.9182620955845553], [-59.827797922360126, -2.9182620955845553], [-59.827797922360126, -2.927233563057968]]]}, "id": "-6660,-326", "properties": {"cell_id": "c_-59.8233_-2.9227", "lat": -2.922747832272088, "lon": -59.823306345954876}}, {"type": "Feature", "geometry": {"type": "Polygon", "coordinates": [[[-59.81881476951893, -2.927233563057968], [-59.809831616677734, -2.927233563057968], [-59.809831616677734, -2.9182620955845553], [-59.81881476951893, -2.9182620955845553], [-59.81881476951893, -2.927233563057968]]]}, "id": "-6659,-326", "properties": {"cell_id": "c_-59.8143_-2.9227", "lat": -2.9227478323006744, "lon": -59.81432319307659}}, {"type": "Feature", "geometry": {"type": "Polygon", "coordinates": [[[-59.809831616677734, -2.927233563057968], [-59.80084846383654, -2.927233563057968], [-59.80084846383654, -2.9182620955845553], [-59.809831616677734, -2.9182620955845553], [-59.809831616677734, -2.927233563057968]]]}, "id": "-6658,-326", "properties": {"cell_id": "c_-59.8053_-2.9227", "lat": -2.9227478322927034, "lon": -59.80534004024169}}, {"type": "Feature", "geometry": {"type": "Polygon", "coordinates": [[[-59.80084846383654, -2.927233563057968], [-59.791865310995355, -2.927233563057968], [-59.791865310995355, -2.9182620955845553], [-59.80084846383654, -2.9182620955845553], [-59.80084846383654, -2.927233563057968]]]}, "id": "-6657,-326", "properties": {"cell_id": "c_-59.7964_-2.9227", "lat": -2.9227478322832448, "lon": -59.79635688744576}}, {"type": "Feature", "geometry": {"type": "Polygon", "coordinates": [[[-59.791865310995355, -2.927233563057968], [-59.78288215815416, -2.927233563057968], [-59.78288215815416, -2.9182620955845553], [-59.791865310995355, -2.9182620955845553], [-59.791865310995355, -2.927233563057968]]]}, "id": "-6656,-326", "properties": {"cell_id": "c_-59.7874_-2.9227", "lat": -2.9227478322971603, "lon": -59.78737373458039}}, {"type": "Feature", "geometry": {"type": "Polygon", "coordinates": [[[-59.78288215815416, -2.927233563057968], [-59.773899005312956, -2.927233563057968], [-59.773899005312956, -2.9182620955845553], [-59.78288215815416, -2.9182620955845553], [-59.78288215815416, -2.927233563057968]]]}, "id": "-6655,-326", "properties": {"cell_id": "c_-59.7784_-2.9227", "lat": -2.922747832316909, "lon": -59.77839058172319}}, {"type": "Feature", "geometry": {"type": "Polygon", "coordinates": [[[-59.773899005312956, -2.927233563057968], [-59.76491585247176, -2.927233563057968], [-59.76491585247176, -2.9182620955845553], [-59.773899005312956, -2.9182620955845553], [-59.773899005312956, -2.927233563057968]]]}, "id": "-6654,-326", "properties": {"cell_id": "c_-59.7694_-2.9227", "lat": -2.9227478322972247, "lon": -59.76940742887998}}, {"type": "Feature", "geometry": {"type": "Polygon", "coordinates": [[[-59.76491585247176, -2.927233563057968], [-59.75593269963056, -2.927233563057968], [-59.75593269963056, -2.9182620955845553], [-59.76491585247176, -2.9182620955845553], [-59.76491585247176, -2.927233563057968]]]}, "id": "-6653,-326", "properties": {"cell_id": "c_-59.7604_-2.9227", "lat": -2.9227478322804825, "lon": -59.760424276065244}}, {"type": "Feature", "geometry": {"type": "Polygon", "coordinates": [[[-59.75593269963056, -2.927233563057968], [-59.74694954678938, -2.927233563057968], [-59.74694954678938, -2.9182620955845553], [-59.75593269963056, -2.9182620955845553], [-59.75593269963056, -2.927233563057968]]]}, "id": "-6652,-326", "properties": {"cell_id": "c_-59.7514_-2.9227", "lat": -2.922747832304631, "lon": -59.75144112318985}}, {"type": "Feature", "geometry": {"type": "Polygon", "coordinates": [[[-60.20509034169033, -2.9182620955845553], [-60.19610718884913, -2.9182620955845553], [-60.19610718884913, -2.9092905564992493], [-60.20509034169033, -2.9092905564992493], [-60.20509034169033, -2.9182620955845553]]]}, "id": "-6702,-325", "properties": {"cell_id": "c_-60.2006_-2.9138", "lat": -2.913776329044633, "lon": -60.20059876530651}}, {"type": "Feature", "geometry": {"type": "Polygon", "coordinates": [[[-60.19610718884913, -2.9182620955845553], [-60.18712403600794, -2.9182620955845553], [-60.18712403600794, -2.9092905564992493], [-60.19610718884913, -2.9092905564992493], [-60.19610718884913, -2.9182620955845553]]]}, "id": "-6701,-325", "properties": {"cell_id": "c_-60.1916_-2.9138", "lat": -2.9137763290484147, "lon": -60.19161561241722}}, {"type": "Feature", "geometry": {"type": "Polygon", "coordinates": [[[-60.18712403600794, -2.9182620955845553], [-60.17814088316674, -2.9182620955845553], [-60.17814088316674, -2.9092905564992493], [-60.18712403600794, -2.9092905564992493], [-60.18712403600794, -2.9182620955845553]]]}, "id": "-6700,-325", "properties": {"cell_id": "c_-60.1826_-2.9138", "lat": -2.9137763290649414, "lon": -60.18263245958435}}, {"type": "Feature", "geometry": {"type": "Polygon", "coordinates": [[[-60.17814088316674, -2.9182620955845553], [-60.16915773032555, -2.9182620955845553], [-60.16915773032555, -2.9092905564992493], [-60.17814088316674, -2.9092905564992493], [-60.17814088316674, -2.9182620955845553]]]}, "id": "-6699,-325", "properties": {"cell_id": "c_-60.1736_-2.9138", "lat": -2.9137763290614878, "lon": -60.173649306735655}}, {"type": "Feature", "geometry": {"type": "Polygon", "coordinates": [[[-60.16915773032555, -2.9182620955845553], [-60.160174577484355, -2.9182620955845553], [-60.160174577484355, -2.9092905564992493], [-60.16915773032555, -2.9092905564992493], [-60.16915773032555, -2.9182620955845553]]]}, "id": "-6698,-325", "properties": {"cell_id": "c_-60.1647_-2.9138", "lat": -2.913776329050605, "lon": -60.164666153905095}}, {"type": "Feature", "geometry": {"type": "Polygon", "coordinates": [[[-60.160174577484355, -2.9182620955845553], [-60.15119142464316, -2.9182620955845553], [-60.15119142464316, -2.9092905564992493], [-60.160174577484355, -2.9092905564992493], [-60.160174577484355, -2.9182620955845553]]]}, "id": "-6697,-325", "properties": {"cell_id": "c_-60.1557_-2.9138", "lat": -2.9137763290498904, "lon": -60.15568300106549}}, {"type": "Feature", "geometry": {"type": "Polygon", "coordinates": [[[-60.15119142464316, -2.9182620955845553], [-60.14220827180196, -2.9182620955845553], [-60.14220827180196, -2.9092905564992493], [-60.15119142464316, -2.9092905564992493], [-60.15119142464316, -2.9182620955845553]]]}, "id": "-6696,-325", "properties": {"cell_id": "c_-60.1467_-2.9138", "lat": -2.913776329054296, "lon": -60.14669984822803}}, {"type": "Feature", "geometry": {"type": "Polygon", "coordinates": [[[-60.14220827180196, -2.9182620955845553], [-60.133225118960766, -2.9182620955845553], [-60.133225118960766, -2.9092905564992493], [-60.14220827180196, -2.9092905564992493], [-60.14220827180196, -2.9182620955845553]]]}, "id": "-6695,-325", "properties": {"cell_id": "c_-60.1377_-2.9138", "lat": -2.9137763290587744, "lon": -60.137716695363245}}, {"type": "Feature", "geometry": {"type": "Polygon", "coordinates": [[[-60.133225118960766, -2.9182620955845553], [-60.12424196611957, -2.9182620955845553], [-60.12424196611957, -2.9092905564992493], [-60.133225118960766, -2.9092905564992493], [-60.133225118960766, -2.9182620955845553]]]}, "id": "-6694,-325", "properties": {"cell_id": "c_-60.1287_-2.9138", "lat": -2.913776329058278, "lon": -60.12873354254764}}, {"type": "Feature", "geometry": {"type": "Polygon", "coordinates": [[[-60.12424196611957, -2.9182620955845553], [-60.11525881327838, -2.9182620955845553], [-60.11525881327838, -2.9092905564992493], [-60.12424196611957, -2.9092905564992493], [-60.12424196611957, -2.9182620955845553]]]}, "id": "-6693,-325", "properties": {"cell_id": "c_-60.1198_-2.9138", "lat": -2.9137763290426983, "lon": -60.11975038969122}}, {"type": "Feature", "geometry": {"type": "Polygon", "coordinates": [[[-60.11525881327838, -2.9182620955845553], [-60.106275660437184, -2.9182620955845553], [-60.106275660437184, -2.9092905564992493], [-60.11525881327838, -2.9092905564992493], [-60.11525881327838, -2.9182620955845553]]]}, "id": "-6692,-325", "properties": {"cell_id": "c_-60.1108_-2.9138", "lat": -2.9137763290346848, "lon": -60.11076723685851}}, {"type": "Feature", "geometry": {"type": "Polygon", "coordinates": [[[-60.106275660437184, -2.9182620955845553], [-60.09729250759599, -2.9182620955845553], [-60.09729250759599, -2.9092905564992493], [-60.106275660437184, -2.9092905564992493], [-60.106275660437184, -2.9182620955845553]]]}, "id": "-6691,-325", "properties": {"cell_id": "c_-60.1018_-2.9138", "lat": -2.913776329024128, "lon": -60.101784084019414}}, {"type": "Feature", "geometry": {"type": "Polygon", "coordinates": [[[-60.09729250759599, -2.9182620955845553], [-60.08830935475479, -2.9182620955845553], [-60.08830935475479, -2.9092905564992493], [-60.09729250759599, -2.9092905564992493], [-60.09729250759599, -2.9182620955845553]]]}, "id": "-6690,-325", "properties": {"cell_id": "c_-60.0928_-2.9138", "lat": -2.913776329041145, "lon": -60.09280093118527}}, {"type": "Feature", "geometry": {"type": "Polygon", "coordinates": [[[-60.08830935475479, -2.9182620955845553], [-60.079326201913595, -2.9182620955845553], [-60.079326201913595, -2.9092905564992493], [-60.08830935475479, -2.9092905564992493], [-60.08830935475479, -2.9182620955845553]]]}, "id": "-6689,-325", "properties": {"cell_id": "c_-60.0838_-2.9138", "lat": -2.913776329068146, "lon": -60.08381777834926}}, {"type": "Feature", "geometry": {"type": "Polygon", "coordinates": [[[-60.079326201913595, -2.9182620955845553], [-60.0703430490724, -2.9182620955845553], [-60.0703430490724, -2.9092905564992493], [-60.079326201913595, -2.9092905564992493], [-60.079326201913595, -2.9182620955845553]]]}, "id": "-6688,-325", "properties": {"cell_id": "c_-60.0748_-2.9138", "lat": -2.9137763290598526, "lon": -60.07483462547718}}, {"type": "Feature", "geometry": {"type": "Polygon", "coordinates": [[[-60.0703430490724, -2.9182620955845553], [-60.06135989623121, -2.9182620955845553], [-60.06135989623121, -2.9092905564992493], [-60.0703430490724, -2.9092905564992493], [-60.0703430490724, -2.9182620955845553]]]}, "id": "-6687,-325", "properties": {"cell_id": "c_-60.0659_-2.9138", "lat": -2.913776329051435, "lon": -60.06585147265013}}, {"type": "Feature", "geometry": {"type": "Polygon", "coordinates": [[[-60.06135989623121, -2.9182620955845553], [-60.05237674339001, -2.9182620955845553], [-60.05237674339001, -2.9092905564992493], [-60.06135989623121, -2.9092905564992493], [-60.06135989623121, -2.9182620955845553]]]}, "id": "-6686,-325", "properties": {"cell_id": "c_-60.0569_-2.9138", "lat": -2.9137763290503536, "lon": -60.05686831984204}}, {"type": "Feature", "geometry": {"type": "Polygon", "coordinates": [[[-60.05237674339001, -2.9182620955845553], [-60.04339359054882, -2.9182620955845553], [-60.04339359054882, -2.9092905564992493], [-60.05237674339001, -2.9092905564992493], [-60.05237674339001, -2.9182620955845553]]]}, "id": "-6685,-325", "properties": {"cell_id": "c_-60.0479_-2.9138", "lat": -2.9137763290464775, "lon": -60.04788516696756}}, {"type": "Feature", "geometry": {"type": "Polygon", "coordinates": [[[-60.04339359054882, -2.9182620955845553], [-60.03441043770762, -2.9182620955845553], [-60.03441043770762, -2.9092905564992493], [-60.04339359054882, -2.9092905564992493], [-60.04339359054882, -2.9182620955845553]]]}, "id": "-6684,-325", "properties": {"cell_id": "c_-60.0389_-2.9138", "lat": -2.9137763290448695, "lon": -60.038902014093075}}, {"type": "Feature", "geometry": {"type": "Polygon", "coordinates": [[[-60.03441043770762, -2.9182620955845553], [-60.025427284866424, -2.9182620955845553], [-60.025427284866424, -2.9092905564992493], [-60.03441043770762, -2.9092905564992493], [-60.03441043770762, -2.9182620955845553]]]}, "id": "-6683,-325", "properties": {"cell_id": "c_-60.0299_-2.9138", "lat": -2.913776329058042, "lon": -60.02991886130805}}, {"type": "Feature", "geometry": {"type": "Polygon", "coordinates": [[[-60.025427284866424, -2.9182620955845553], [-60.01644413202522, -2.9182620955845553], [-60.01644413202522, -2.9092905564992493], [-60.025427284866424, -2.9092905564992493], [-60.025427284866424, -2.9182620955845553]]]}, "id": "-6682,-325", "properties": {"cell_id": "c_-60.0209_-2.9138", "lat": -2.913776329075857, "lon": -60.02093570844647}}, {"type": "Feature", "geometry": {"type": "Polygon", "coordinates": [[[-60.01644413202522, -2.9182620955845553], [-60.00746097918404, -2.9182620955845553], [-60.00746097918404, -2.9092905564992493], [-60.01644413202522, -2.9092905564992493], [-60.01644413202522, -2.9182620955845553]]]}, "id": "-6681,-325", "properties": {"cell_id": "c_-60.0120_-2.9138", "lat": -2.9137763290581074, "lon": -60.01195255558017}}, {"type": "Feature", "geometry": {"type": "Polygon", "coordinates": [[[-60.00746097918404, -2.9182620955845553], [-59.99847782634284, -2.9182620955845553], [-59.99847782634284, -2.9092905564992493], [-60.00746097918404, -2.9092905564992493], [-60.00746097918404, -2.9182620955845553]]]}, "id": "-6680,-325", "properties": {"cell_id": "c_-60.0030_-2.9138", "lat": -2.913776329045008, "lon": -60.00296940277088}}, {"type": "Feature", "geometry": {"type": "Polygon", "coordinates": [[[-59.99847782634284, -2.9182620955845553], [-59.989494673501646, -2.9182620955845553], [-59.989494673501646, -2.9092905564992493], [-59.99847782634284, -2.9092905564992493], [-59.99847782634284, -2.9182620955845553]]]}, "id": "-6679,-325", "properties": {"cell_id": "c_-59.9940_-2.9138", "lat": -2.9137763290615584, "lon": -59.993986249943234}}, {"type": "Feature", "geometry": {"type": "Polygon", "coordinates": [[[-59.989494673501646, -2.9182620955845553], [-59.98051152066045, -2.9182620955845553], [-59.98051152066045, -2.9092905564992493], [-59.989494673501646, -2.9092905564992493], [-59.989494673501646, -2.9182620955845553]]]}, "id": "-6678,-325", "properties": {"cell_id": "c_-59.9850_-2.9138", "lat": -2.913776329057402, "lon": -59.985003097047965}}, {"type": "Feature", "geometry": {"type": "Polygon", "coordinates": [[[-59.98051152066045, -2.9182620955845553], [-59.971528367819246, -2.9182620955845553], [-59.971528367819246, -2.9092905564992493], [-59.98051152066045, -2.9092905564992493], [-59.98051152066045, -2.9182620955845553]]]}, "id": "-6677,-325", "properties": {"cell_id": "c_-59.9760_-2.9138", "lat": -2.9137763290325385, "lon": -59.976019944267605}}, {"type": "Feature", "geometry": {"type": "Polygon", "coordinates": [[[-59.971528367819246, -2.9182620955845553], [-59.96254521497805, -2.9182620955845553], [-59.96254521497805, -2.9092905564992493], [-59.971528367819246, -2.9092905564992493], [-59.971528367819246, -2.9182620955845553]]]}, "id": "-6676,-325", "properties": {"cell_id": "c_-59.9670_-2.9138", "lat": -2.9137763290220997, "lon": -59.967036791375854}}, {"type": "Feature", "geometry": {"type": "Polygon", "coordinates": [[[-59.96254521497805, -2.9182620955845553], [-59.95356206213687, -2.9182620955845553], [-59.95356206213687, -2.9092905564992493], [-59.96254521497805, -2.9092905564992493], [-59.96254521497805, -2.9182620955845553]]]}, "id": "-6675,-325", "properties": {"cell_id": "c_-59.9581_-2.9138", "lat": -2.913776329043642, "lon": -59.95805363856263}}, {"type": "Feature", "geometry": {"type": "Polygon", "coordinates": [[[-59.95356206213687, -2.9182620955845553], [-59.94457890929567, -2.9182620955845553], [-59.94457890929567, -2.9092905564992493], [-59.95356206213687, -2.9092905564992493], [-59.95356206213687, -2.9182620955845553]]]}, "id": "-6674,-325", "properties": {"cell_id": "c_-59.9491_-2.9138", "lat": -2.9137763290518883, "lon": -59.9490704857135}}, {"type": "Feature", "geometry": {"type": "Polygon", "coordinates": [[[-59.94457890929567, -2.9182620955845553], [-59.935595756454475, -2.9182620955845553], [-59.935595756454475, -2.9092905564992493], [-59.94457890929567, -2.9092905564992493], [-59.94457890929567, -2.9182620955845553]]]}, "id": "-6673,-325", "properties": {"cell_id": "c_-59.9401_-2.9138", "lat": -2.91377632905425, "lon": -59.94008733287688}}, {"type": "Feature", "geometry": {"type": "Polygon", "coordinates": [[[-59.935595756454475, -2.9182620955845553], [-59.92661260361328, -2.9182620955845553], [-59.92661260361328, -2.9092905564992493], [-59.935595756454475, -2.9092905564992493], [-59.935595756454475, -2.9182620955845553]]]}, "id": "-6672,-325", "properties": {"cell_id": "c_-59.9311_-2.9138", "lat": -2.913776329063194, "lon": -59.93110418006096}}, {"type": "Feature", "geometry": {"type": "Polygon", "coordinates": [[[-59.92661260361328, -2.9182620955845553], [-59.917629450772075, -2.9182620955845553], [-59.917629450772075, -2.9092905564992493], [-59.92661260361328, -2.9092905564992493], [-59.92661260361328, -2.9182620955845553]]]}, "id": "-6671,-325", "properties": {"cell_id": "c_-59.9221_-2.9138", "lat": -2.913776329053773, "lon": -59.92212102714574}}, {"type": "Feature", "geometry": {"type": "Polygon", "coordinates": [[[-59.917629450772075, -2.9182620955845553], [-59.90864629793088, -2.9182620955845553], [-59.90864629793088, -2.9092905564992493], [-59.917629450772075, -2.9092905564992493], [-59.917629450772075, -2.9182620955845553]]]}, "id": "-6670,-325", "properties": {"cell_id": "c_-59.9131_-2.9138", "lat": -2.913776329050944, "lon": -59.91313787435915}}, {"type": "Feature", "geometry": {"type": "Polygon", "coordinates": [[[-59.90864629793088, -2.9182620955845553], [-59.8996631450897, -2.9182620955845553], [-59.8996631450897, -2.9092905564992493], [-59.90864629793088, -2.9092905564992493], [-59.90864629793088, -2.9182620955845553]]]}, "id": "-6669,-325", "properties": {"cell_id": "c_-59.9042_-2.9138", "lat": -2.9137763290519243, "lon": -59.90415472153307}}, {"type": "Feature", "geometry": {"type": "Polygon", "coordinates": [[[-59.8996631450897, -2.9182620955845553], [-59.8906799922485, -2.9182620955845553], [-59.8906799922485, -2.9092905564992493], [-59.8996631450897, -2.9092905564992493], [-59.8996631450897, -2.9182620955845553]]]}, "id": "-6668,-325", "properties": {"cell_id": "c_-59.8952_-2.9138", "lat": -2.913776329049322, "lon": -59.89517156867615}}, {"type": "Feature", "geometry": {"type": "Polygon", "coordinates": [[[-59.8906799922485, -2.9182620955845553], [-59.881696839407304, -2.9182620955845553], [-59.881696839407304, -2.9092905564992493], [-59.8906799922485, -2.9092905564992493], [-59.8906799922485, -2.9182620955845553]]]}, "id": "-6667,-325", "properties": {"cell_id": "c_-59.8862_-2.9138", "lat": -2.9137763290505223, "lon": -59.88618841583219}}, {"type": "Feature", "geometry": {"type": "Polygon", "coordinates": [[[-59.881696839407304, -2.9182620955845553], [-59.8727136865661, -2.9182620955845553], [-59.8727136865661, -2.9092905564992493], [-59.881696839407304, -2.9092905564992493], [-59.881696839407304, -2.9182620955845553]]]}, "id": "-6666,-325", "properties": {"cell_id": "c_-59.8772_-2.9138", "lat": -2.9137763290628875, "lon": -59.87720526296909}}, {"type": "Feature", "geometry": {"type": "Polygon", "coordinates": [[[-59.8727136865661, -2.9182620955845553], [-59.863730533724905, -2.9182620955845553], [-59.863730533724905, -2.9092905564992493], [-59.8727136865661, -2.9092905564992493], [-59.8727136865661, -2.9182620955845553]]]}, "id": "-6665,-325", "properties": {"cell_id": "c_-59.8682_-2.9138", "lat": -2.913776329051323, "lon": -59.86822211015276}}, {"type": "Feature", "geometry": {"type": "Polygon", "coordinates": [[[-59.863730533724905, -2.9182620955845553], [-59.85474738088371, -2.9182620955845553], [-59.85474738088371, -2.9092905564992493], [-59.863730533724905, -2.9092905564992493], [-59.863730533724905, -2.9182620955845553]]]}, "id": "-6664,-325", "properties": {"cell_id": "c_-59.8592_-2.9138", "lat": -2.9137763290333782, "lon": -59.85923895730231}}, {"type": "Feature", "geometry": {"type": "Polygon", "coordinates": [[[-59.85474738088371, -2.9182620955845553], [-59.845764228042526, -2.9182620955845553], [-59.845764228042526, -2.9092905564992493], [-59.85474738088371, -2.9092905564992493], [-59.85474738088371, -2.9182620955845553]]]}, "id": "-6663,-325", "properties": {"cell_id": "c_-59.8503_-2.9138", "lat": -2.9137763290441483, "lon": -59.85025580446662}}, {"type": "Feature", "geometry": {"type": "Polygon", "coordinates": [[[-59.845764228042526, -2.9182620955845553], [-59.83678107520133, -2.9182620955845553], [-59.83678107520133, -2.9092905564992493], [-59.845764228042526, -2.9092905564992493], [-59.845764228042526, -2.9182620955845553]]]}, "id": "-6662,-325", "properties": {"cell_id": "c_-59.8413_-2.9138", "lat": -2.913776329045709, "lon": -59.8412726516227}}, {"type": "Feature", "geometry": {"type": "Polygon", "coordinates": [[[-59.83678107520133, -2.9182620955845553], [-59.827797922360126, -2.9182620955845553], [-59.827797922360126, -2.9092905564992493], [-59.83678107520133, -2.9092905564992493], [-59.83678107520133, -2.9182620955845553]]]}, "id": "-6661,-325", "properties": {"cell_id": "c_-59.8323_-2.9138", "lat": -2.913776329055601, "lon": -59.83228949877005}}, {"type": "Feature", "geometry": {"type": "Polygon", "coordinates": [[[-59.827797922360126, -2.9182620955845553], [-59.81881476951893, -2.9182620955845553], [-59.81881476951893, -2.9092905564992493], [-59.827797922360126, -2.9092905564992493], [-59.827797922360126, -2.9182620955845553]]]}, "id": "-6660,-325", "properties": {"cell_id": "c_-59.8233_-2.9138", "lat": -2.9137763290562857, "lon": -59.82330634596504}}, {"type": "Feature", "geometry": {"type": "Polygon", "coordinates": [[[-59.81881476951893, -2.9182620955845553], [-59.809831616677734, -2.9182620955845553], [-59.809831616677734, -2.9092905564992493], [-59.81881476951893, -2.9092905564992493], [-59.81881476951893, -2.9182620955845553]]]}, "id": "-6659,-325", "properties": {"cell_id": "c_-59.8143_-2.9138", "lat": -2.913776329037568, "lon": -59.8143231930763}}, {"type": "Feature", "geometry": {"type": "Polygon", "coordinates": [[[-59.809831616677734, -2.9182620955845553], [-59.80084846383654, -2.9182620955845553], [-59.80084846383654, -2.9092905564992493], [-59.809831616677734, -2.9092905564992493], [-59.809831616677734, -2.9182620955845553]]]}, "id": "-6658,-325", "properties": {"cell_id": "c_-59.8053_-2.9138", "lat": -2.9137763290520566, "lon": -59.80534004024851}}, {"type": "Feature", "geometry": {"type": "Polygon", "coordinates": [[[-59.80084846383654, -2.9182620955845553], [-59.791865310995355, -2.9182620955845553], [-59.791865310995355, -2.9092905564992493], [-59.80084846383654, -2.9092905564992493], [-59.80084846383654, -2.9182620955845553]]]}, "id": "-6657,-325", "properties": {"cell_id": "c_-59.7964_-2.9138", "lat": -2.913776329054478, "lon": -59.79635688743189}}, {"type": "Feature", "geometry": {"type": "Polygon", "coordinates": [[[-59.791865310995355, -2.9182620955845553], [-59.78288215815416, -2.9182620955845553], [-59.78288215815416, -2.9092905564992493], [-59.791865310995355, -2.9092905564992493], [-59.791865310995355, -2.9182620955845553]]]}, "id": "-6656,-325", "properties": {"cell_id": "c_-59.7874_-2.9138", "lat": -2.9137763290346257, "lon": -59.7873737345883}}, {"type": "Feature", "geometry": {"type": "Polygon", "coordinates": [[[-59.78288215815416, -2.9182620955845553], [-59.773899005312956, -2.9182620955845553], [-59.773899005312956, -2.9092905564992493], [-59.78288215815416, -2.9092905564992493], [-59.78288215815416, -2.9182620955845553]]]}, "id": "-6655,-325", "properties": {"cell_id": "c_-59.7784_-2.9138", "lat": -2.913776329037767, "lon": -59.778390581738215}}, {"type": "Feature", "geometry": {"type": "Polygon", "coordinates": [[[-59.773899005312956, -2.9182620955845553], [-59.76491585247176, -2.9182620955845553], [-59.76491585247176, -2.9092905564992493], [-59.773899005312956, -2.9092905564992493], [-59.773899005312956, -2.9182620955845553]]]}, "id": "-6654,-325", "properties": {"cell_id": "c_-59.7694_-2.9138", "lat": -2.913776329063912, "lon": -59.76940742887142}}, {"type": "Feature", "geometry": {"type": "Polygon", "coordinates": [[[-59.76491585247176, -2.9182620955845553], [-59.75593269963056, -2.9182620955845553], [-59.75593269963056, -2.9092905564992493], [-59.76491585247176, -2.9092905564992493], [-59.76491585247176, -2.9182620955845553]]]}, "id": "-6653,-325", "properties": {"cell_id": "c_-59.7604_-2.9138", "lat": -2.913776329075102, "lon": -59.760424276068235}}, {"type": "Feature", "geometry": {"type": "Polygon", "coordinates": [[[-59.75593269963056, -2.9182620955845553], [-59.74694954678938, -2.9182620955845553], [-59.74694954678938, -2.9092905564992493], [-59.75593269963056, -2.9092905564992493], [-59.75593269963056, -2.9182620955845553]]]}, "id": "-6652,-325", "properties": {"cell_id": "c_-59.7514_-2.9138", "lat": -2.9137763290611285, "lon": -59.751441123197054}}, {"type": "Feature", "geometry": {"type": "Polygon", "coordinates": [[[-60.20509034169033, -2.9092905564992493], [-60.19610718884913, -2.9092905564992493], [-60.19610718884913, -2.9003189460214194], [-60.20509034169033, -2.9003189460214194], [-60.20509034169033, -2.9092905564992493]]]}, "id": "-6702,-324", "properties": {"cell_id": "c_-60.2006_-2.9048", "lat": -2.904804754226304, "lon": -60.200598765289804}}, {"type": "Feature", "geometry": {"type": "Polygon", "coordinates": [[[-60.19610718884913, -2.9092905564992493], [-60.18712403600794, -2.9092905564992493], [-60.18712403600794, -2.9003189460214194], [-60.19610718884913, -2.9003189460214194], [-60.19610718884913, -2.9092905564992493]]]}, "id": "-6701,-324", "properties": {"cell_id": "c_-60.1916_-2.9048", "lat": -2.904804754210471, "lon": -60.191615612421856}}, {"type": "Feature", "geometry": {"type": "Polygon", "coordinates": [[[-60.18712403600794, -2.9092905564992493], [-60.17814088316674, -2.9092905564992493], [-60.17814088316674, -2.9003189460214194], [-60.18712403600794, -2.9003189460214194], [-60.18712403600794, -2.9092905564992493]]]}, "id": "-6700,-324", "properties": {"cell_id": "c_-60.1826_-2.9048", "lat": -2.9048047542043363, "lon": -60.18263245959011}}, {"type": "Feature", "geometry": {"type": "Polygon", "coordinates": [[[-60.17814088316674, -2.9092905564992493], [-60.16915773032555, -2.9092905564992493], [-60.16915773032555, -2.9003189460214194], [-60.17814088316674, -2.9003189460214194], [-60.17814088316674, -2.9092905564992493]]]}, "id": "-6699,-324", "properties": {"cell_id": "c_-60.1736_-2.9048", "lat": -2.9048047542129445, "lon": -60.17364930673504}}, {"type": "Feature", "geometry": {"type": "Polygon", "coordinates": [[[-60.16915773032555, -2.9092905564992493], [-60.160174577484355, -2.9092905564992493], [-60.160174577484355, -2.9003189460214194], [-60.16915773032555, -2.9003189460214194], [-60.16915773032555, -2.9092905564992493]]]}, "id": "-6698,-324", "properties": {"cell_id": "c_-60.1647_-2.9048", "lat": -2.9048047542186928, "lon": -60.16466615390057}}, {"type": "Feature", "geometry": {"type": "Polygon", "coordinates": [[[-60.160174577484355, -2.9092905564992493], [-60.15119142464316, -2.9092905564992493], [-60.15119142464316, -2.9003189460214194], [-60.160174577484355, -2.9003189460214194], [-60.160174577484355, -2.9092905564992493]]]}, "id": "-6697,-324", "properties": {"cell_id": "c_-60.1557_-2.9048", "lat": -2.9048047542064523, "lon": -60.15568300105704}}, {"type": "Feature", "geometry": {"type": "Polygon", "coordinates": [[[-60.15119142464316, -2.9092905564992493], [-60.14220827180196, -2.9092905564992493], [-60.14220827180196, -2.9003189460214194], [-60.15119142464316, -2.9003189460214194], [-60.15119142464316, -2.9092905564992493]]]}, "id": "-6696,-324", "properties": {"cell_id": "c_-60.1467_-2.9048", "lat": -2.9048047542063684, "lon": -60.14669984824079}}, {"type": "Feature", "geometry": {"type": "Polygon", "coordinates": [[[-60.14220827180196, -2.9092905564992493], [-60.133225118960766, -2.9092905564992493], [-60.133225118960766, -2.9003189460214194], [-60.14220827180196, -2.9003189460214194], [-60.14220827180196, -2.9092905564992493]]]}, "id": "-6695,-324", "properties": {"cell_id": "c_-60.1377_-2.9048", "lat": -2.904804754218432, "lon": -60.13771669536704}}, {"type": "Feature", "geometry": {"type": "Polygon", "coordinates": [[[-60.133225118960766, -2.9092905564992493], [-60.12424196611957, -2.9092905564992493], [-60.12424196611957, -2.9003189460214194], [-60.133225118960766, -2.9003189460214194], [-60.133225118960766, -2.9092905564992493]]]}, "id": "-6694,-324", "properties": {"cell_id": "c_-60.1287_-2.9048", "lat": -2.9048047542200046, "lon": -60.12873354254492}}, {"type": "Feature", "geometry": {"type": "Polygon", "coordinates": [[[-60.12424196611957, -2.9092905564992493], [-60.11525881327838, -2.9092905564992493], [-60.11525881327838, -2.9003189460214194], [-60.12424196611957, -2.9003189460214194], [-60.12424196611957, -2.9092905564992493]]]}, "id": "-6693,-324", "properties": {"cell_id": "c_-60.1198_-2.9048", "lat": -2.9048047542236297, "lon": -60.11975038968197}}, {"type": "Feature", "geometry": {"type": "Polygon", "coordinates": [[[-60.11525881327838, -2.9092905564992493], [-60.106275660437184, -2.9092905564992493], [-60.106275660437184, -2.9003189460214194], [-60.11525881327838, -2.9003189460214194], [-60.11525881327838, -2.9092905564992493]]]}, "id": "-6692,-324", "properties": {"cell_id": "c_-60.1108_-2.9048", "lat": -2.9048047542192004, "lon": -60.11076723685529}}, {"type": "Feature", "geometry": {"type": "Polygon", "coordinates": [[[-60.106275660437184, -2.9092905564992493], [-60.09729250759599, -2.9092905564992493], [-60.09729250759599, -2.9003189460214194], [-60.106275660437184, -2.9003189460214194], [-60.106275660437184, -2.9092905564992493]]]}, "id": "-6691,-324", "properties": {"cell_id": "c_-60.1018_-2.9048", "lat": -2.904804754229359, "lon": -60.10178408402222}}, {"type": "Feature", "geometry": {"type": "Polygon", "coordinates": [[[-60.09729250759599, -2.9092905564992493], [-60.08830935475479, -2.9092905564992493], [-60.08830935475479, -2.9003189460214194], [-60.09729250759599, -2.9003189460214194], [-60.09729250759599, -2.9092905564992493]]]}, "id": "-6690,-324", "properties": {"cell_id": "c_-60.0928_-2.9048", "lat": -2.9048047542264124, "lon": -60.09280093119656}}, {"type": "Feature", "geometry": {"type": "Polygon", "coordinates": [[[-60.08830935475479, -2.9092905564992493], [-60.079326201913595, -2.9092905564992493], [-60.079326201913595, -2.9003189460214194], [-60.08830935475479, -2.9003189460214194], [-60.08830935475479, -2.9092905564992493]]]}, "id": "-6689,-324", "properties": {"cell_id": "c_-60.0838_-2.9048", "lat": -2.9048047542178286, "lon": -60.08381777835643}}, {"type": "Feature", "geometry": {"type": "Polygon", "coordinates": [[[-60.079326201913595, -2.9092905564992493], [-60.0703430490724, -2.9092905564992493], [-60.0703430490724, -2.9003189460214194], [-60.079326201913595, -2.9003189460214194], [-60.079326201913595, -2.9092905564992493]]]}, "id": "-6688,-324", "properties": {"cell_id": "c_-60.0748_-2.9048", "lat": -2.9048047542086746, "lon": -60.074834625452525}}, {"type": "Feature", "geometry": {"type": "Polygon", "coordinates": [[[-60.0703430490724, -2.9092905564992493], [-60.06135989623121, -2.9092905564992493], [-60.06135989623121, -2.9003189460214194], [-60.0703430490724, -2.9003189460214194], [-60.0703430490724, -2.9092905564992493]]]}, "id": "-6687,-324", "properties": {"cell_id": "c_-60.0659_-2.9048", "lat": -2.904804754201345, "lon": -60.06585147265902}}, {"type": "Feature", "geometry": {"type": "Polygon", "coordinates": [[[-60.06135989623121, -2.9092905564992493], [-60.05237674339001, -2.9092905564992493], [-60.05237674339001, -2.9003189460214194], [-60.06135989623121, -2.9003189460214194], [-60.06135989623121, -2.9092905564992493]]]}, "id": "-6686,-324", "properties": {"cell_id": "c_-60.0569_-2.9048", "lat": -2.9048047542134205, "lon": -60.05686831984417}}, {"type": "Feature", "geometry": {"type": "Polygon", "coordinates": [[[-60.05237674339001, -2.9092905564992493], [-60.04339359054882, -2.9092905564992493], [-60.04339359054882, -2.9003189460214194], [-60.05237674339001, -2.9003189460214194], [-60.05237674339001, -2.9092905564992493]]]}, "id": "-6685,-324", "properties": {"cell_id": "c_-60.0479_-2.9048", "lat": -2.904804754209742, "lon": -60.04788516695786}}, {"type": "Feature", "geometry": {"type": "Polygon", "coordinates": [[[-60.04339359054882, -2.9092905564992493], [-60.03441043770762, -2.9092905564992493], [-60.03441043770762, -2.9003189460214194], [-60.04339359054882, -2.9003189460214194], [-60.04339359054882, -2.9092905564992493]]]}, "id": "-6684,-324", "properties": {"cell_id": "c_-60.0389_-2.9048", "lat": -2.904804754197766, "lon": -60.038902014089174}}, {"type": "Feature", "geometry": {"type": "Polygon", "coordinates": [[[-60.03441043770762, -2.9092905564992493], [-60.025427284866424, -2.9092905564992493], [-60.025427284866424, -2.9003189460214194], [-60.03441043770762, -2.9003189460214194], [-60.03441043770762, -2.9092905564992493]]]}, "id": "-6683,-324", "properties": {"cell_id": "c_-60.0299_-2.9048", "lat": -2.904804754207576, "lon": -60.02991886133497}}, {"type": "Feature", "geometry": {"type": "Polygon", "coordinates": [[[-60.025427284866424, -2.9092905564992493], [-60.01644413202522, -2.9092905564992493], [-60.01644413202522, -2.9003189460214194], [-60.025427284866424, -2.9003189460214194], [-60.025427284866424, -2.9092905564992493]]]}, "id": "-6682,-324", "properties": {"cell_id": "c_-60.0209_-2.9048", "lat": -2.904804754204022, "lon": -60.02093570843384}}, {"type": "Feature", "geometry": {"type": "Polygon", "coordinates": [[[-60.01644413202522, -2.9092905564992493], [-60.00746097918404, -2.9092905564992493], [-60.00746097918404, -2.9003189460214194], [-60.01644413202522, -2.9003189460214194], [-60.01644413202522, -2.9092905564992493]]]}, "id": "-6681,-324", "properties": {"cell_id": "c_-60.0120_-2.9048", "lat": -2.904804754212118, "lon": -60.011952555583136}}, {"type": "Feature", "geometry": {"type": "Polygon", "coordinates": [[[-60.00746097918404, -2.9092905564992493], [-59.99847782634284, -2.9092905564992493], [-59.99847782634284, -2.9003189460214194], [-60.00746097918404, -2.9003189460214194], [-60.00746097918404, -2.9092905564992493]]]}, "id": "-6680,-324", "properties": {"cell_id": "c_-60.0030_-2.9048", "lat": -2.9048047542217184, "lon": -60.00296940276441}}, {"type": "Feature", "geometry": {"type": "Polygon", "coordinates": [[[-59.99847782634284, -2.9092905564992493], [-59.989494673501646, -2.9092905564992493], [-59.989494673501646, -2.9003189460214194], [-59.99847782634284, -2.9003189460214194], [-59.99847782634284, -2.9092905564992493]]]}, "id": "-6679,-324", "properties": {"cell_id": "c_-59.9940_-2.9048", "lat": -2.9048047542027557, "lon": -59.99398624994729}}, {"type": "Feature", "geometry": {"type": "Polygon", "coordinates": [[[-59.989494673501646, -2.9092905564992493], [-59.98051152066045, -2.9092905564992493], [-59.98051152066045, -2.9003189460214194], [-59.989494673501646, -2.9003189460214194], [-59.989494673501646, -2.9092905564992493]]]}, "id": "-6678,-324", "properties": {"cell_id": "c_-59.9850_-2.9048", "lat": -2.9048047542079423, "lon": -59.98500309704495}}, {"type": "Feature", "geometry": {"type": "Polygon", "coordinates": [[[-59.98051152066045, -2.9092905564992493], [-59.971528367819246, -2.9092905564992493], [-59.971528367819246, -2.9003189460214194], [-59.98051152066045, -2.9003189460214194], [-59.98051152066045, -2.9092905564992493]]]}, "id": "-6677,-324", "properties": {"cell_id": "c_-59.9760_-2.9048", "lat": -2.9048047542220545, "lon": -59.97601994425986}}, {"type": "Feature", "geometry": {"type": "Polygon", "coordinates": [[[-59.971528367819246, -2.9092905564992493], [-59.96254521497805, -2.9092905564992493], [-59.96254521497805, -2.9003189460214194], [-59.971528367819246, -2.9003189460214194], [-59.971528367819246, -2.9092905564992493]]]}, "id": "-6676,-324", "properties": {"cell_id": "c_-59.9670_-2.9048", "lat": -2.9048047542224533, "lon": -59.96703679137355}}, {"type": "Feature", "geometry": {"type": "Polygon", "coordinates": [[[-59.96254521497805, -2.9092905564992493], [-59.95356206213687, -2.9092905564992493], [-59.95356206213687, -2.9003189460214194], [-59.96254521497805, -2.9003189460214194], [-59.96254521497805, -2.9092905564992493]]]}, "id": "-6675,-324", "properties": {"cell_id": "c_-59.9581_-2.9048", "lat": -2.904804754204061, "lon": -59.95805363856812}}, {"type": "Feature", "geometry": {"type": "Polygon", "coordinates": [[[-59.95356206213687, -2.9092905564992493], [-59.94457890929567, -2.9092905564992493], [-59.94457890929567, -2.9003189460214194], [-59.95356206213687, -2.9003189460214194], [-59.95356206213687, -2.9092905564992493]]]}, "id": "-6674,-324", "properties": {"cell_id": "c_-59.9491_-2.9048", "lat": -2.9048047542070803, "lon": -59.949070485719325}}, {"type": "Feature", "geometry": {"type": "Polygon", "coordinates": [[[-59.94457890929567, -2.9092905564992493], [-59.935595756454475, -2.9092905564992493], [-59.935595756454475, -2.9003189460214194], [-59.94457890929567, -2.9003189460214194], [-59.94457890929567, -2.9092905564992493]]]}, "id": "-6673,-324", "properties": {"cell_id": "c_-59.9401_-2.9048", "lat": -2.904804754203799, "lon": -59.94008733287012}}, {"type": "Feature", "geometry": {"type": "Polygon", "coordinates": [[[-59.935595756454475, -2.9092905564992493], [-59.92661260361328, -2.9092905564992493], [-59.92661260361328, -2.9003189460214194], [-59.935595756454475, -2.9003189460214194], [-59.935595756454475, -2.9092905564992493]]]}, "id": "-6672,-324", "properties": {"cell_id": "c_-59.9311_-2.9048", "lat": -2.904804754196529, "lon": -59.93110418006938}}, {"type": "Feature", "geometry": {"type": "Polygon", "coordinates": [[[-59.92661260361328, -2.9092905564992493], [-59.917629450772075, -2.9092905564992493], [-59.917629450772075, -2.9003189460214194], [-59.92661260361328, -2.9003189460214194], [-59.92661260361328, -2.9092905564992493]]]}, "id": "-6671,-324", "properties": {"cell_id": "c_-59.9221_-2.9048", "lat": -2.9048047542129876, "lon": -59.922121027144385}}, {"type": "Feature", "geometry": {"type": "Polygon", "coordinates": [[[-59.917629450772075, -2.9092905564992493], [-59.90864629793088, -2.9092905564992493], [-59.90864629793088, -2.9003189460214194], [-59.917629450772075, -2.9003189460214194], [-59.917629450772075, -2.9092905564992493]]]}, "id": "-6670,-324", "properties": {"cell_id": "c_-59.9131_-2.9048", "lat": -2.9048047542079023, "lon": -59.9131378743526}}, {"type": "Feature", "geometry": {"type": "Polygon", "coordinates": [[[-59.90864629793088, -2.9092905564992493], [-59.8996631450897, -2.9092905564992493], [-59.8996631450897, -2.9003189460214194], [-59.90864629793088, -2.9003189460214194], [-59.90864629793088, -2.9092905564992493]]]}, "id": "-6669,-324", "properties": {"cell_id": "c_-59.9042_-2.9048", "lat": -2.904804754206214, "lon": -59.904154721538895}}, {"type": "Feature", "geometry": {"type": "Polygon", "coordinates": [[[-59.8996631450897, -2.9092905564992493], [-59.8906799922485, -2.9092905564992493], [-59.8906799922485, -2.9003189460214194], [-59.8996631450897, -2.9003189460214194], [-59.8996631450897, -2.9092905564992493]]]}, "id": "-6668,-324", "properties": {"cell_id": "c_-59.8952_-2.9048", "lat": -2.904804754207918, "lon": -59.89517156866942}}, {"type": "Feature", "geometry": {"type": "Polygon", "coordinates": [[[-59.8906799922485, -2.9092905564992493], [-59.881696839407304, -2.9092905564992493], [-59.881696839407304, -2.9003189460214194], [-59.8906799922485, -2.9003189460214194], [-59.8906799922485, -2.9092905564992493]]]}, "id": "-6667,-324", "properties": {"cell_id": "c_-59.8862_-2.9048", "lat": -2.904804754202839, "lon": -59.886188415835036}}, {"type": "Feature", "geometry": {"type": "Polygon", "coordinates": [[[-59.881696839407304, -2.9092905564992493], [-59.8727136865661, -2.9092905564992493], [-59.8727136865661, -2.9003189460214194], [-59.881696839407304, -2.9003189460214194], [-59.881696839407304, -2.9092905564992493]]]}, "id": "-6666,-324", "properties": {"cell_id": "c_-59.8772_-2.9048", "lat": -2.904804754190976, "lon": -59.877205262966754}}, {"type": "Feature", "geometry": {"type": "Polygon", "coordinates": [[[-59.8727136865661, -2.9092905564992493], [-59.863730533724905, -2.9092905564992493], [-59.863730533724905, -2.9003189460214194], [-59.8727136865661, -2.9003189460214194], [-59.8727136865661, -2.9092905564992493]]]}, "id": "-6665,-324", "properties": {"cell_id": "c_-59.8682_-2.9048", "lat": -2.904804754200061, "lon": -59.868222110152615}}, {"type": "Feature", "geometry": {"type": "Polygon", "coordinates": [[[-59.863730533724905, -2.9092905564992493], [-59.85474738088371, -2.9092905564992493], [-59.85474738088371, -2.9003189460214194], [-59.863730533724905, -2.9003189460214194], [-59.863730533724905, -2.9092905564992493]]]}, "id": "-6664,-324", "properties": {"cell_id": "c_-59.8592_-2.9048", "lat": -2.904804754217089, "lon": -59.859238957301535}}, {"type": "Feature", "geometry": {"type": "Polygon", "coordinates": [[[-59.85474738088371, -2.9092905564992493], [-59.845764228042526, -2.9092905564992493], [-59.845764228042526, -2.9003189460214194], [-59.85474738088371, -2.9003189460214194], [-59.85474738088371, -2.9092905564992493]]]}, "id": "-6663,-324", "properties": {"cell_id": "c_-59.8503_-2.9048", "lat": -2.904804754206973, "lon": -59.85025580446805}}, {"type": "Feature", "geometry": {"type": "Polygon", "coordinates": [[[-59.845764228042526, -2.9092905564992493], [-59.83678107520133, -2.9092905564992493], [-59.83678107520133, -2.9003189460214194], [-59.845764228042526, -2.9003189460214194], [-59.845764228042526, -2.9092905564992493]]]}, "id": "-6662,-324", "properties": {"cell_id": "c_-59.8413_-2.9048", "lat": -2.904804754207635, "lon": -59.841272651623505}}, {"type": "Feature", "geometry": {"type": "Polygon", "coordinates": [[[-59.83678107520133, -2.9092905564992493], [-59.827797922360126, -2.9092905564992493], [-59.827797922360126, -2.9003189460214194], [-59.83678107520133, -2.9003189460214194], [-59.83678107520133, -2.9092905564992493]]]}, "id": "-6661,-324", "properties": {"cell_id": "c_-59.8323_-2.9048", "lat": -2.9048047542060473, "lon": -59.83228949877758}}, {"type": "Feature", "geometry": {"type": "Polygon", "coordinates": [[[-59.827797922360126, -2.9092905564992493], [-59.81881476951893, -2.9092905564992493], [-59.81881476951893, -2.9003189460214194], [-59.827797922360126, -2.9003189460214194], [-59.827797922360126, -2.9092905564992493]]]}, "id": "-6660,-324", "properties": {"cell_id": "c_-59.8233_-2.9048", "lat": -2.9048047542095556, "lon": -59.82330634596172}}, {"type": "Feature", "geometry": {"type": "Polygon", "coordinates": [[[-59.81881476951893, -2.9092905564992493], [-59.809831616677734, -2.9092905564992493], [-59.809831616677734, -2.9003189460214194], [-59.81881476951893, -2.9003189460214194], [-59.81881476951893, -2.9092905564992493]]]}, "id": "-6659,-324", "properties": {"cell_id": "c_-59.8143_-2.9048", "lat": -2.9048047542108026, "lon": -59.81432319306214}}, {"type": "Feature", "geometry": {"type": "Polygon", "coordinates": [[[-59.809831616677734, -2.9092905564992493], [-59.80084846383654, -2.9092905564992493], [-59.80084846383654, -2.9003189460214194], [-59.809831616677734, -2.9003189460214194], [-59.809831616677734, -2.9092905564992493]]]}, "id": "-6658,-324", "properties": {"cell_id": "c_-59.8053_-2.9048", "lat": -2.904804754209803, "lon": -59.80534004027617}}, {"type": "Feature", "geometry": {"type": "Polygon", "coordinates": [[[-59.80084846383654, -2.9092905564992493], [-59.791865310995355, -2.9092905564992493], [-59.791865310995355, -2.9003189460214194], [-59.80084846383654, -2.9003189460214194], [-59.80084846383654, -2.9092905564992493]]]}, "id": "-6657,-324", "properties": {"cell_id": "c_-59.7964_-2.9048", "lat": -2.904804754221219, "lon": -59.79635688741808}}, {"type": "Feature", "geometry": {"type": "Polygon", "coordinates": [[[-59.791865310995355, -2.9092905564992493], [-59.78288215815416, -2.9092905564992493], [-59.78288215815416, -2.9003189460214194], [-59.791865310995355, -2.9003189460214194], [-59.791865310995355, -2.9092905564992493]]]}, "id": "-6656,-324", "properties": {"cell_id": "c_-59.7874_-2.9048", "lat": -2.9048047542201885, "lon": -59.7873737345812}}, {"type": "Feature", "geometry": {"type": "Polygon", "coordinates": [[[-59.78288215815416, -2.9092905564992493], [-59.773899005312956, -2.9092905564992493], [-59.773899005312956, -2.9003189460214194], [-59.78288215815416, -2.9003189460214194], [-59.78288215815416, -2.9092905564992493]]]}, "id": "-6655,-324", "properties": {"cell_id": "c_-59.7784_-2.9048", "lat": -2.9048047542140436, "lon": -59.7783905817423}}, {"type": "Feature", "geometry": {"type": "Polygon", "coordinates": [[[-59.773899005312956, -2.9092905564992493], [-59.76491585247176, -2.9092905564992493], [-59.76491585247176, -2.9003189460214194], [-59.773899005312956, -2.9003189460214194], [-59.773899005312956, -2.9092905564992493]]]}, "id": "-6654,-324", "properties": {"cell_id": "c_-59.7694_-2.9048", "lat": -2.904804754199892, "lon": -59.76940742887935}}, {"type": "Feature", "geometry": {"type": "Polygon", "coordinates": [[[-59.76491585247176, -2.9092905564992493], [-59.75593269963056, -2.9092905564992493], [-59.75593269963056, -2.9003189460214194], [-59.76491585247176, -2.9003189460214194], [-59.76491585247176, -2.9092905564992493]]]}, "id": "-6653,-324", "properties": {"cell_id": "c_-59.7604_-2.9048", "lat": -2.904804754198155, "lon": -59.760424276069784}}, {"type": "Feature", "geometry": {"type": "Polygon", "coordinates": [[[-59.75593269963056, -2.9092905564992493], [-59.74694954678938, -2.9092905564992493], [-59.74694954678938, -2.9003189460214194], [-59.75593269963056, -2.9003189460214194], [-59.75593269963056, -2.9092905564992493]]]}, "id": "-6652,-324", "properties": {"cell_id": "c_-59.7514_-2.9048", "lat": -2.904804754205935, "lon": -59.7514411231893}}, {"type": "Feature", "geometry": {"type": "Polygon", "coordinates": [[[-60.20509034169033, -2.9003189460214194], [-60.19610718884913, -2.9003189460214194], [-60.19610718884913, -2.891347264370485], [-60.20509034169033, -2.891347264370485], [-60.20509034169033, -2.9003189460214194]]]}, "id": "-6702,-323", "properties": {"cell_id": "c_-60.2006_-2.8958", "lat": -2.895833108107614, "lon": -60.20059876527509}}, {"type": "Feature", "geometry": {"type": "Polygon", "coordinates": [[[-60.19610718884913, -2.9003189460214194], [-60.18712403600794, -2.9003189460214194], [-60.18712403600794, -2.891347264370485], [-60.19610718884913, -2.891347264370485], [-60.19610718884913, -2.9003189460214194]]]}, "id": "-6701,-323", "properties": {"cell_id": "c_-60.1916_-2.8958", "lat": -2.895833108117365, "lon": -60.19161561243048}}, {"type": "Feature", "geometry": {"type": "Polygon", "coordinates": [[[-60.18712403600794, -2.9003189460214194], [-60.17814088316674, -2.9003189460214194], [-60.17814088316674, -2.891347264370485], [-60.18712403600794, -2.891347264370485], [-60.18712403600794, -2.9003189460214194]]]}, "id": "-6700,-323", "properties": {"cell_id": "c_-60.1826_-2.8958", "lat": -2.8958331081187283, "lon": -60.18263245957672}}, {"type": "Feature", "geometry": {"type": "Polygon", "coordinates": [[[-60.17814088316674, -2.9003189460214194], [-60.16915773032555, -2.9003189460214194], [-60.16915773032555, -2.891347264370485], [-60.17814088316674, -2.891347264370485], [-60.17814088316674, -2.9003189460214194]]]}, "id": "-6699,-323", "properties": {"cell_id": "c_-60.1736_-2.8958", "lat": -2.895833108106668, "lon": -60.17364930674497}}, {"type": "Feature", "geometry": {"type": "Polygon", "coordinates": [[[-60.16915773032555, -2.9003189460214194], [-60.160174577484355, -2.9003189460214194], [-60.160174577484355, -2.891347264370485], [-60.16915773032555, -2.891347264370485], [-60.16915773032555, -2.9003189460214194]]]}, "id": "-6698,-323", "properties": {"cell_id": "c_-60.1647_-2.8958", "lat": -2.895833108111331, "lon": -60.16466615390106}}, {"type": "Feature", "geometry": {"type": "Polygon", "coordinates": [[[-60.160174577484355, -2.9003189460214194], [-60.15119142464316, -2.9003189460214194], [-60.15119142464316, -2.891347264370485], [-60.160174577484355, -2.891347264370485], [-60.160174577484355, -2.9003189460214194]]]}, "id": "-6697,-323", "properties": {"cell_id": "c_-60.1557_-2.8958", "lat": -2.895833108110077, "lon": -60.15568300104303}}, {"type": "Feature", "geometry": {"type": "Polygon", "coordinates": [[[-60.15119142464316, -2.9003189460214194], [-60.14220827180196, -2.9003189460214194], [-60.14220827180196, -2.891347264370485], [-60.15119142464316, -2.891347264370485], [-60.15119142464316, -2.9003189460214194]]]}, "id": "-6696,-323", "properties": {"cell_id": "c_-60.1467_-2.8958", "lat": -2.8958331081029, "lon": -60.14669984824752}}, {"type": "Feature", "geometry": {"type": "Polygon", "coordinates": [[[-60.14220827180196, -2.9003189460214194], [-60.133225118960766, -2.9003189460214194], [-60.133225118960766, -2.891347264370485], [-60.14220827180196, -2.891347264370485], [-60.14220827180196, -2.9003189460214194]]]}, "id": "-6695,-323", "properties": {"cell_id": "c_-60.1377_-2.8958", "lat": -2.8958331081023556, "lon": -60.13771669537185}}, {"type": "Feature", "geometry": {"type": "Polygon", "coordinates": [[[-60.133225118960766, -2.9003189460214194], [-60.12424196611957, -2.9003189460214194], [-60.12424196611957, -2.891347264370485], [-60.133225118960766, -2.891347264370485], [-60.133225118960766, -2.9003189460214194]]]}, "id": "-6694,-323", "properties": {"cell_id": "c_-60.1287_-2.8958", "lat": -2.8958331081159323, "lon": -60.128733542555295}}, {"type": "Feature", "geometry": {"type": "Polygon", "coordinates": [[[-60.12424196611957, -2.9003189460214194], [-60.11525881327838, -2.9003189460214194], [-60.11525881327838, -2.891347264370485], [-60.12424196611957, -2.891347264370485], [-60.12424196611957, -2.9003189460214194]]]}, "id": "-6693,-323", "properties": {"cell_id": "c_-60.1198_-2.8958", "lat": -2.895833108108448, "lon": -60.11975038966775}}, {"type": "Feature", "geometry": {"type": "Polygon", "coordinates": [[[-60.11525881327838, -2.9003189460214194], [-60.106275660437184, -2.9003189460214194], [-60.106275660437184, -2.891347264370485], [-60.11525881327838, -2.891347264370485], [-60.11525881327838, -2.9003189460214194]]]}, "id": "-6692,-323", "properties": {"cell_id": "c_-60.1108_-2.8958", "lat": -2.8958331081100344, "lon": -60.11076723686668}}, {"type": "Feature", "geometry": {"type": "Polygon", "coordinates": [[[-60.106275660437184, -2.9003189460214194], [-60.09729250759599, -2.9003189460214194], [-60.09729250759599, -2.891347264370485], [-60.106275660437184, -2.891347264370485], [-60.106275660437184, -2.9003189460214194]]]}, "id": "-6691,-323", "properties": {"cell_id": "c_-60.1018_-2.8958", "lat": -2.895833108105528, "lon": -60.101784084016494}}, {"type": "Feature", "geometry": {"type": "Polygon", "coordinates": [[[-60.09729250759599, -2.9003189460214194], [-60.08830935475479, -2.9003189460214194], [-60.08830935475479, -2.891347264370485], [-60.09729250759599, -2.891347264370485], [-60.09729250759599, -2.9003189460214194]]]}, "id": "-6690,-323", "properties": {"cell_id": "c_-60.0928_-2.8958", "lat": -2.895833108099978, "lon": -60.09280093119376}}, {"type": "Feature", "geometry": {"type": "Polygon", "coordinates": [[[-60.08830935475479, -2.9003189460214194], [-60.079326201913595, -2.9003189460214194], [-60.079326201913595, -2.891347264370485], [-60.08830935475479, -2.891347264370485], [-60.08830935475479, -2.9003189460214194]]]}, "id": "-6689,-323", "properties": {"cell_id": "c_-60.0838_-2.8958", "lat": -2.8958331081109736, "lon": -60.083817778361635}}, {"type": "Feature", "geometry": {"type": "Polygon", "coordinates": [[[-60.079326201913595, -2.9003189460214194], [-60.0703430490724, -2.9003189460214194], [-60.0703430490724, -2.891347264370485], [-60.079326201913595, -2.891347264370485], [-60.079326201913595, -2.9003189460214194]]]}, "id": "-6688,-323", "properties": {"cell_id": "c_-60.0748_-2.8958", "lat": -2.8958331081233415, "lon": -60.07483462545053}}, {"type": "Feature", "geometry": {"type": "Polygon", "coordinates": [[[-60.0703430490724, -2.9003189460214194], [-60.06135989623121, -2.9003189460214194], [-60.06135989623121, -2.891347264370485], [-60.0703430490724, -2.891347264370485], [-60.0703430490724, -2.9003189460214194]]]}, "id": "-6687,-323", "properties": {"cell_id": "c_-60.0659_-2.8958", "lat": -2.8958331081194943, "lon": -60.065851472649825}}, {"type": "Feature", "geometry": {"type": "Polygon", "coordinates": [[[-60.06135989623121, -2.9003189460214194], [-60.05237674339001, -2.9003189460214194], [-60.05237674339001, -2.891347264370485], [-60.06135989623121, -2.891347264370485], [-60.06135989623121, -2.9003189460214194]]]}, "id": "-6686,-323", "properties": {"cell_id": "c_-60.0569_-2.8958", "lat": -2.8958331081119595, "lon": -60.05686831985791}}, {"type": "Feature", "geometry": {"type": "Polygon", "coordinates": [[[-60.05237674339001, -2.9003189460214194], [-60.04339359054882, -2.9003189460214194], [-60.04339359054882, -2.891347264370485], [-60.05237674339001, -2.891347264370485], [-60.05237674339001, -2.9003189460214194]]]}, "id": "-6685,-323", "properties": {"cell_id": "c_-60.0479_-2.8958", "lat": -2.895833108108189, "lon": -60.047885166936666}}, {"type": "Feature", "geometry": {"type": "Polygon", "coordinates": [[[-60.04339359054882, -2.9003189460214194], [-60.03441043770762, -2.9003189460214194], [-60.03441043770762, -2.891347264370485], [-60.04339359054882, -2.891347264370485], [-60.04339359054882, -2.9003189460214194]]]}, "id": "-6684,-323", "properties": {"cell_id": "c_-60.0389_-2.8958", "lat": -2.8958331081132482, "lon": -60.03890201410345}}, {"type": "Feature", "geometry": {"type": "Polygon", "coordinates": [[[-60.03441043770762, -2.9003189460214194], [-60.025427284866424, -2.9003189460214194], [-60.025427284866424, -2.891347264370485], [-60.03441043770762, -2.891347264370485], [-60.03441043770762, -2.9003189460214194]]]}, "id": "-6683,-323", "properties": {"cell_id": "c_-60.0299_-2.8958", "lat": -2.895833108117001, "lon": -60.02991886133428}}, {"type": "Feature", "geometry": {"type": "Polygon", "coordinates": [[[-60.025427284866424, -2.9003189460214194], [-60.01644413202522, -2.9003189460214194], [-60.01644413202522, -2.891347264370485], [-60.025427284866424, -2.891347264370485], [-60.025427284866424, -2.9003189460214194]]]}, "id": "-6682,-323", "properties": {"cell_id": "c_-60.0209_-2.8958", "lat": -2.8958331081143855, "lon": -60.020935708428354}}, {"type": "Feature", "geometry": {"type": "Polygon", "coordinates": [[[-60.01644413202522, -2.9003189460214194], [-60.00746097918404, -2.9003189460214194], [-60.00746097918404, -2.891347264370485], [-60.01644413202522, -2.891347264370485], [-60.01644413202522, -2.9003189460214194]]]}, "id": "-6681,-323", "properties": {"cell_id": "c_-60.0120_-2.8958", "lat": -2.8958331081229796, "lon": -60.01195255560534}}, {"type": "Feature", "geometry": {"type": "Polygon", "coordinates": [[[-60.00746097918404, -2.9003189460214194], [-59.99847782634284, -2.9003189460214194], [-59.99847782634284, -2.891347264370485], [-60.00746097918404, -2.891347264370485], [-60.00746097918404, -2.9003189460214194]]]}, "id": "-6680,-323", "properties": {"cell_id": "c_-60.0030_-2.8958", "lat": -2.8958331081326403, "lon": -60.00296940276151}}, {"type": "Feature", "geometry": {"type": "Polygon", "coordinates": [[[-59.99847782634284, -2.9003189460214194], [-59.989494673501646, -2.9003189460214194], [-59.989494673501646, -2.891347264370485], [-59.99847782634284, -2.891347264370485], [-59.99847782634284, -2.9003189460214194]]]}, "id": "-6679,-323", "properties": {"cell_id": "c_-59.9940_-2.8958", "lat": -2.895833108138298, "lon": -59.993986249936874}}, {"type": "Feature", "geometry": {"type": "Polygon", "coordinates": [[[-59.989494673501646, -2.9003189460214194], [-59.98051152066045, -2.9003189460214194], [-59.98051152066045, -2.891347264370485], [-59.989494673501646, -2.891347264370485], [-59.989494673501646, -2.9003189460214194]]]}, "id": "-6678,-323", "properties": {"cell_id": "c_-59.9850_-2.8958", "lat": -2.895833108129808, "lon": -59.98500309705205}}, {"type": "Feature", "geometry": {"type": "Polygon", "coordinates": [[[-59.98051152066045, -2.9003189460214194], [-59.971528367819246, -2.9003189460214194], [-59.971528367819246, -2.891347264370485], [-59.98051152066045, -2.891347264370485], [-59.98051152066045, -2.9003189460214194]]]}, "id": "-6677,-323", "properties": {"cell_id": "c_-59.9760_-2.8958", "lat": -2.8958331081298105, "lon": -59.976019944266895}}, {"type": "Feature", "geometry": {"type": "Polygon", "coordinates": [[[-59.971528367819246, -2.9003189460214194], [-59.96254521497805, -2.9003189460214194], [-59.96254521497805, -2.891347264370485], [-59.971528367819246, -2.891347264370485], [-59.971528367819246, -2.9003189460214194]]]}, "id": "-6676,-323", "properties": {"cell_id": "c_-59.9670_-2.8958", "lat": -2.89583310813323, "lon": -59.96703679137035}}, {"type": "Feature", "geometry": {"type": "Polygon", "coordinates": [[[-59.96254521497805, -2.9003189460214194], [-59.95356206213687, -2.9003189460214194], [-59.95356206213687, -2.891347264370485], [-59.96254521497805, -2.891347264370485], [-59.96254521497805, -2.9003189460214194]]]}, "id": "-6675,-323", "properties": {"cell_id": "c_-59.9581_-2.8958", "lat": -2.895833108124838, "lon": -59.95805363854449}}, {"type": "Feature", "geometry": {"type": "Polygon", "coordinates": [[[-59.95356206213687, -2.9003189460214194], [-59.94457890929567, -2.9003189460214194], [-59.94457890929567, -2.891347264370485], [-59.95356206213687, -2.891347264370485], [-59.95356206213687, -2.9003189460214194]]]}, "id": "-6674,-323", "properties": {"cell_id": "c_-59.9491_-2.8958", "lat": -2.8958331081046356, "lon": -59.949070485725734}}, {"type": "Feature", "geometry": {"type": "Polygon", "coordinates": [[[-59.94457890929567, -2.9003189460214194], [-59.935595756454475, -2.9003189460214194], [-59.935595756454475, -2.891347264370485], [-59.94457890929567, -2.891347264370485], [-59.94457890929567, -2.9003189460214194]]]}, "id": "-6673,-323", "properties": {"cell_id": "c_-59.9401_-2.8958", "lat": -2.895833108117899, "lon": -59.94008733287371}}, {"type": "Feature", "geometry": {"type": "Polygon", "coordinates": [[[-59.935595756454475, -2.9003189460214194], [-59.92661260361328, -2.9003189460214194], [-59.92661260361328, -2.891347264370485], [-59.935595756454475, -2.891347264370485], [-59.935595756454475, -2.9003189460214194]]]}, "id": "-6672,-323", "properties": {"cell_id": "c_-59.9311_-2.8958", "lat": -2.895833108136915, "lon": -59.93110418007756}}, {"type": "Feature", "geometry": {"type": "Polygon", "coordinates": [[[-59.92661260361328, -2.9003189460214194], [-59.917629450772075, -2.9003189460214194], [-59.917629450772075, -2.891347264370485], [-59.92661260361328, -2.891347264370485], [-59.92661260361328, -2.9003189460214194]]]}, "id": "-6671,-323", "properties": {"cell_id": "c_-59.9221_-2.8958", "lat": -2.895833108131196, "lon": -59.92212102714695}}, {"type": "Feature", "geometry": {"type": "Polygon", "coordinates": [[[-59.917629450772075, -2.9003189460214194], [-59.90864629793088, -2.9003189460214194], [-59.90864629793088, -2.891347264370485], [-59.917629450772075, -2.891347264370485], [-59.917629450772075, -2.9003189460214194]]]}, "id": "-6670,-323", "properties": {"cell_id": "c_-59.9131_-2.8958", "lat": -2.895833108128448, "lon": -59.91313787434219}}, {"type": "Feature", "geometry": {"type": "Polygon", "coordinates": [[[-59.90864629793088, -2.9003189460214194], [-59.8996631450897, -2.9003189460214194], [-59.8996631450897, -2.891347264370485], [-59.90864629793088, -2.891347264370485], [-59.90864629793088, -2.9003189460214194]]]}, "id": "-6669,-323", "properties": {"cell_id": "c_-59.9042_-2.8958", "lat": -2.895833108121296, "lon": -59.90415472154046}}, {"type": "Feature", "geometry": {"type": "Polygon", "coordinates": [[[-59.8996631450897, -2.9003189460214194], [-59.8906799922485, -2.9003189460214194], [-59.8906799922485, -2.891347264370485], [-59.8996631450897, -2.891347264370485], [-59.8996631450897, -2.9003189460214194]]]}, "id": "-6668,-323", "properties": {"cell_id": "c_-59.8952_-2.8958", "lat": -2.895833108124501, "lon": -59.89517156867276}}, {"type": "Feature", "geometry": {"type": "Polygon", "coordinates": [[[-59.8906799922485, -2.9003189460214194], [-59.881696839407304, -2.9003189460214194], [-59.881696839407304, -2.891347264370485], [-59.8906799922485, -2.891347264370485], [-59.8906799922485, -2.9003189460214194]]]}, "id": "-6667,-323", "properties": {"cell_id": "c_-59.8862_-2.8958", "lat": -2.895833108130689, "lon": -59.8861884158328}}, {"type": "Feature", "geometry": {"type": "Polygon", "coordinates": [[[-59.881696839407304, -2.9003189460214194], [-59.8727136865661, -2.9003189460214194], [-59.8727136865661, -2.891347264370485], [-59.881696839407304, -2.891347264370485], [-59.881696839407304, -2.9003189460214194]]]}, "id": "-6666,-323", "properties": {"cell_id": "c_-59.8772_-2.8958", "lat": -2.895833108129697, "lon": -59.87720526295612}}, {"type": "Feature", "geometry": {"type": "Polygon", "coordinates": [[[-59.8727136865661, -2.9003189460214194], [-59.863730533724905, -2.9003189460214194], [-59.863730533724905, -2.891347264370485], [-59.8727136865661, -2.891347264370485], [-59.8727136865661, -2.9003189460214194]]]}, "id": "-6665,-323", "properties": {"cell_id": "c_-59.8682_-2.8958", "lat": -2.8958331081260686, "lon": -59.86822211016872}}, {"type": "Feature", "geometry": {"type": "Polygon", "coordinates": [[[-59.863730533724905, -2.9003189460214194], [-59.85474738088371, -2.9003189460214194], [-59.85474738088371, -2.891347264370485], [-59.863730533724905, -2.891347264370485], [-59.863730533724905, -2.9003189460214194]]]}, "id": "-6664,-323", "properties": {"cell_id": "c_-59.8592_-2.8958", "lat": -2.8958331081226207, "lon": -59.85923895729904}}, {"type": "Feature", "geometry": {"type": "Polygon", "coordinates": [[[-59.85474738088371, -2.9003189460214194], [-59.845764228042526, -2.9003189460214194], [-59.845764228042526, -2.891347264370485], [-59.85474738088371, -2.891347264370485], [-59.85474738088371, -2.9003189460214194]]]}, "id": "-6663,-323", "properties": {"cell_id": "c_-59.8503_-2.8958", "lat": -2.8958331081267117, "lon": -59.85025580446451}}, {"type": "Feature", "geometry": {"type": "Polygon", "coordinates": [[[-59.845764228042526, -2.9003189460214194], [-59.83678107520133, -2.9003189460214194], [-59.83678107520133, -2.891347264370485], [-59.845764228042526, -2.891347264370485], [-59.845764228042526, -2.9003189460214194]]]}, "id": "-6662,-323", "properties": {"cell_id": "c_-59.8413_-2.8958", "lat": -2.895833108117957, "lon": -59.84127265161894}}, {"type": "Feature", "geometry": {"type": "Polygon", "coordinates": [[[-59.83678107520133, -2.9003189460214194], [-59.827797922360126, -2.9003189460214194], [-59.827797922360126, -2.891347264370485], [-59.83678107520133, -2.891347264370485], [-59.83678107520133, -2.9003189460214194]]]}, "id": "-6661,-323", "properties": {"cell_id": "c_-59.8323_-2.8958", "lat": -2.895833108126933, "lon": -59.832289498789535}}, {"type": "Feature", "geometry": {"type": "Polygon", "coordinates": [[[-59.827797922360126, -2.9003189460214194], [-59.81881476951893, -2.9003189460214194], [-59.81881476951893, -2.891347264370485], [-59.827797922360126, -2.891347264370485], [-59.827797922360126, -2.9003189460214194]]]}, "id": "-6660,-323", "properties": {"cell_id": "c_-59.8233_-2.8958", "lat": -2.895833108143458, "lon": -59.8233063459698}}, {"type": "Feature", "geometry": {"type": "Polygon", "coordinates": [[[-59.81881476951893, -2.9003189460214194], [-59.809831616677734, -2.9003189460214194], [-59.809831616677734, -2.891347264370485], [-59.81881476951893, -2.891347264370485], [-59.81881476951893, -2.9003189460214194]]]}, "id": "-6659,-323", "properties": {"cell_id": "c_-59.8143_-2.8958", "lat": -2.895833108126751, "lon": -59.81432319303857}}, {"type": "Feature", "geometry": {"type": "Polygon", "coordinates": [[[-59.809831616677734, -2.9003189460214194], [-59.80084846383654, -2.9003189460214194], [-59.80084846383654, -2.891347264370485], [-59.809831616677734, -2.891347264370485], [-59.809831616677734, -2.9003189460214194]]]}, "id": "-6658,-323", "properties": {"cell_id": "c_-59.8053_-2.8958", "lat": -2.8958331081045325, "lon": -59.8053400402765}}, {"type": "Feature", "geometry": {"type": "Polygon", "coordinates": [[[-59.80084846383654, -2.9003189460214194], [-59.791865310995355, -2.9003189460214194], [-59.791865310995355, -2.891347264370485], [-59.80084846383654, -2.891347264370485], [-59.80084846383654, -2.9003189460214194]]]}, "id": "-6657,-323", "properties": {"cell_id": "c_-59.7964_-2.8958", "lat": -2.895833108097217, "lon": -59.796356887421865}}, {"type": "Feature", "geometry": {"type": "Polygon", "coordinates": [[[-59.791865310995355, -2.9003189460214194], [-59.78288215815416, -2.9003189460214194], [-59.78288215815416, -2.891347264370485], [-59.791865310995355, -2.891347264370485], [-59.791865310995355, -2.9003189460214194]]]}, "id": "-6656,-323", "properties": {"cell_id": "c_-59.7874_-2.8958", "lat": -2.8958331081092528, "lon": -59.78737373458844}}, {"type": "Feature", "geometry": {"type": "Polygon", "coordinates": [[[-59.78288215815416, -2.9003189460214194], [-59.773899005312956, -2.9003189460214194], [-59.773899005312956, -2.891347264370485], [-59.78288215815416, -2.891347264370485], [-59.78288215815416, -2.9003189460214194]]]}, "id": "-6655,-323", "properties": {"cell_id": "c_-59.7784_-2.8958", "lat": -2.8958331081231057, "lon": -59.77839058174277}}, {"type": "Feature", "geometry": {"type": "Polygon", "coordinates": [[[-59.773899005312956, -2.9003189460214194], [-59.76491585247176, -2.9003189460214194], [-59.76491585247176, -2.891347264370485], [-59.773899005312956, -2.891347264370485], [-59.773899005312956, -2.9003189460214194]]]}, "id": "-6654,-323", "properties": {"cell_id": "c_-59.7694_-2.8958", "lat": -2.8958331081212463, "lon": -59.76940742886284}}, {"type": "Feature", "geometry": {"type": "Polygon", "coordinates": [[[-59.76491585247176, -2.9003189460214194], [-59.75593269963056, -2.9003189460214194], [-59.75593269963056, -2.891347264370485], [-59.76491585247176, -2.891347264370485], [-59.76491585247176, -2.9003189460214194]]]}, "id": "-6653,-323", "properties": {"cell_id": "c_-59.7604_-2.8958", "lat": -2.895833108100778, "lon": -59.760424276064064}}, {"type": "Feature", "geometry": {"type": "Polygon", "coordinates": [[[-59.75593269963056, -2.9003189460214194], [-59.74694954678938, -2.9003189460214194], [-59.74694954678938, -2.891347264370485], [-59.75593269963056, -2.891347264370485], [-59.75593269963056, -2.9003189460214194]]]}, "id": "-6652,-323", "properties": {"cell_id": "c_-59.7514_-2.8958", "lat": -2.895833108099655, "lon": -59.751441123201694}}, {"type": "Feature", "geometry": {"type": "Polygon", "coordinates": [[[-60.20509034169033, -2.891347264370485], [-60.19610718884913, -2.891347264370485], [-60.19610718884913, -2.8823755117658543], [-60.20509034169033, -2.8823755117658543], [-60.20509034169033, -2.891347264370485]]]}, "id": "-6702,-322", "properties": {"cell_id": "c_-60.2006_-2.8869", "lat": -2.8868613910315406, "lon": -60.20059876526734}}, {"type": "Feature", "geometry": {"type": "Polygon", "coordinates": [[[-60.19610718884913, -2.891347264370485], [-60.18712403600794, -2.891347264370485], [-60.18712403600794, -2.8823755117658543], [-60.19610718884913, -2.8823755117658543], [-60.19610718884913, -2.891347264370485]]]}, "id": "-6701,-322", "properties": {"cell_id": "c_-60.1916_-2.8869", "lat": -2.8868613910190257, "lon": -60.19161561243547}}, {"type": "Feature", "geometry": {"type": "Polygon", "coordinates": [[[-60.18712403600794, -2.891347264370485], [-60.17814088316674, -2.891347264370485], [-60.17814088316674, -2.8823755117658543], [-60.18712403600794, -2.8823755117658543], [-60.18712403600794, -2.891347264370485]]]}, "id": "-6700,-322", "properties": {"cell_id": "c_-60.1826_-2.8869", "lat": -2.8868613910152368, "lon": -60.1826324595693}}, {"type": "Feature", "geometry": {"type": "Polygon", "coordinates": [[[-60.17814088316674, -2.891347264370485], [-60.16915773032555, -2.891347264370485], [-60.16915773032555, -2.8823755117658543], [-60.17814088316674, -2.8823755117658543], [-60.17814088316674, -2.891347264370485]]]}, "id": "-6699,-322", "properties": {"cell_id": "c_-60.1736_-2.8869", "lat": -2.8868613910276815, "lon": -60.173649306752765}}, {"type": "Feature", "geometry": {"type": "Polygon", "coordinates": [[[-60.16915773032555, -2.891347264370485], [-60.160174577484355, -2.891347264370485], [-60.160174577484355, -2.8823755117658543], [-60.16915773032555, -2.8823755117658543], [-60.16915773032555, -2.891347264370485]]]}, "id": "-6698,-322", "properties": {"cell_id": "c_-60.1647_-2.8869", "lat": -2.886861391028675, "lon": -60.16466615389893}}, {"type": "Feature", "geometry": {"type": "Polygon", "coordinates": [[[-60.160174577484355, -2.891347264370485], [-60.15119142464316, -2.891347264370485], [-60.15119142464316, -2.8823755117658543], [-60.160174577484355, -2.8823755117658543], [-60.160174577484355, -2.891347264370485]]]}, "id": "-6697,-322", "properties": {"cell_id": "c_-60.1557_-2.8869", "lat": -2.886861391040858, "lon": -60.15568300105611}}, {"type": "Feature", "geometry": {"type": "Polygon", "coordinates": [[[-60.15119142464316, -2.891347264370485], [-60.14220827180196, -2.891347264370485], [-60.14220827180196, -2.8823755117658543], [-60.15119142464316, -2.8823755117658543], [-60.15119142464316, -2.891347264370485]]]}, "id": "-6696,-322", "properties": {"cell_id": "c_-60.1467_-2.8869", "lat": -2.886861391054136, "lon": -60.146699848240566}}, {"type": "Feature", "geometry": {"type": "Polygon", "coordinates": [[[-60.14220827180196, -2.891347264370485], [-60.133225118960766, -2.891347264370485], [-60.133225118960766, -2.8823755117658543], [-60.14220827180196, -2.8823755117658543], [-60.14220827180196, -2.891347264370485]]]}, "id": "-6695,-322", "properties": {"cell_id": "c_-60.1377_-2.8869", "lat": -2.886861391045867, "lon": -60.137716695369974}}, {"type": "Feature", "geometry": {"type": "Polygon", "coordinates": [[[-60.133225118960766, -2.891347264370485], [-60.12424196611957, -2.891347264370485], [-60.12424196611957, -2.8823755117658543], [-60.133225118960766, -2.8823755117658543], [-60.133225118960766, -2.891347264370485]]]}, "id": "-6694,-322", "properties": {"cell_id": "c_-60.1287_-2.8869", "lat": -2.886861391028599, "lon": -60.128733542553476}}, {"type": "Feature", "geometry": {"type": "Polygon", "coordinates": [[[-60.12424196611957, -2.891347264370485], [-60.11525881327838, -2.891347264370485], [-60.11525881327838, -2.8823755117658543], [-60.12424196611957, -2.8823755117658543], [-60.12424196611957, -2.891347264370485]]]}, "id": "-6693,-322", "properties": {"cell_id": "c_-60.1198_-2.8869", "lat": -2.886861391037512, "lon": -60.119750389671005}}, {"type": "Feature", "geometry": {"type": "Polygon", "coordinates": [[[-60.11525881327838, -2.891347264370485], [-60.106275660437184, -2.891347264370485], [-60.106275660437184, -2.8823755117658543], [-60.11525881327838, -2.8823755117658543], [-60.11525881327838, -2.891347264370485]]]}, "id": "-6692,-322", "properties": {"cell_id": "c_-60.1108_-2.8869", "lat": -2.886861391044911, "lon": -60.1107672368724}}, {"type": "Feature", "geometry": {"type": "Polygon", "coordinates": [[[-60.106275660437184, -2.891347264370485], [-60.09729250759599, -2.891347264370485], [-60.09729250759599, -2.8823755117658543], [-60.106275660437184, -2.8823755117658543], [-60.106275660437184, -2.891347264370485]]]}, "id": "-6691,-322", "properties": {"cell_id": "c_-60.1018_-2.8869", "lat": -2.886861391050795, "lon": -60.10178408401216}}, {"type": "Feature", "geometry": {"type": "Polygon", "coordinates": [[[-60.09729250759599, -2.891347264370485], [-60.08830935475479, -2.891347264370485], [-60.08830935475479, -2.8823755117658543], [-60.09729250759599, -2.8823755117658543], [-60.09729250759599, -2.891347264370485]]]}, "id": "-6690,-322", "properties": {"cell_id": "c_-60.0928_-2.8869", "lat": -2.8868613910501115, "lon": -60.09280093119189}}, {"type": "Feature", "geometry": {"type": "Polygon", "coordinates": [[[-60.08830935475479, -2.891347264370485], [-60.079326201913595, -2.891347264370485], [-60.079326201913595, -2.8823755117658543], [-60.08830935475479, -2.8823755117658543], [-60.08830935475479, -2.891347264370485]]]}, "id": "-6689,-322", "properties": {"cell_id": "c_-60.0838_-2.8869", "lat": -2.886861391027698, "lon": -60.08381777835209}}, {"type": "Feature", "geometry": {"type": "Polygon", "coordinates": [[[-60.079326201913595, -2.891347264370485], [-60.0703430490724, -2.891347264370485], [-60.0703430490724, -2.8823755117658543], [-60.079326201913595, -2.8823755117658543], [-60.079326201913595, -2.891347264370485]]]}, "id": "-6688,-322", "properties": {"cell_id": "c_-60.0748_-2.8869", "lat": -2.886861391023768, "lon": -60.074834625468526}}, {"type": "Feature", "geometry": {"type": "Polygon", "coordinates": [[[-60.0703430490724, -2.891347264370485], [-60.06135989623121, -2.891347264370485], [-60.06135989623121, -2.8823755117658543], [-60.0703430490724, -2.8823755117658543], [-60.0703430490724, -2.891347264370485]]]}, "id": "-6687,-322", "properties": {"cell_id": "c_-60.0659_-2.8869", "lat": -2.886861391033266, "lon": -60.0658514726375}}, {"type": "Feature", "geometry": {"type": "Polygon", "coordinates": [[[-60.06135989623121, -2.891347264370485], [-60.05237674339001, -2.891347264370485], [-60.05237674339001, -2.8823755117658543], [-60.06135989623121, -2.8823755117658543], [-60.06135989623121, -2.891347264370485]]]}, "id": "-6686,-322", "properties": {"cell_id": "c_-60.0569_-2.8869", "lat": -2.8868613910284897, "lon": -60.05686831985791}}, {"type": "Feature", "geometry": {"type": "Polygon", "coordinates": [[[-60.05237674339001, -2.891347264370485], [-60.04339359054882, -2.891347264370485], [-60.04339359054882, -2.8823755117658543], [-60.05237674339001, -2.8823755117658543], [-60.05237674339001, -2.891347264370485]]]}, "id": "-6685,-322", "properties": {"cell_id": "c_-60.0479_-2.8869", "lat": -2.8868613910320793, "lon": -60.04788516693649}}, {"type": "Feature", "geometry": {"type": "Polygon", "coordinates": [[[-60.04339359054882, -2.891347264370485], [-60.03441043770762, -2.891347264370485], [-60.03441043770762, -2.8823755117658543], [-60.04339359054882, -2.8823755117658543], [-60.04339359054882, -2.891347264370485]]]}, "id": "-6684,-322", "properties": {"cell_id": "c_-60.0389_-2.8869", "lat": -2.8868613910339134, "lon": -60.03890201411053}}, {"type": "Feature", "geometry": {"type": "Polygon", "coordinates": [[[-60.03441043770762, -2.891347264370485], [-60.025427284866424, -2.891347264370485], [-60.025427284866424, -2.8823755117658543], [-60.03441043770762, -2.8823755117658543], [-60.03441043770762, -2.891347264370485]]]}, "id": "-6683,-322", "properties": {"cell_id": "c_-60.0299_-2.8869", "lat": -2.886861391018795, "lon": -60.02991886131582}}, {"type": "Feature", "geometry": {"type": "Polygon", "coordinates": [[[-60.025427284866424, -2.891347264370485], [-60.01644413202522, -2.891347264370485], [-60.01644413202522, -2.8823755117658543], [-60.025427284866424, -2.8823755117658543], [-60.025427284866424, -2.891347264370485]]]}, "id": "-6682,-322", "properties": {"cell_id": "c_-60.0209_-2.8869", "lat": -2.8868613910269314, "lon": -60.02093570845235}}, {"type": "Feature", "geometry": {"type": "Polygon", "coordinates": [[[-60.01644413202522, -2.891347264370485], [-60.00746097918404, -2.891347264370485], [-60.00746097918404, -2.8823755117658543], [-60.01644413202522, -2.8823755117658543], [-60.01644413202522, -2.891347264370485]]]}, "id": "-6681,-322", "properties": {"cell_id": "c_-60.0120_-2.8869", "lat": -2.8868613910231815, "lon": -60.01195255558619}}, {"type": "Feature", "geometry": {"type": "Polygon", "coordinates": [[[-60.00746097918404, -2.891347264370485], [-59.99847782634284, -2.891347264370485], [-59.99847782634284, -2.8823755117658543], [-60.00746097918404, -2.8823755117658543], [-60.00746097918404, -2.891347264370485]]]}, "id": "-6680,-322", "properties": {"cell_id": "c_-60.0030_-2.8869", "lat": -2.8868613910099095, "lon": -60.002969402777026}}, {"type": "Feature", "geometry": {"type": "Polygon", "coordinates": [[[-59.99847782634284, -2.891347264370485], [-59.989494673501646, -2.891347264370485], [-59.989494673501646, -2.8823755117658543], [-59.99847782634284, -2.8823755117658543], [-59.99847782634284, -2.891347264370485]]]}, "id": "-6679,-322", "properties": {"cell_id": "c_-59.9940_-2.8869", "lat": -2.886861391004686, "lon": -59.99398624992178}}, {"type": "Feature", "geometry": {"type": "Polygon", "coordinates": [[[-59.989494673501646, -2.891347264370485], [-59.98051152066045, -2.891347264370485], [-59.98051152066045, -2.8823755117658543], [-59.989494673501646, -2.8823755117658543], [-59.989494673501646, -2.891347264370485]]]}, "id": "-6678,-322", "properties": {"cell_id": "c_-59.9850_-2.8869", "lat": -2.8868613910125807, "lon": -59.98500309706655}}, {"type": "Feature", "geometry": {"type": "Polygon", "coordinates": [[[-59.98051152066045, -2.891347264370485], [-59.971528367819246, -2.891347264370485], [-59.971528367819246, -2.8823755117658543], [-59.98051152066045, -2.8823755117658543], [-59.98051152066045, -2.891347264370485]]]}, "id": "-6677,-322", "properties": {"cell_id": "c_-59.9760_-2.8869", "lat": -2.8868613910183805, "lon": -59.976019944258205}}, {"type": "Feature", "geometry": {"type": "Polygon", "coordinates": [[[-59.971528367819246, -2.891347264370485], [-59.96254521497805, -2.891347264370485], [-59.96254521497805, -2.8823755117658543], [-59.971528367819246, -2.8823755117658543], [-59.971528367819246, -2.891347264370485]]]}, "id": "-6676,-322", "properties": {"cell_id": "c_-59.9670_-2.8869", "lat": -2.886861391011933, "lon": -59.96703679137598}}, {"type": "Feature", "geometry": {"type": "Polygon", "coordinates": [[[-59.96254521497805, -2.891347264370485], [-59.95356206213687, -2.891347264370485], [-59.95356206213687, -2.8823755117658543], [-59.96254521497805, -2.8823755117658543], [-59.96254521497805, -2.891347264370485]]]}, "id": "-6675,-322", "properties": {"cell_id": "c_-59.9581_-2.8869", "lat": -2.886861391028361, "lon": -59.95805363854689}}, {"type": "Feature", "geometry": {"type": "Polygon", "coordinates": [[[-59.95356206213687, -2.891347264370485], [-59.94457890929567, -2.891347264370485], [-59.94457890929567, -2.8823755117658543], [-59.95356206213687, -2.8823755117658543], [-59.95356206213687, -2.891347264370485]]]}, "id": "-6674,-322", "properties": {"cell_id": "c_-59.9491_-2.8869", "lat": -2.886861391037617, "lon": -59.949070485712376}}, {"type": "Feature", "geometry": {"type": "Polygon", "coordinates": [[[-59.94457890929567, -2.891347264370485], [-59.935595756454475, -2.891347264370485], [-59.935595756454475, -2.8823755117658543], [-59.94457890929567, -2.8823755117658543], [-59.94457890929567, -2.891347264370485]]]}, "id": "-6673,-322", "properties": {"cell_id": "c_-59.9401_-2.8869", "lat": -2.886861391019399, "lon": -59.94008733288211}}, {"type": "Feature", "geometry": {"type": "Polygon", "coordinates": [[[-59.935595756454475, -2.891347264370485], [-59.92661260361328, -2.891347264370485], [-59.92661260361328, -2.8823755117658543], [-59.935595756454475, -2.8823755117658543], [-59.935595756454475, -2.891347264370485]]]}, "id": "-6672,-322", "properties": {"cell_id": "c_-59.9311_-2.8869", "lat": -2.8868613910037295, "lon": -59.93110418007252}}, {"type": "Feature", "geometry": {"type": "Polygon", "coordinates": [[[-59.92661260361328, -2.891347264370485], [-59.917629450772075, -2.891347264370485], [-59.917629450772075, -2.8823755117658543], [-59.92661260361328, -2.8823755117658543], [-59.92661260361328, -2.891347264370485]]]}, "id": "-6671,-322", "properties": {"cell_id": "c_-59.9221_-2.8869", "lat": -2.886861391010943, "lon": -59.92212102715348}}, {"type": "Feature", "geometry": {"type": "Polygon", "coordinates": [[[-59.917629450772075, -2.891347264370485], [-59.90864629793088, -2.891347264370485], [-59.90864629793088, -2.8823755117658543], [-59.917629450772075, -2.8823755117658543], [-59.917629450772075, -2.891347264370485]]]}, "id": "-6670,-322", "properties": {"cell_id": "c_-59.9131_-2.8869", "lat": -2.8868613910382677, "lon": -59.91313787436026}}, {"type": "Feature", "geometry": {"type": "Polygon", "coordinates": [[[-59.90864629793088, -2.891347264370485], [-59.8996631450897, -2.891347264370485], [-59.8996631450897, -2.8823755117658543], [-59.90864629793088, -2.8823755117658543], [-59.90864629793088, -2.891347264370485]]]}, "id": "-6669,-322", "properties": {"cell_id": "c_-59.9042_-2.8869", "lat": -2.8868613910478076, "lon": -59.904154721524776}}, {"type": "Feature", "geometry": {"type": "Polygon", "coordinates": [[[-59.8996631450897, -2.891347264370485], [-59.8906799922485, -2.891347264370485], [-59.8906799922485, -2.8823755117658543], [-59.8996631450897, -2.8823755117658543], [-59.8996631450897, -2.891347264370485]]]}, "id": "-6668,-322", "properties": {"cell_id": "c_-59.8952_-2.8869", "lat": -2.886861391032182, "lon": -59.89517156867602}}, {"type": "Feature", "geometry": {"type": "Polygon", "coordinates": [[[-59.8906799922485, -2.891347264370485], [-59.881696839407304, -2.891347264370485], [-59.881696839407304, -2.8823755117658543], [-59.8906799922485, -2.8823755117658543], [-59.8906799922485, -2.891347264370485]]]}, "id": "-6667,-322", "properties": {"cell_id": "c_-59.8862_-2.8869", "lat": -2.886861391033864, "lon": -59.88618841583742}}, {"type": "Feature", "geometry": {"type": "Polygon", "coordinates": [[[-59.881696839407304, -2.891347264370485], [-59.8727136865661, -2.891347264370485], [-59.8727136865661, -2.8823755117658543], [-59.881696839407304, -2.8823755117658543], [-59.881696839407304, -2.891347264370485]]]}, "id": "-6666,-322", "properties": {"cell_id": "c_-59.8772_-2.8869", "lat": -2.8868613910426735, "lon": -59.877205262959315}}, {"type": "Feature", "geometry": {"type": "Polygon", "coordinates": [[[-59.8727136865661, -2.891347264370485], [-59.863730533724905, -2.891347264370485], [-59.863730533724905, -2.8823755117658543], [-59.8727136865661, -2.8823755117658543], [-59.8727136865661, -2.891347264370485]]]}, "id": "-6665,-322", "properties": {"cell_id": "c_-59.8682_-2.8869", "lat": -2.8868613910336913, "lon": -59.8682221101529}}, {"type": "Feature", "geometry": {"type": "Polygon", "coordinates": [[[-59.863730533724905, -2.891347264370485], [-59.85474738088371, -2.891347264370485], [-59.85474738088371, -2.8823755117658543], [-59.863730533724905, -2.8823755117658543], [-59.863730533724905, -2.891347264370485]]]}, "id": "-6664,-322", "properties": {"cell_id": "c_-59.8592_-2.8869", "lat": -2.8868613910142895, "lon": -59.85923895729198}}, {"type": "Feature", "geometry": {"type": "Polygon", "coordinates": [[[-59.85474738088371, -2.891347264370485], [-59.845764228042526, -2.891347264370485], [-59.845764228042526, -2.8823755117658543], [-59.85474738088371, -2.8823755117658543], [-59.85474738088371, -2.891347264370485]]]}, "id": "-6663,-322", "properties": {"cell_id": "c_-59.8503_-2.8869", "lat": -2.8868613910122076, "lon": -59.85025580447358}}, {"type": "Feature", "geometry": {"type": "Polygon", "coordinates": [[[-59.845764228042526, -2.891347264370485], [-59.83678107520133, -2.891347264370485], [-59.83678107520133, -2.8823755117658543], [-59.845764228042526, -2.8823755117658543], [-59.845764228042526, -2.891347264370485]]]}, "id": "-6662,-322", "properties": {"cell_id": "c_-59.8413_-2.8869", "lat": -2.8868613910246115, "lon": -59.841272651613515}}, {"type": "Feature", "geometry": {"type": "Polygon", "coordinates": [[[-59.83678107520133, -2.891347264370485], [-59.827797922360126, -2.891347264370485], [-59.827797922360126, -2.8823755117658543], [-59.83678107520133, -2.8823755117658543], [-59.83678107520133, -2.891347264370485]]]}, "id": "-6661,-322", "properties": {"cell_id": "c_-59.8323_-2.8869", "lat": -2.8868613910311183, "lon": -59.83228949881046}}, {"type": "Feature", "geometry": {"type": "Polygon", "coordinates": [[[-59.827797922360126, -2.891347264370485], [-59.81881476951893, -2.891347264370485], [-59.81881476951893, -2.8823755117658543], [-59.827797922360126, -2.8823755117658543], [-59.827797922360126, -2.891347264370485]]]}, "id": "-6660,-322", "properties": {"cell_id": "c_-59.8233_-2.8869", "lat": -2.886861391024372, "lon": -59.82330634595866}}, {"type": "Feature", "geometry": {"type": "Polygon", "coordinates": [[[-59.81881476951893, -2.891347264370485], [-59.809831616677734, -2.891347264370485], [-59.809831616677734, -2.8823755117658543], [-59.81881476951893, -2.8823755117658543], [-59.81881476951893, -2.891347264370485]]]}, "id": "-6659,-322", "properties": {"cell_id": "c_-59.8143_-2.8869", "lat": -2.8868613910394467, "lon": -59.81432319304807}}, {"type": "Feature", "geometry": {"type": "Polygon", "coordinates": [[[-59.809831616677734, -2.891347264370485], [-59.80084846383654, -2.891347264370485], [-59.80084846383654, -2.8823755117658543], [-59.809831616677734, -2.8823755117658543], [-59.809831616677734, -2.891347264370485]]]}, "id": "-6658,-322", "properties": {"cell_id": "c_-59.8053_-2.8869", "lat": -2.8868613910486163, "lon": -59.80534004025393}}, {"type": "Feature", "geometry": {"type": "Polygon", "coordinates": [[[-59.80084846383654, -2.891347264370485], [-59.791865310995355, -2.891347264370485], [-59.791865310995355, -2.8823755117658543], [-59.80084846383654, -2.8823755117658543], [-59.80084846383654, -2.891347264370485]]]}, "id": "-6657,-322", "properties": {"cell_id": "c_-59.7964_-2.8869", "lat": -2.886861391041668, "lon": -59.79635688743015}}, {"type": "Feature", "geometry": {"type": "Polygon", "coordinates": [[[-59.791865310995355, -2.891347264370485], [-59.78288215815416, -2.891347264370485], [-59.78288215815416, -2.8823755117658543], [-59.791865310995355, -2.8823755117658543], [-59.791865310995355, -2.891347264370485]]]}, "id": "-6656,-322", "properties": {"cell_id": "c_-59.7874_-2.8869", "lat": -2.8868613910463496, "lon": -59.787373734596905}}, {"type": "Feature", "geometry": {"type": "Polygon", "coordinates": [[[-59.78288215815416, -2.891347264370485], [-59.773899005312956, -2.891347264370485], [-59.773899005312956, -2.8823755117658543], [-59.78288215815416, -2.8823755117658543], [-59.78288215815416, -2.891347264370485]]]}, "id": "-6655,-322", "properties": {"cell_id": "c_-59.7784_-2.8869", "lat": -2.8868613910247145, "lon": -59.77839058172652}}, {"type": "Feature", "geometry": {"type": "Polygon", "coordinates": [[[-59.773899005312956, -2.891347264370485], [-59.76491585247176, -2.891347264370485], [-59.76491585247176, -2.8823755117658543], [-59.773899005312956, -2.8823755117658543], [-59.773899005312956, -2.891347264370485]]]}, "id": "-6654,-322", "properties": {"cell_id": "c_-59.7694_-2.8869", "lat": -2.886861391022032, "lon": -59.76940742887455}}, {"type": "Feature", "geometry": {"type": "Polygon", "coordinates": [[[-59.76491585247176, -2.891347264370485], [-59.75593269963056, -2.891347264370485], [-59.75593269963056, -2.8823755117658543], [-59.76491585247176, -2.8823755117658543], [-59.76491585247176, -2.891347264370485]]]}, "id": "-6653,-322", "properties": {"cell_id": "c_-59.7604_-2.8869", "lat": -2.886861391045623, "lon": -59.760424276055474}}, {"type": "Feature", "geometry": {"type": "Polygon", "coordinates": [[[-59.75593269963056, -2.891347264370485], [-59.74694954678938, -2.891347264370485], [-59.74694954678938, -2.8823755117658543], [-59.75593269963056, -2.8823755117658543], [-59.75593269963056, -2.891347264370485]]]}, "id": "-6652,-322", "properties": {"cell_id": "c_-59.7514_-2.8869", "lat": -2.886861391039997, "lon": -59.75144112320351}}, {"type": "Feature", "geometry": {"type": "Polygon", "coordinates": [[[-60.20509034169033, -2.8823755117658543], [-60.19610718884913, -2.8823755117658543], [-60.19610718884913, -2.873403688426959], [-60.20509034169033, -2.873403688426959], [-60.20509034169033, -2.8823755117658543]]]}, "id": "-6702,-321", "properties": {"cell_id": "c_-60.2006_-2.8779", "lat": -2.877889603081089, "lon": -60.2005987652715}}, {"type": "Feature", "geometry": {"type": "Polygon", "coordinates": [[[-60.19610718884913, -2.8823755117658543], [-60.18712403600794, -2.8823755117658543], [-60.18712403600794, -2.873403688426959], [-60.19610718884913, -2.873403688426959], [-60.19610718884913, -2.8823755117658543]]]}, "id": "-6701,-321", "properties": {"cell_id": "c_-60.1916_-2.8779", "lat": -2.8778896030789545, "lon": -60.191615612416626}}, {"type": "Feature", "geometry": {"type": "Polygon", "coordinates": [[[-60.18712403600794, -2.8823755117658543], [-60.17814088316674, -2.8823755117658543], [-60.17814088316674, -2.873403688426959], [-60.18712403600794, -2.873403688426959], [-60.18712403600794, -2.8823755117658543]]]}, "id": "-6700,-321", "properties": {"cell_id": "c_-60.1826_-2.8779", "lat": -2.8778896030749506, "lon": -60.18263245958034}}, {"type": "Feature", "geometry": {"type": "Polygon", "coordinates": [[[-60.17814088316674, -2.8823755117658543], [-60.16915773032555, -2.8823755117658543], [-60.16915773032555, -2.873403688426959], [-60.17814088316674, -2.873403688426959], [-60.17814088316674, -2.8823755117658543]]]}, "id": "-6699,-321", "properties": {"cell_id": "c_-60.1736_-2.8779", "lat": -2.8778896030816403, "lon": -60.173649306760886}}, {"type": "Feature", "geometry": {"type": "Polygon", "coordinates": [[[-60.16915773032555, -2.8823755117658543], [-60.160174577484355, -2.8823755117658543], [-60.160174577484355, -2.873403688426959], [-60.16915773032555, -2.873403688426959], [-60.16915773032555, -2.8823755117658543]]]}, "id": "-6698,-321", "properties": {"cell_id": "c_-60.1647_-2.8779", "lat": -2.8778896030814187, "lon": -60.16466615389158}}, {"type": "Feature", "geometry": {"type": "Polygon", "coordinates": [[[-60.160174577484355, -2.8823755117658543], [-60.15119142464316, -2.8823755117658543], [-60.15119142464316, -2.873403688426959], [-60.160174577484355, -2.873403688426959], [-60.160174577484355, -2.8823755117658543]]]}, "id": "-6697,-321", "properties": {"cell_id": "c_-60.1557_-2.8779", "lat": -2.8778896030591627, "lon": -60.15568300105336}}, {"type": "Feature", "geometry": {"type": "Polygon", "coordinates": [[[-60.15119142464316, -2.8823755117658543], [-60.14220827180196, -2.8823755117658543], [-60.14220827180196, -2.873403688426959], [-60.15119142464316, -2.873403688426959], [-60.15119142464316, -2.8823755117658543]]]}, "id": "-6696,-321", "properties": {"cell_id": "c_-60.1467_-2.8779", "lat": -2.8778896030500607, "lon": -60.146699848247486}}, {"type": "Feature", "geometry": {"type": "Polygon", "coordinates": [[[-60.14220827180196, -2.8823755117658543], [-60.133225118960766, -2.8823755117658543], [-60.133225118960766, -2.873403688426959], [-60.14220827180196, -2.873403688426959], [-60.14220827180196, -2.8823755117658543]]]}, "id": "-6695,-321", "properties": {"cell_id": "c_-60.1377_-2.8779", "lat": -2.877889603066652, "lon": -60.13771669537139}}, {"type": "Feature", "geometry": {"type": "Polygon", "coordinates": [[[-60.133225118960766, -2.8823755117658543], [-60.12424196611957, -2.8823755117658543], [-60.12424196611957, -2.873403688426959], [-60.133225118960766, -2.873403688426959], [-60.133225118960766, -2.8823755117658543]]]}, "id": "-6694,-321", "properties": {"cell_id": "c_-60.1287_-2.8779", "lat": -2.8778896030687036, "lon": -60.12873354253682}}, {"type": "Feature", "geometry": {"type": "Polygon", "coordinates": [[[-60.12424196611957, -2.8823755117658543], [-60.11525881327838, -2.8823755117658543], [-60.11525881327838, -2.873403688426959], [-60.12424196611957, -2.873403688426959], [-60.12424196611957, -2.8823755117658543]]]}, "id": "-6693,-321", "properties": {"cell_id": "c_-60.1198_-2.8779", "lat": -2.8778896030687537, "lon": -60.11975038969663}}, {"type": "Feature", "geometry": {"type": "Polygon", "coordinates": [[[-60.11525881327838, -2.8823755117658543], [-60.106275660437184, -2.8823755117658543], [-60.106275660437184, -2.873403688426959], [-60.11525881327838, -2.873403688426959], [-60.11525881327838, -2.8823755117658543]]]}, "id": "-6692,-321", "properties": {"cell_id": "c_-60.1108_-2.8779", "lat": -2.87788960306175, "lon": -60.11076723684719}}, {"type": "Feature", "geometry": {"type": "Polygon", "coordinates": [[[-60.106275660437184, -2.8823755117658543], [-60.09729250759599, -2.8823755117658543], [-60.09729250759599, -2.873403688426959], [-60.106275660437184, -2.873403688426959], [-60.106275660437184, -2.8823755117658543]]]}, "id": "-6691,-321", "properties": {"cell_id": "c_-60.1018_-2.8779", "lat": -2.8778896030426435, "lon": -60.10178408402413}}, {"type": "Feature", "geometry": {"type": "Polygon", "coordinates": [[[-60.09729250759599, -2.8823755117658543], [-60.08830935475479, -2.8823755117658543], [-60.08830935475479, -2.873403688426959], [-60.09729250759599, -2.873403688426959], [-60.09729250759599, -2.8823755117658543]]]}, "id": "-6690,-321", "properties": {"cell_id": "c_-60.0928_-2.8779", "lat": -2.8778896030466066, "lon": -60.092800931183184}}, {"type": "Feature", "geometry": {"type": "Polygon", "coordinates": [[[-60.08830935475479, -2.8823755117658543], [-60.079326201913595, -2.8823755117658543], [-60.079326201913595, -2.873403688426959], [-60.08830935475479, -2.873403688426959], [-60.08830935475479, -2.8823755117658543]]]}, "id": "-6689,-321", "properties": {"cell_id": "c_-60.0838_-2.8779", "lat": -2.877889603068579, "lon": -60.083817778360334}}, {"type": "Feature", "geometry": {"type": "Polygon", "coordinates": [[[-60.079326201913595, -2.8823755117658543], [-60.0703430490724, -2.8823755117658543], [-60.0703430490724, -2.873403688426959], [-60.079326201913595, -2.873403688426959], [-60.079326201913595, -2.8823755117658543]]]}, "id": "-6688,-321", "properties": {"cell_id": "c_-60.0748_-2.8779", "lat": -2.877889603075803, "lon": -60.074834625463566}}, {"type": "Feature", "geometry": {"type": "Polygon", "coordinates": [[[-60.0703430490724, -2.8823755117658543], [-60.06135989623121, -2.8823755117658543], [-60.06135989623121, -2.873403688426959], [-60.0703430490724, -2.873403688426959], [-60.0703430490724, -2.8823755117658543]]]}, "id": "-6687,-321", "properties": {"cell_id": "c_-60.0659_-2.8779", "lat": -2.8778896030733385, "lon": -60.065851472649484}}, {"type": "Feature", "geometry": {"type": "Polygon", "coordinates": [[[-60.06135989623121, -2.8823755117658543], [-60.05237674339001, -2.8823755117658543], [-60.05237674339001, -2.873403688426959], [-60.06135989623121, -2.873403688426959], [-60.06135989623121, -2.8823755117658543]]]}, "id": "-6686,-321", "properties": {"cell_id": "c_-60.0569_-2.8779", "lat": -2.87788960307371, "lon": -60.05686831984151}}, {"type": "Feature", "geometry": {"type": "Polygon", "coordinates": [[[-60.05237674339001, -2.8823755117658543], [-60.04339359054882, -2.8823755117658543], [-60.04339359054882, -2.873403688426959], [-60.05237674339001, -2.873403688426959], [-60.05237674339001, -2.8823755117658543]]]}, "id": "-6685,-321", "properties": {"cell_id": "c_-60.0479_-2.8779", "lat": -2.8778896030617274, "lon": -60.04788516694448}}, {"type": "Feature", "geometry": {"type": "Polygon", "coordinates": [[[-60.04339359054882, -2.8823755117658543], [-60.03441043770762, -2.8823755117658543], [-60.03441043770762, -2.873403688426959], [-60.04339359054882, -2.873403688426959], [-60.04339359054882, -2.8823755117658543]]]}, "id": "-6684,-321", "properties": {"cell_id": "c_-60.0389_-2.8779", "lat": -2.877889603060032, "lon": -60.03890201410267}}, {"type": "Feature", "geometry": {"type": "Polygon", "coordinates": [[[-60.03441043770762, -2.8823755117658543], [-60.025427284866424, -2.8823755117658543], [-60.025427284866424, -2.873403688426959], [-60.03441043770762, -2.873403688426959], [-60.03441043770762, -2.8823755117658543]]]}, "id": "-6683,-321", "properties": {"cell_id": "c_-60.0299_-2.8779", "lat": -2.8778896030686196, "lon": -60.02991886131715}}, {"type": "Feature", "geometry": {"type": "Polygon", "coordinates": [[[-60.025427284866424, -2.8823755117658543], [-60.01644413202522, -2.8823755117658543], [-60.01644413202522, -2.873403688426959], [-60.025427284866424, -2.873403688426959], [-60.025427284866424, -2.8823755117658543]]]}, "id": "-6682,-321", "properties": {"cell_id": "c_-60.0209_-2.8779", "lat": -2.877889603072299, "lon": -60.02093570846286}}, {"type": "Feature", "geometry": {"type": "Polygon", "coordinates": [[[-60.01644413202522, -2.8823755117658543], [-60.00746097918404, -2.8823755117658543], [-60.00746097918404, -2.873403688426959], [-60.01644413202522, -2.873403688426959], [-60.01644413202522, -2.8823755117658543]]]}, "id": "-6681,-321", "properties": {"cell_id": "c_-60.0120_-2.8779", "lat": -2.8778896030660004, "lon": -60.01195255556562}}, {"type": "Feature", "geometry": {"type": "Polygon", "coordinates": [[[-60.00746097918404, -2.8823755117658543], [-59.99847782634284, -2.8823755117658543], [-59.99847782634284, -2.873403688426959], [-60.00746097918404, -2.873403688426959], [-60.00746097918404, -2.8823755117658543]]]}, "id": "-6680,-321", "properties": {"cell_id": "c_-60.0030_-2.8779", "lat": -2.877889603072361, "lon": -60.002969402790676}}, {"type": "Feature", "geometry": {"type": "Polygon", "coordinates": [[[-59.99847782634284, -2.8823755117658543], [-59.989494673501646, -2.8823755117658543], [-59.989494673501646, -2.873403688426959], [-59.99847782634284, -2.873403688426959], [-59.99847782634284, -2.8823755117658543]]]}, "id": "-6679,-321", "properties": {"cell_id": "c_-59.9940_-2.8779", "lat": -2.8778896030812438, "lon": -59.9939862499118}}, {"type": "Feature", "geometry": {"type": "Polygon", "coordinates": [[[-59.989494673501646, -2.8823755117658543], [-59.98051152066045, -2.8823755117658543], [-59.98051152066045, -2.873403688426959], [-59.989494673501646, -2.873403688426959], [-59.989494673501646, -2.8823755117658543]]]}, "id": "-6678,-321", "properties": {"cell_id": "c_-59.9850_-2.8779", "lat": -2.8778896030649377, "lon": -59.98500309706811}}, {"type": "Feature", "geometry": {"type": "Polygon", "coordinates": [[[-59.98051152066045, -2.8823755117658543], [-59.971528367819246, -2.8823755117658543], [-59.971528367819246, -2.873403688426959], [-59.98051152066045, -2.873403688426959], [-59.98051152066045, -2.8823755117658543]]]}, "id": "-6677,-321", "properties": {"cell_id": "c_-59.9760_-2.8779", "lat": -2.877889603058574, "lon": -59.97601994425608}}, {"type": "Feature", "geometry": {"type": "Polygon", "coordinates": [[[-59.971528367819246, -2.8823755117658543], [-59.96254521497805, -2.8823755117658543], [-59.96254521497805, -2.873403688426959], [-59.971528367819246, -2.873403688426959], [-59.971528367819246, -2.8823755117658543]]]}, "id": "-6676,-321", "properties": {"cell_id": "c_-59.9670_-2.8779", "lat": -2.877889603062157, "lon": -59.96703679137524}}, {"type": "Feature", "geometry": {"type": "Polygon", "coordinates": [[[-59.96254521497805, -2.8823755117658543], [-59.95356206213687, -2.8823755117658543], [-59.95356206213687, -2.873403688426959], [-59.96254521497805, -2.873403688426959], [-59.96254521497805, -2.8823755117658543]]]}, "id": "-6675,-321", "properties": {"cell_id": "c_-59.9581_-2.8779", "lat": -2.8778896030655283, "lon": -59.958053638567456}}, {"type": "Feature", "geometry": {"type": "Polygon", "coordinates": [[[-59.95356206213687, -2.8823755117658543], [-59.94457890929567, -2.8823755117658543], [-59.94457890929567, -2.873403688426959], [-59.95356206213687, -2.873403688426959], [-59.95356206213687, -2.8823755117658543]]]}, "id": "-6674,-321", "properties": {"cell_id": "c_-59.9491_-2.8779", "lat": -2.8778896030760985, "lon": -59.949070485711665}}, {"type": "Feature", "geometry": {"type": "Polygon", "coordinates": [[[-59.94457890929567, -2.8823755117658543], [-59.935595756454475, -2.8823755117658543], [-59.935595756454475, -2.873403688426959], [-59.94457890929567, -2.873403688426959], [-59.94457890929567, -2.8823755117658543]]]}, "id": "-6673,-321", "properties": {"cell_id": "c_-59.9401_-2.8779", "lat": -2.877889603086462, "lon": -59.940087332874946}}, {"type": "Feature", "geometry": {"type": "Polygon", "coordinates": [[[-59.935595756454475, -2.8823755117658543], [-59.92661260361328, -2.8823755117658543], [-59.92661260361328, -2.873403688426959], [-59.935595756454475, -2.873403688426959], [-59.935595756454475, -2.8823755117658543]]]}, "id": "-6672,-321", "properties": {"cell_id": "c_-59.9311_-2.8779", "lat": -2.8778896030813845, "lon": -59.93110418005891}}, {"type": "Feature", "geometry": {"type": "Polygon", "coordinates": [[[-59.92661260361328, -2.8823755117658543], [-59.917629450772075, -2.8823755117658543], [-59.917629450772075, -2.873403688426959], [-59.92661260361328, -2.873403688426959], [-59.92661260361328, -2.8823755117658543]]]}, "id": "-6671,-321", "properties": {"cell_id": "c_-59.9221_-2.8779", "lat": -2.877889603075647, "lon": -59.922121027168565}}, {"type": "Feature", "geometry": {"type": "Polygon", "coordinates": [[[-59.917629450772075, -2.8823755117658543], [-59.90864629793088, -2.8823755117658543], [-59.90864629793088, -2.873403688426959], [-59.917629450772075, -2.873403688426959], [-59.917629450772075, -2.8823755117658543]]]}, "id": "-6670,-321", "properties": {"cell_id": "c_-59.9131_-2.8779", "lat": -2.8778896030720214, "lon": -59.91313787436889}}, {"type": "Feature", "geometry": {"type": "Polygon", "coordinates": [[[-59.90864629793088, -2.8823755117658543], [-59.8996631450897, -2.8823755117658543], [-59.8996631450897, -2.873403688426959], [-59.90864629793088, -2.873403688426959], [-59.90864629793088, -2.8823755117658543]]]}, "id": "-6669,-321", "properties": {"cell_id": "c_-59.9042_-2.8779", "lat": -2.8778896030603467, "lon": -59.90415472151398}}, {"type": "Feature", "geometry": {"type": "Polygon", "coordinates": [[[-59.8996631450897, -2.8823755117658543], [-59.8906799922485, -2.8823755117658543], [-59.8906799922485, -2.873403688426959], [-59.8996631450897, -2.873403688426959], [-59.8996631450897, -2.8823755117658543]]]}, "id": "-6668,-321", "properties": {"cell_id": "c_-59.8952_-2.8779", "lat": -2.8778896030655536, "lon": -59.895171568676375}}, {"type": "Feature", "geometry": {"type": "Polygon", "coordinates": [[[-59.8906799922485, -2.8823755117658543], [-59.881696839407304, -2.8823755117658543], [-59.881696839407304, -2.873403688426959], [-59.8906799922485, -2.873403688426959], [-59.8906799922485, -2.8823755117658543]]]}, "id": "-6667,-321", "properties": {"cell_id": "c_-59.8862_-2.8779", "lat": -2.877889603052543, "lon": -59.88618841582572}}, {"type": "Feature", "geometry": {"type": "Polygon", "coordinates": [[[-59.881696839407304, -2.8823755117658543], [-59.8727136865661, -2.8823755117658543], [-59.8727136865661, -2.873403688426959], [-59.881696839407304, -2.873403688426959], [-59.881696839407304, -2.8823755117658543]]]}, "id": "-6666,-321", "properties": {"cell_id": "c_-59.8772_-2.8779", "lat": -2.8778896030564147, "lon": -59.877205262983715}}, {"type": "Feature", "geometry": {"type": "Polygon", "coordinates": [[[-59.8727136865661, -2.8823755117658543], [-59.863730533724905, -2.8823755117658543], [-59.863730533724905, -2.873403688426959], [-59.8727136865661, -2.873403688426959], [-59.8727136865661, -2.8823755117658543]]]}, "id": "-6665,-321", "properties": {"cell_id": "c_-59.8682_-2.8779", "lat": -2.8778896030845407, "lon": -59.868222110147684}}, {"type": "Feature", "geometry": {"type": "Polygon", "coordinates": [[[-59.863730533724905, -2.8823755117658543], [-59.85474738088371, -2.8823755117658543], [-59.85474738088371, -2.873403688426959], [-59.863730533724905, -2.873403688426959], [-59.863730533724905, -2.8823755117658543]]]}, "id": "-6664,-321", "properties": {"cell_id": "c_-59.8592_-2.8779", "lat": -2.8778896030916434, "lon": -59.859238957284894}}, {"type": "Feature", "geometry": {"type": "Polygon", "coordinates": [[[-59.85474738088371, -2.8823755117658543], [-59.845764228042526, -2.8823755117658543], [-59.845764228042526, -2.873403688426959], [-59.85474738088371, -2.873403688426959], [-59.85474738088371, -2.8823755117658543]]]}, "id": "-6663,-321", "properties": {"cell_id": "c_-59.8503_-2.8779", "lat": -2.8778896030850802, "lon": -59.85025580447201}}, {"type": "Feature", "geometry": {"type": "Polygon", "coordinates": [[[-59.845764228042526, -2.8823755117658543], [-59.83678107520133, -2.8823755117658543], [-59.83678107520133, -2.873403688426959], [-59.845764228042526, -2.873403688426959], [-59.845764228042526, -2.8823755117658543]]]}, "id": "-6662,-321", "properties": {"cell_id": "c_-59.8413_-2.8779", "lat": -2.8778896030823855, "lon": -59.84127265162483}}, {"type": "Feature", "geometry": {"type": "Polygon", "coordinates": [[[-59.83678107520133, -2.8823755117658543], [-59.827797922360126, -2.8823755117658543], [-59.827797922360126, -2.873403688426959], [-59.83678107520133, -2.873403688426959], [-59.83678107520133, -2.8823755117658543]]]}, "id": "-6661,-321", "properties": {"cell_id": "c_-59.8323_-2.8779", "lat": -2.8778896030762184, "lon": -59.8322894987995}}, {"type": "Feature", "geometry": {"type": "Polygon", "coordinates": [[[-59.827797922360126, -2.8823755117658543], [-59.81881476951893, -2.8823755117658543], [-59.81881476951893, -2.873403688426959], [-59.827797922360126, -2.873403688426959], [-59.827797922360126, -2.8823755117658543]]]}, "id": "-6660,-321", "properties": {"cell_id": "c_-59.8233_-2.8779", "lat": -2.877889603063732, "lon": -59.82330634595037}}, {"type": "Feature", "geometry": {"type": "Polygon", "coordinates": [[[-59.81881476951893, -2.8823755117658543], [-59.809831616677734, -2.8823755117658543], [-59.809831616677734, -2.873403688426959], [-59.81881476951893, -2.873403688426959], [-59.81881476951893, -2.8823755117658543]]]}, "id": "-6659,-321", "properties": {"cell_id": "c_-59.8143_-2.8779", "lat": -2.877889603062462, "lon": -59.814323193070194}}, {"type": "Feature", "geometry": {"type": "Polygon", "coordinates": [[[-59.809831616677734, -2.8823755117658543], [-59.80084846383654, -2.8823755117658543], [-59.80084846383654, -2.873403688426959], [-59.809831616677734, -2.873403688426959], [-59.809831616677734, -2.8823755117658543]]]}, "id": "-6658,-321", "properties": {"cell_id": "c_-59.8053_-2.8779", "lat": -2.877889603072408, "lon": -59.805340040250954}}, {"type": "Feature", "geometry": {"type": "Polygon", "coordinates": [[[-59.80084846383654, -2.8823755117658543], [-59.791865310995355, -2.8823755117658543], [-59.791865310995355, -2.873403688426959], [-59.80084846383654, -2.873403688426959], [-59.80084846383654, -2.8823755117658543]]]}, "id": "-6657,-321", "properties": {"cell_id": "c_-59.7964_-2.8779", "lat": -2.877889603065838, "lon": -59.796356887419606}}, {"type": "Feature", "geometry": {"type": "Polygon", "coordinates": [[[-59.791865310995355, -2.8823755117658543], [-59.78288215815416, -2.8823755117658543], [-59.78288215815416, -2.873403688426959], [-59.791865310995355, -2.873403688426959], [-59.791865310995355, -2.8823755117658543]]]}, "id": "-6656,-321", "properties": {"cell_id": "c_-59.7874_-2.8779", "lat": -2.8778896030500802, "lon": -59.78737373459637}}, {"type": "Feature", "geometry": {"type": "Polygon", "coordinates": [[[-59.78288215815416, -2.8823755117658543], [-59.773899005312956, -2.8823755117658543], [-59.773899005312956, -2.873403688426959], [-59.78288215815416, -2.873403688426959], [-59.78288215815416, -2.8823755117658543]]]}, "id": "-6655,-321", "properties": {"cell_id": "c_-59.7784_-2.8779", "lat": -2.877889603070401, "lon": -59.778390581725745}}, {"type": "Feature", "geometry": {"type": "Polygon", "coordinates": [[[-59.773899005312956, -2.8823755117658543], [-59.76491585247176, -2.8823755117658543], [-59.76491585247176, -2.873403688426959], [-59.773899005312956, -2.873403688426959], [-59.773899005312956, -2.8823755117658543]]]}, "id": "-6654,-321", "properties": {"cell_id": "c_-59.7694_-2.8779", "lat": -2.8778896030888528, "lon": -59.7694074288911}}, {"type": "Feature", "geometry": {"type": "Polygon", "coordinates": [[[-59.76491585247176, -2.8823755117658543], [-59.75593269963056, -2.8823755117658543], [-59.75593269963056, -2.873403688426959], [-59.76491585247176, -2.873403688426959], [-59.76491585247176, -2.8823755117658543]]]}, "id": "-6653,-321", "properties": {"cell_id": "c_-59.7604_-2.8779", "lat": -2.8778896030703747, "lon": -59.76042427604404}}, {"type": "Feature", "geometry": {"type": "Polygon", "coordinates": [[[-59.75593269963056, -2.8823755117658543], [-59.74694954678938, -2.8823755117658543], [-59.74694954678938, -2.873403688426959], [-59.75593269963056, -2.873403688426959], [-59.75593269963056, -2.8823755117658543]]]}, "id": "-6652,-321", "properties": {"cell_id": "c_-59.7514_-2.8779", "lat": -2.877889603050027, "lon": -59.75144112318896}}, {"type": "Feature", "geometry": {"type": "Polygon", "coordinates": [[[-60.20509034169033, -2.873403688426959], [-60.19610718884913, -2.873403688426959], [-60.19610718884913, -2.8644317945732207], [-60.20509034169033, -2.8644317945732207], [-60.20509034169033, -2.873403688426959]]]}, "id": "-6702,-320", "properties": {"cell_id": "c_-60.2006_-2.8689", "lat": -2.868917744432222, "lon": -60.20059876528504}}, {"type": "Feature", "geometry": {"type": "Polygon", "coordinates": [[[-60.19610718884913, -2.873403688426959], [-60.18712403600794, -2.873403688426959], [-60.18712403600794, -2.8644317945732207], [-60.19610718884913, -2.8644317945732207], [-60.19610718884913, -2.873403688426959]]]}, "id": "-6701,-320", "properties": {"cell_id": "c_-60.1916_-2.8689", "lat": -2.8689177444555067, "lon": -60.19161561242427}}, {"type": "Feature", "geometry": {"type": "Polygon", "coordinates": [[[-60.18712403600794, -2.873403688426959], [-60.17814088316674, -2.873403688426959], [-60.17814088316674, -2.8644317945732207], [-60.18712403600794, -2.8644317945732207], [-60.18712403600794, -2.873403688426959]]]}, "id": "-6700,-320", "properties": {"cell_id": "c_-60.1826_-2.8689", "lat": -2.8689177444537663, "lon": -60.182632459566946}}, {"type": "Feature", "geometry": {"type": "Polygon", "coordinates": [[[-60.17814088316674, -2.873403688426959], [-60.16915773032555, -2.873403688426959], [-60.16915773032555, -2.8644317945732207], [-60.17814088316674, -2.8644317945732207], [-60.17814088316674, -2.873403688426959]]]}, "id": "-6699,-320", "properties": {"cell_id": "c_-60.1736_-2.8689", "lat": -2.868917744439568, "lon": -60.17364930676675}}, {"type": "Feature", "geometry": {"type": "Polygon", "coordinates": [[[-60.16915773032555, -2.873403688426959], [-60.160174577484355, -2.873403688426959], [-60.160174577484355, -2.8644317945732207], [-60.16915773032555, -2.8644317945732207], [-60.16915773032555, -2.873403688426959]]]}, "id": "-6698,-320", "properties": {"cell_id": "c_-60.1647_-2.8689", "lat": -2.868917744450573, "lon": -60.164666153896505}}, {"type": "Feature", "geometry": {"type": "Polygon", "coordinates": [[[-60.160174577484355, -2.873403688426959], [-60.15119142464316, -2.873403688426959], [-60.15119142464316, -2.8644317945732207], [-60.160174577484355, -2.8644317945732207], [-60.160174577484355, -2.873403688426959]]]}, "id": "-6697,-320", "properties": {"cell_id": "c_-60.1557_-2.8689", "lat": -2.868917744456623, "lon": -60.155683001032216}}, {"type": "Feature", "geometry": {"type": "Polygon", "coordinates": [[[-60.15119142464316, -2.873403688426959], [-60.14220827180196, -2.873403688426959], [-60.14220827180196, -2.8644317945732207], [-60.15119142464316, -2.8644317945732207], [-60.15119142464316, -2.873403688426959]]]}, "id": "-6696,-320", "properties": {"cell_id": "c_-60.1467_-2.8689", "lat": -2.868917744457727, "lon": -60.146699848260624}}, {"type": "Feature", "geometry": {"type": "Polygon", "coordinates": [[[-60.14220827180196, -2.873403688426959], [-60.133225118960766, -2.873403688426959], [-60.133225118960766, -2.8644317945732207], [-60.14220827180196, -2.8644317945732207], [-60.14220827180196, -2.873403688426959]]]}, "id": "-6695,-320", "properties": {"cell_id": "c_-60.1377_-2.8689", "lat": -2.8689177444563345, "lon": -60.13771669537346}}, {"type": "Feature", "geometry": {"type": "Polygon", "coordinates": [[[-60.133225118960766, -2.873403688426959], [-60.12424196611957, -2.873403688426959], [-60.12424196611957, -2.8644317945732207], [-60.133225118960766, -2.8644317945732207], [-60.133225118960766, -2.873403688426959]]]}, "id": "-6694,-320", "properties": {"cell_id": "c_-60.1287_-2.8689", "lat": -2.8689177444524447, "lon": -60.1287335425329}}, {"type": "Feature", "geometry": {"type": "Polygon", "coordinates": [[[-60.12424196611957, -2.873403688426959], [-60.11525881327838, -2.873403688426959], [-60.11525881327838, -2.8644317945732207], [-60.12424196611957, -2.8644317945732207], [-60.12424196611957, -2.873403688426959]]]}, "id": "-6693,-320", "properties": {"cell_id": "c_-60.1198_-2.8689", "lat": -2.868917744441011, "lon": -60.119750389689145}}, {"type": "Feature", "geometry": {"type": "Polygon", "coordinates": [[[-60.11525881327838, -2.873403688426959], [-60.106275660437184, -2.873403688426959], [-60.106275660437184, -2.8644317945732207], [-60.11525881327838, -2.8644317945732207], [-60.11525881327838, -2.873403688426959]]]}, "id": "-6692,-320", "properties": {"cell_id": "c_-60.1108_-2.8689", "lat": -2.8689177444521587, "lon": -60.1107672368588}}, {"type": "Feature", "geometry": {"type": "Polygon", "coordinates": [[[-60.106275660437184, -2.873403688426959], [-60.09729250759599, -2.873403688426959], [-60.09729250759599, -2.8644317945732207], [-60.106275660437184, -2.8644317945732207], [-60.106275660437184, -2.873403688426959]]]}, "id": "-6691,-320", "properties": {"cell_id": "c_-60.1018_-2.8689", "lat": -2.868917744463241, "lon": -60.101784084004464}}, {"type": "Feature", "geometry": {"type": "Polygon", "coordinates": [[[-60.09729250759599, -2.873403688426959], [-60.08830935475479, -2.873403688426959], [-60.08830935475479, -2.8644317945732207], [-60.09729250759599, -2.8644317945732207], [-60.09729250759599, -2.873403688426959]]]}, "id": "-6690,-320", "properties": {"cell_id": "c_-60.0928_-2.8689", "lat": -2.868917744446562, "lon": -60.092800931190105}}, {"type": "Feature", "geometry": {"type": "Polygon", "coordinates": [[[-60.08830935475479, -2.873403688426959], [-60.079326201913595, -2.873403688426959], [-60.079326201913595, -2.8644317945732207], [-60.08830935475479, -2.8644317945732207], [-60.08830935475479, -2.873403688426959]]]}, "id": "-6689,-320", "properties": {"cell_id": "c_-60.0838_-2.8689", "lat": -2.8689177444372924, "lon": -60.083817778366125}}, {"type": "Feature", "geometry": {"type": "Polygon", "coordinates": [[[-60.079326201913595, -2.873403688426959], [-60.0703430490724, -2.873403688426959], [-60.0703430490724, -2.8644317945732207], [-60.079326201913595, -2.8644317945732207], [-60.079326201913595, -2.873403688426959]]]}, "id": "-6688,-320", "properties": {"cell_id": "c_-60.0748_-2.8689", "lat": -2.8689177444404934, "lon": -60.07483462546822}}, {"type": "Feature", "geometry": {"type": "Polygon", "coordinates": [[[-60.0703430490724, -2.873403688426959], [-60.06135989623121, -2.873403688426959], [-60.06135989623121, -2.8644317945732207], [-60.0703430490724, -2.8644317945732207], [-60.0703430490724, -2.873403688426959]]]}, "id": "-6687,-320", "properties": {"cell_id": "c_-60.0659_-2.8689", "lat": -2.8689177444409886, "lon": -60.065851472642855}}, {"type": "Feature", "geometry": {"type": "Polygon", "coordinates": [[[-60.06135989623121, -2.873403688426959], [-60.05237674339001, -2.873403688426959], [-60.05237674339001, -2.8644317945732207], [-60.06135989623121, -2.8644317945732207], [-60.06135989623121, -2.873403688426959]]]}, "id": "-6686,-320", "properties": {"cell_id": "c_-60.0569_-2.8689", "lat": -2.868917744428653, "lon": -60.056868319836155}}, {"type": "Feature", "geometry": {"type": "Polygon", "coordinates": [[[-60.05237674339001, -2.873403688426959], [-60.04339359054882, -2.873403688426959], [-60.04339359054882, -2.8644317945732207], [-60.05237674339001, -2.8644317945732207], [-60.05237674339001, -2.873403688426959]]]}, "id": "-6685,-320", "properties": {"cell_id": "c_-60.0479_-2.8689", "lat": -2.8689177444437055, "lon": -60.047885166952916}}, {"type": "Feature", "geometry": {"type": "Polygon", "coordinates": [[[-60.04339359054882, -2.873403688426959], [-60.03441043770762, -2.873403688426959], [-60.03441043770762, -2.8644317945732207], [-60.04339359054882, -2.8644317945732207], [-60.04339359054882, -2.873403688426959]]]}, "id": "-6684,-320", "properties": {"cell_id": "c_-60.0389_-2.8689", "lat": -2.868917744463505, "lon": -60.03890201411235}}, {"type": "Feature", "geometry": {"type": "Polygon", "coordinates": [[[-60.03441043770762, -2.873403688426959], [-60.025427284866424, -2.873403688426959], [-60.025427284866424, -2.8644317945732207], [-60.03441043770762, -2.8644317945732207], [-60.03441043770762, -2.873403688426959]]]}, "id": "-6683,-320", "properties": {"cell_id": "c_-60.0299_-2.8689", "lat": -2.8689177444603464, "lon": -60.029918861312886}}, {"type": "Feature", "geometry": {"type": "Polygon", "coordinates": [[[-60.025427284866424, -2.873403688426959], [-60.01644413202522, -2.873403688426959], [-60.01644413202522, -2.8644317945732207], [-60.025427284866424, -2.8644317945732207], [-60.025427284866424, -2.873403688426959]]]}, "id": "-6682,-320", "properties": {"cell_id": "c_-60.0209_-2.8689", "lat": -2.8689177444467386, "lon": -60.02093570845717}}, {"type": "Feature", "geometry": {"type": "Polygon", "coordinates": [[[-60.01644413202522, -2.873403688426959], [-60.00746097918404, -2.873403688426959], [-60.00746097918404, -2.8644317945732207], [-60.01644413202522, -2.8644317945732207], [-60.01644413202522, -2.873403688426959]]]}, "id": "-6681,-320", "properties": {"cell_id": "c_-60.0120_-2.8689", "lat": -2.8689177444578284, "lon": -60.0119525555761}}, {"type": "Feature", "geometry": {"type": "Polygon", "coordinates": [[[-60.00746097918404, -2.873403688426959], [-59.99847782634284, -2.873403688426959], [-59.99847782634284, -2.8644317945732207], [-60.00746097918404, -2.8644317945732207], [-60.00746097918404, -2.873403688426959]]]}, "id": "-6680,-320", "properties": {"cell_id": "c_-60.0030_-2.8689", "lat": -2.868917744453405, "lon": -60.00296940278214}}, {"type": "Feature", "geometry": {"type": "Polygon", "coordinates": [[[-59.99847782634284, -2.873403688426959], [-59.989494673501646, -2.873403688426959], [-59.989494673501646, -2.8644317945732207], [-59.99847782634284, -2.8644317945732207], [-59.99847782634284, -2.873403688426959]]]}, "id": "-6679,-320", "properties": {"cell_id": "c_-59.9940_-2.8689", "lat": -2.8689177444408958, "lon": -59.99398624991671}}, {"type": "Feature", "geometry": {"type": "Polygon", "coordinates": [[[-59.989494673501646, -2.873403688426959], [-59.98051152066045, -2.873403688426959], [-59.98051152066045, -2.8644317945732207], [-59.989494673501646, -2.8644317945732207], [-59.989494673501646, -2.873403688426959]]]}, "id": "-6678,-320", "properties": {"cell_id": "c_-59.9850_-2.8689", "lat": -2.868917744455437, "lon": -59.985003097061444}}, {"type": "Feature", "geometry": {"type": "Polygon", "coordinates": [[[-59.98051152066045, -2.873403688426959], [-59.971528367819246, -2.873403688426959], [-59.971528367819246, -2.8644317945732207], [-59.98051152066045, -2.8644317945732207], [-59.98051152066045, -2.873403688426959]]]}, "id": "-6677,-320", "properties": {"cell_id": "c_-59.9760_-2.8689", "lat": -2.868917744456821, "lon": -59.976019944257764}}, {"type": "Feature", "geometry": {"type": "Polygon", "coordinates": [[[-59.971528367819246, -2.873403688426959], [-59.96254521497805, -2.873403688426959], [-59.96254521497805, -2.8644317945732207], [-59.971528367819246, -2.8644317945732207], [-59.971528367819246, -2.873403688426959]]]}, "id": "-6676,-320", "properties": {"cell_id": "c_-59.9670_-2.8689", "lat": -2.8689177444524634, "lon": -59.967036791372784}}, {"type": "Feature", "geometry": {"type": "Polygon", "coordinates": [[[-59.96254521497805, -2.873403688426959], [-59.95356206213687, -2.873403688426959], [-59.95356206213687, -2.8644317945732207], [-59.96254521497805, -2.8644317945732207], [-59.96254521497805, -2.873403688426959]]]}, "id": "-6675,-320", "properties": {"cell_id": "c_-59.9581_-2.8689", "lat": -2.8689177444474425, "lon": -59.958053638568266}}, {"type": "Feature", "geometry": {"type": "Polygon", "coordinates": [[[-59.95356206213687, -2.873403688426959], [-59.94457890929567, -2.873403688426959], [-59.94457890929567, -2.8644317945732207], [-59.95356206213687, -2.8644317945732207], [-59.95356206213687, -2.873403688426959]]]}, "id": "-6674,-320", "properties": {"cell_id": "c_-59.9491_-2.8689", "lat": -2.8689177444440883, "lon": -59.949070485718075}}, {"type": "Feature", "geometry": {"type": "Polygon", "coordinates": [[[-59.94457890929567, -2.873403688426959], [-59.935595756454475, -2.873403688426959], [-59.935595756454475, -2.8644317945732207], [-59.94457890929567, -2.8644317945732207], [-59.94457890929567, -2.873403688426959]]]}, "id": "-6673,-320", "properties": {"cell_id": "c_-59.9401_-2.8689", "lat": -2.8689177444423963, "lon": -59.94008733287722}}, {"type": "Feature", "geometry": {"type": "Polygon", "coordinates": [[[-59.935595756454475, -2.873403688426959], [-59.92661260361328, -2.873403688426959], [-59.92661260361328, -2.8644317945732207], [-59.935595756454475, -2.8644317945732207], [-59.935595756454475, -2.873403688426959]]]}, "id": "-6672,-320", "properties": {"cell_id": "c_-59.9311_-2.8689", "lat": -2.8689177444423692, "lon": -59.931104180051534}}, {"type": "Feature", "geometry": {"type": "Polygon", "coordinates": [[[-59.92661260361328, -2.873403688426959], [-59.917629450772075, -2.873403688426959], [-59.917629450772075, -2.8644317945732207], [-59.92661260361328, -2.8644317945732207], [-59.92661260361328, -2.873403688426959]]]}, "id": "-6671,-320", "properties": {"cell_id": "c_-59.9221_-2.8689", "lat": -2.8689177444514034, "lon": -59.922121027179266}}, {"type": "Feature", "geometry": {"type": "Polygon", "coordinates": [[[-59.917629450772075, -2.873403688426959], [-59.90864629793088, -2.873403688426959], [-59.90864629793088, -2.8644317945732207], [-59.917629450772075, -2.8644317945732207], [-59.917629450772075, -2.873403688426959]]]}, "id": "-6670,-320", "properties": {"cell_id": "c_-59.9131_-2.8689", "lat": -2.868917744441773, "lon": -59.913137874344955}}, {"type": "Feature", "geometry": {"type": "Polygon", "coordinates": [[[-59.90864629793088, -2.873403688426959], [-59.8996631450897, -2.873403688426959], [-59.8996631450897, -2.8644317945732207], [-59.90864629793088, -2.8644317945732207], [-59.90864629793088, -2.873403688426959]]]}, "id": "-6669,-320", "properties": {"cell_id": "c_-59.9042_-2.8689", "lat": -2.868917744441203, "lon": -59.904154721525686}}, {"type": "Feature", "geometry": {"type": "Polygon", "coordinates": [[[-59.8996631450897, -2.873403688426959], [-59.8906799922485, -2.873403688426959], [-59.8906799922485, -2.8644317945732207], [-59.8996631450897, -2.8644317945732207], [-59.8996631450897, -2.873403688426959]]]}, "id": "-6668,-320", "properties": {"cell_id": "c_-59.8952_-2.8689", "lat": -2.868917744457079, "lon": -59.89517156868579}}, {"type": "Feature", "geometry": {"type": "Polygon", "coordinates": [[[-59.8906799922485, -2.873403688426959], [-59.881696839407304, -2.873403688426959], [-59.881696839407304, -2.8644317945732207], [-59.8906799922485, -2.8644317945732207], [-59.8906799922485, -2.873403688426959]]]}, "id": "-6667,-320", "properties": {"cell_id": "c_-59.8862_-2.8689", "lat": -2.8689177444514984, "lon": -59.88618841579771}}, {"type": "Feature", "geometry": {"type": "Polygon", "coordinates": [[[-59.881696839407304, -2.873403688426959], [-59.8727136865661, -2.873403688426959], [-59.8727136865661, -2.8644317945732207], [-59.881696839407304, -2.8644317945732207], [-59.881696839407304, -2.873403688426959]]]}, "id": "-6666,-320", "properties": {"cell_id": "c_-59.8772_-2.8689", "lat": -2.868917744434635, "lon": -59.87720526299873}}, {"type": "Feature", "geometry": {"type": "Polygon", "coordinates": [[[-59.8727136865661, -2.873403688426959], [-59.863730533724905, -2.873403688426959], [-59.863730533724905, -2.8644317945732207], [-59.8727136865661, -2.8644317945732207], [-59.8727136865661, -2.873403688426959]]]}, "id": "-6665,-320", "properties": {"cell_id": "c_-59.8682_-2.8689", "lat": -2.868917744441594, "lon": -59.86822211016779}}, {"type": "Feature", "geometry": {"type": "Polygon", "coordinates": [[[-59.863730533724905, -2.873403688426959], [-59.85474738088371, -2.873403688426959], [-59.85474738088371, -2.8644317945732207], [-59.863730533724905, -2.8644317945732207], [-59.863730533724905, -2.873403688426959]]]}, "id": "-6664,-320", "properties": {"cell_id": "c_-59.8592_-2.8689", "lat": -2.8689177444519993, "lon": -59.85923895728231}}, {"type": "Feature", "geometry": {"type": "Polygon", "coordinates": [[[-59.85474738088371, -2.873403688426959], [-59.845764228042526, -2.873403688426959], [-59.845764228042526, -2.8644317945732207], [-59.85474738088371, -2.8644317945732207], [-59.85474738088371, -2.873403688426959]]]}, "id": "-6663,-320", "properties": {"cell_id": "c_-59.8503_-2.8689", "lat": -2.8689177444483067, "lon": -59.85025580446432}}, {"type": "Feature", "geometry": {"type": "Polygon", "coordinates": [[[-59.845764228042526, -2.873403688426959], [-59.83678107520133, -2.873403688426959], [-59.83678107520133, -2.8644317945732207], [-59.845764228042526, -2.8644317945732207], [-59.845764228042526, -2.873403688426959]]]}, "id": "-6662,-320", "properties": {"cell_id": "c_-59.8413_-2.8689", "lat": -2.86891774444071, "lon": -59.841272651622205}}, {"type": "Feature", "geometry": {"type": "Polygon", "coordinates": [[[-59.83678107520133, -2.873403688426959], [-59.827797922360126, -2.873403688426959], [-59.827797922360126, -2.8644317945732207], [-59.83678107520133, -2.8644317945732207], [-59.83678107520133, -2.873403688426959]]]}, "id": "-6661,-320", "properties": {"cell_id": "c_-59.8323_-2.8689", "lat": -2.8689177444337197, "lon": -59.832289498788924}}, {"type": "Feature", "geometry": {"type": "Polygon", "coordinates": [[[-59.827797922360126, -2.873403688426959], [-59.81881476951893, -2.873403688426959], [-59.81881476951893, -2.8644317945732207], [-59.827797922360126, -2.8644317945732207], [-59.827797922360126, -2.873403688426959]]]}, "id": "-6660,-320", "properties": {"cell_id": "c_-59.8233_-2.8689", "lat": -2.8689177444477196, "lon": -59.82330634596246}}, {"type": "Feature", "geometry": {"type": "Polygon", "coordinates": [[[-59.81881476951893, -2.873403688426959], [-59.809831616677734, -2.873403688426959], [-59.809831616677734, -2.8644317945732207], [-59.81881476951893, -2.8644317945732207], [-59.81881476951893, -2.873403688426959]]]}, "id": "-6659,-320", "properties": {"cell_id": "c_-59.8143_-2.8689", "lat": -2.8689177444549783, "lon": -59.814323193064084}}, {"type": "Feature", "geometry": {"type": "Polygon", "coordinates": [[[-59.809831616677734, -2.873403688426959], [-59.80084846383654, -2.873403688426959], [-59.80084846383654, -2.8644317945732207], [-59.809831616677734, -2.8644317945732207], [-59.809831616677734, -2.873403688426959]]]}, "id": "-6658,-320", "properties": {"cell_id": "c_-59.8053_-2.8689", "lat": -2.8689177444526384, "lon": -59.80534004026465}}, {"type": "Feature", "geometry": {"type": "Polygon", "coordinates": [[[-59.80084846383654, -2.873403688426959], [-59.791865310995355, -2.873403688426959], [-59.791865310995355, -2.8644317945732207], [-59.80084846383654, -2.8644317945732207], [-59.80084846383654, -2.873403688426959]]]}, "id": "-6657,-320", "properties": {"cell_id": "c_-59.7964_-2.8689", "lat": -2.8689177444684297, "lon": -59.79635688741512}}, {"type": "Feature", "geometry": {"type": "Polygon", "coordinates": [[[-59.791865310995355, -2.873403688426959], [-59.78288215815416, -2.873403688426959], [-59.78288215815416, -2.8644317945732207], [-59.791865310995355, -2.8644317945732207], [-59.791865310995355, -2.873403688426959]]]}, "id": "-6656,-320", "properties": {"cell_id": "c_-59.7874_-2.8689", "lat": -2.8689177444644107, "lon": -59.787373734581024}}, {"type": "Feature", "geometry": {"type": "Polygon", "coordinates": [[[-59.78288215815416, -2.873403688426959], [-59.773899005312956, -2.873403688426959], [-59.773899005312956, -2.8644317945732207], [-59.78288215815416, -2.8644317945732207], [-59.78288215815416, -2.873403688426959]]]}, "id": "-6655,-320", "properties": {"cell_id": "c_-59.7784_-2.8689", "lat": -2.8689177444405787, "lon": -59.77839058173756}}, {"type": "Feature", "geometry": {"type": "Polygon", "coordinates": [[[-59.773899005312956, -2.873403688426959], [-59.76491585247176, -2.873403688426959], [-59.76491585247176, -2.8644317945732207], [-59.773899005312956, -2.8644317945732207], [-59.773899005312956, -2.873403688426959]]]}, "id": "-6654,-320", "properties": {"cell_id": "c_-59.7694_-2.8689", "lat": -2.8689177444246767, "lon": -59.76940742888185}}, {"type": "Feature", "geometry": {"type": "Polygon", "coordinates": [[[-59.76491585247176, -2.873403688426959], [-59.75593269963056, -2.873403688426959], [-59.75593269963056, -2.8644317945732207], [-59.76491585247176, -2.8644317945732207], [-59.76491585247176, -2.873403688426959]]]}, "id": "-6653,-320", "properties": {"cell_id": "c_-59.7604_-2.8689", "lat": -2.8689177444415477, "lon": -59.76042427605171}}, {"type": "Feature", "geometry": {"type": "Polygon", "coordinates": [[[-59.75593269963056, -2.873403688426959], [-59.74694954678938, -2.873403688426959], [-59.74694954678938, -2.8644317945732207], [-59.75593269963056, -2.8644317945732207], [-59.75593269963056, -2.873403688426959]]]}, "id": "-6652,-320", "properties": {"cell_id": "c_-59.7514_-2.8689", "lat": -2.868917744463449, "lon": -59.75144112318285}}, {"type": "Feature", "geometry": {"type": "Polygon", "coordinates": [[[-60.20509034169033, -2.8644317945732207], [-60.19610718884913, -2.8644317945732207], [-60.19610718884913, -2.8554598304240835], [-60.20509034169033, -2.8554598304240835], [-60.20509034169033, -2.8644317945732207]]]}, "id": "-6702,-319", "properties": {"cell_id": "c_-60.2006_-2.8599", "lat": -2.8599458154188366, "lon": -60.20059876529785}}, {"type": "Feature", "geometry": {"type": "Polygon", "coordinates": [[[-60.19610718884913, -2.8644317945732207], [-60.18712403600794, -2.8644317945732207], [-60.18712403600794, -2.8554598304240835], [-60.19610718884913, -2.8554598304240835], [-60.19610718884913, -2.8644317945732207]]]}, "id": "-6701,-319", "properties": {"cell_id": "c_-60.1916_-2.8599", "lat": -2.8599458154121695, "lon": -60.1916156124281}}, {"type": "Feature", "geometry": {"type": "Polygon", "coordinates": [[[-60.18712403600794, -2.8644317945732207], [-60.17814088316674, -2.8644317945732207], [-60.17814088316674, -2.8554598304240835], [-60.18712403600794, -2.8554598304240835], [-60.18712403600794, -2.8644317945732207]]]}, "id": "-6700,-319", "properties": {"cell_id": "c_-60.1826_-2.8599", "lat": -2.859945815417639, "lon": -60.182632459566854}}, {"type": "Feature", "geometry": {"type": "Polygon", "coordinates": [[[-60.17814088316674, -2.8644317945732207], [-60.16915773032555, -2.8644317945732207], [-60.16915773032555, -2.8554598304240835], [-60.17814088316674, -2.8554598304240835], [-60.17814088316674, -2.8644317945732207]]]}, "id": "-6699,-319", "properties": {"cell_id": "c_-60.1736_-2.8599", "lat": -2.8599458154176394, "lon": -60.173649306752644}}, {"type": "Feature", "geometry": {"type": "Polygon", "coordinates": [[[-60.16915773032555, -2.8644317945732207], [-60.160174577484355, -2.8644317945732207], [-60.160174577484355, -2.8554598304240835], [-60.16915773032555, -2.8554598304240835], [-60.16915773032555, -2.8644317945732207]]]}, "id": "-6698,-319", "properties": {"cell_id": "c_-60.1647_-2.8599", "lat": -2.8599458153945774, "lon": -60.16466615389856}}, {"type": "Feature", "geometry": {"type": "Polygon", "coordinates": [[[-60.160174577484355, -2.8644317945732207], [-60.15119142464316, -2.8644317945732207], [-60.15119142464316, -2.8554598304240835], [-60.160174577484355, -2.8554598304240835], [-60.160174577484355, -2.8644317945732207]]]}, "id": "-6697,-319", "properties": {"cell_id": "c_-60.1557_-2.8599", "lat": -2.859945815396202, "lon": -60.155683001037865}}, {"type": "Feature", "geometry": {"type": "Polygon", "coordinates": [[[-60.15119142464316, -2.8644317945732207], [-60.14220827180196, -2.8644317945732207], [-60.14220827180196, -2.8554598304240835], [-60.15119142464316, -2.8554598304240835], [-60.15119142464316, -2.8644317945732207]]]}, "id": "-6696,-319", "properties": {"cell_id": "c_-60.1467_-2.8599", "lat": -2.859945815394822, "lon": -60.14669984825471}}, {"type": "Feature", "geometry": {"type": "Polygon", "coordinates": [[[-60.14220827180196, -2.8644317945732207], [-60.133225118960766, -2.8644317945732207], [-60.133225118960766, -2.8554598304240835], [-60.14220827180196, -2.8554598304240835], [-60.14220827180196, -2.8644317945732207]]]}, "id": "-6695,-319", "properties": {"cell_id": "c_-60.1377_-2.8599", "lat": -2.8599458153904402, "lon": -60.137716695373605}}, {"type": "Feature", "geometry": {"type": "Polygon", "coordinates": [[[-60.133225118960766, -2.8644317945732207], [-60.12424196611957, -2.8644317945732207], [-60.12424196611957, -2.8554598304240835], [-60.133225118960766, -2.8554598304240835], [-60.133225118960766, -2.8644317945732207]]]}, "id": "-6694,-319", "properties": {"cell_id": "c_-60.1287_-2.8599", "lat": -2.8599458154081376, "lon": -60.12873354254658}}, {"type": "Feature", "geometry": {"type": "Polygon", "coordinates": [[[-60.12424196611957, -2.8644317945732207], [-60.11525881327838, -2.8644317945732207], [-60.11525881327838, -2.8554598304240835], [-60.12424196611957, -2.8554598304240835], [-60.12424196611957, -2.8644317945732207]]]}, "id": "-6693,-319", "properties": {"cell_id": "c_-60.1198_-2.8599", "lat": -2.8599458154076753, "lon": -60.11975038966355}}, {"type": "Feature", "geometry": {"type": "Polygon", "coordinates": [[[-60.11525881327838, -2.8644317945732207], [-60.106275660437184, -2.8644317945732207], [-60.106275660437184, -2.8554598304240835], [-60.11525881327838, -2.8554598304240835], [-60.11525881327838, -2.8644317945732207]]]}, "id": "-6692,-319", "properties": {"cell_id": "c_-60.1108_-2.8599", "lat": -2.8599458153890605, "lon": -60.11076723687692}}, {"type": "Feature", "geometry": {"type": "Polygon", "coordinates": [[[-60.106275660437184, -2.8644317945732207], [-60.09729250759599, -2.8644317945732207], [-60.09729250759599, -2.8554598304240835], [-60.106275660437184, -2.8554598304240835], [-60.106275660437184, -2.8644317945732207]]]}, "id": "-6691,-319", "properties": {"cell_id": "c_-60.1018_-2.8599", "lat": -2.859945815400002, "lon": -60.10178408400841}}, {"type": "Feature", "geometry": {"type": "Polygon", "coordinates": [[[-60.09729250759599, -2.8644317945732207], [-60.08830935475479, -2.8644317945732207], [-60.08830935475479, -2.8554598304240835], [-60.09729250759599, -2.8554598304240835], [-60.09729250759599, -2.8644317945732207]]]}, "id": "-6690,-319", "properties": {"cell_id": "c_-60.0928_-2.8599", "lat": -2.8599458154229116, "lon": -60.092800931192414}}, {"type": "Feature", "geometry": {"type": "Polygon", "coordinates": [[[-60.08830935475479, -2.8644317945732207], [-60.079326201913595, -2.8644317945732207], [-60.079326201913595, -2.8554598304240835], [-60.08830935475479, -2.8554598304240835], [-60.08830935475479, -2.8644317945732207]]]}, "id": "-6689,-319", "properties": {"cell_id": "c_-60.0838_-2.8599", "lat": -2.859945815412512, "lon": -60.08381777834413}}, {"type": "Feature", "geometry": {"type": "Polygon", "coordinates": [[[-60.079326201913595, -2.8644317945732207], [-60.0703430490724, -2.8644317945732207], [-60.0703430490724, -2.8554598304240835], [-60.079326201913595, -2.8554598304240835], [-60.079326201913595, -2.8644317945732207]]]}, "id": "-6688,-319", "properties": {"cell_id": "c_-60.0748_-2.8599", "lat": -2.8599458153887976, "lon": -60.074834625469684}}, {"type": "Feature", "geometry": {"type": "Polygon", "coordinates": [[[-60.0703430490724, -2.8644317945732207], [-60.06135989623121, -2.8644317945732207], [-60.06135989623121, -2.8554598304240835], [-60.0703430490724, -2.8554598304240835], [-60.0703430490724, -2.8644317945732207]]]}, "id": "-6687,-319", "properties": {"cell_id": "c_-60.0659_-2.8599", "lat": -2.8599458153919883, "lon": -60.06585147264509}}, {"type": "Feature", "geometry": {"type": "Polygon", "coordinates": [[[-60.06135989623121, -2.8644317945732207], [-60.05237674339001, -2.8644317945732207], [-60.05237674339001, -2.8554598304240835], [-60.06135989623121, -2.8554598304240835], [-60.06135989623121, -2.8644317945732207]]]}, "id": "-6686,-319", "properties": {"cell_id": "c_-60.0569_-2.8599", "lat": -2.8599458154095574, "lon": -60.05686831983916}}, {"type": "Feature", "geometry": {"type": "Polygon", "coordinates": [[[-60.05237674339001, -2.8644317945732207], [-60.04339359054882, -2.8644317945732207], [-60.04339359054882, -2.8554598304240835], [-60.05237674339001, -2.8554598304240835], [-60.05237674339001, -2.8644317945732207]]]}, "id": "-6685,-319", "properties": {"cell_id": "c_-60.0479_-2.8599", "lat": -2.85994581540875, "lon": -60.04788516696417}}, {"type": "Feature", "geometry": {"type": "Polygon", "coordinates": [[[-60.04339359054882, -2.8644317945732207], [-60.03441043770762, -2.8644317945732207], [-60.03441043770762, -2.8554598304240835], [-60.04339359054882, -2.8554598304240835], [-60.04339359054882, -2.8644317945732207]]]}, "id": "-6684,-319", "properties": {"cell_id": "c_-60.0389_-2.8599", "lat": -2.8599458153970145, "lon": -60.03890201410918}}, {"type": "Feature", "geometry": {"type": "Polygon", "coordinates": [[[-60.03441043770762, -2.8644317945732207], [-60.025427284866424, -2.8644317945732207], [-60.025427284866424, -2.8554598304240835], [-60.03441043770762, -2.8554598304240835], [-60.03441043770762, -2.8644317945732207]]]}, "id": "-6683,-319", "properties": {"cell_id": "c_-60.0299_-2.8599", "lat": -2.8599458153969928, "lon": -60.02991886131287}}, {"type": "Feature", "geometry": {"type": "Polygon", "coordinates": [[[-60.025427284866424, -2.8644317945732207], [-60.01644413202522, -2.8644317945732207], [-60.01644413202522, -2.8554598304240835], [-60.025427284866424, -2.8554598304240835], [-60.025427284866424, -2.8644317945732207]]]}, "id": "-6682,-319", "properties": {"cell_id": "c_-60.0209_-2.8599", "lat": -2.859945815398549, "lon": -60.02093570844512}}, {"type": "Feature", "geometry": {"type": "Polygon", "coordinates": [[[-60.01644413202522, -2.8644317945732207], [-60.00746097918404, -2.8644317945732207], [-60.00746097918404, -2.8554598304240835], [-60.01644413202522, -2.8554598304240835], [-60.01644413202522, -2.8644317945732207]]]}, "id": "-6681,-319", "properties": {"cell_id": "c_-60.0120_-2.8599", "lat": -2.859945815396614, "lon": -60.011952555597325}}, {"type": "Feature", "geometry": {"type": "Polygon", "coordinates": [[[-60.00746097918404, -2.8644317945732207], [-59.99847782634284, -2.8644317945732207], [-59.99847782634284, -2.8554598304240835], [-60.00746097918404, -2.8554598304240835], [-60.00746097918404, -2.8644317945732207]]]}, "id": "-6680,-319", "properties": {"cell_id": "c_-60.0030_-2.8599", "lat": -2.859945815408759, "lon": -60.00296940276864}}, {"type": "Feature", "geometry": {"type": "Polygon", "coordinates": [[[-59.99847782634284, -2.8644317945732207], [-59.989494673501646, -2.8644317945732207], [-59.989494673501646, -2.8554598304240835], [-59.99847782634284, -2.8554598304240835], [-59.99847782634284, -2.8644317945732207]]]}, "id": "-6679,-319", "properties": {"cell_id": "c_-59.9940_-2.8599", "lat": -2.859945815412346, "lon": -59.99398624992128}}, {"type": "Feature", "geometry": {"type": "Polygon", "coordinates": [[[-59.989494673501646, -2.8644317945732207], [-59.98051152066045, -2.8644317945732207], [-59.98051152066045, -2.8554598304240835], [-59.989494673501646, -2.8554598304240835], [-59.989494673501646, -2.8644317945732207]]]}, "id": "-6678,-319", "properties": {"cell_id": "c_-59.9850_-2.8599", "lat": -2.859945815414803, "lon": -59.98500309707389}}, {"type": "Feature", "geometry": {"type": "Polygon", "coordinates": [[[-59.98051152066045, -2.8644317945732207], [-59.971528367819246, -2.8644317945732207], [-59.971528367819246, -2.8554598304240835], [-59.98051152066045, -2.8554598304240835], [-59.98051152066045, -2.8644317945732207]]]}, "id": "-6677,-319", "properties": {"cell_id": "c_-59.9760_-2.8599", "lat": -2.8599458154110478, "lon": -59.97601994424294}}, {"type": "Feature", "geometry": {"type": "Polygon", "coordinates": [[[-59.971528367819246, -2.8644317945732207], [-59.96254521497805, -2.8644317945732207], [-59.96254521497805, -2.8554598304240835], [-59.971528367819246, -2.8554598304240835], [-59.971528367819246, -2.8644317945732207]]]}, "id": "-6676,-319", "properties": {"cell_id": "c_-59.9670_-2.8599", "lat": -2.859945815401091, "lon": -59.96703679137327}}, {"type": "Feature", "geometry": {"type": "Polygon", "coordinates": [[[-59.96254521497805, -2.8644317945732207], [-59.95356206213687, -2.8644317945732207], [-59.95356206213687, -2.8554598304240835], [-59.96254521497805, -2.8554598304240835], [-59.96254521497805, -2.8644317945732207]]]}, "id": "-6675,-319", "properties": {"cell_id": "c_-59.9581_-2.8599", "lat": -2.85994581539741, "lon": -59.95805363855907}}, {"type": "Feature", "geometry": {"type": "Polygon", "coordinates": [[[-59.95356206213687, -2.8644317945732207], [-59.94457890929567, -2.8644317945732207], [-59.94457890929567, -2.8554598304240835], [-59.95356206213687, -2.8554598304240835], [-59.95356206213687, -2.8644317945732207]]]}, "id": "-6674,-319", "properties": {"cell_id": "c_-59.9491_-2.8599", "lat": -2.8599458153949393, "lon": -59.949070485721435}}, {"type": "Feature", "geometry": {"type": "Polygon", "coordinates": [[[-59.94457890929567, -2.8644317945732207], [-59.935595756454475, -2.8644317945732207], [-59.935595756454475, -2.8554598304240835], [-59.94457890929567, -2.8554598304240835], [-59.94457890929567, -2.8644317945732207]]]}, "id": "-6673,-319", "properties": {"cell_id": "c_-59.9401_-2.8599", "lat": -2.859945815406151, "lon": -59.94008733288341}}, {"type": "Feature", "geometry": {"type": "Polygon", "coordinates": [[[-59.935595756454475, -2.8644317945732207], [-59.92661260361328, -2.8644317945732207], [-59.92661260361328, -2.8554598304240835], [-59.935595756454475, -2.8554598304240835], [-59.935595756454475, -2.8644317945732207]]]}, "id": "-6672,-319", "properties": {"cell_id": "c_-59.9311_-2.8599", "lat": -2.859945815425966, "lon": -59.931104180065155}}, {"type": "Feature", "geometry": {"type": "Polygon", "coordinates": [[[-59.92661260361328, -2.8644317945732207], [-59.917629450772075, -2.8644317945732207], [-59.917629450772075, -2.8554598304240835], [-59.92661260361328, -2.8554598304240835], [-59.92661260361328, -2.8644317945732207]]]}, "id": "-6671,-319", "properties": {"cell_id": "c_-59.9221_-2.8599", "lat": -2.859945815409109, "lon": -59.92212102715779}}, {"type": "Feature", "geometry": {"type": "Polygon", "coordinates": [[[-59.917629450772075, -2.8644317945732207], [-59.90864629793088, -2.8644317945732207], [-59.90864629793088, -2.8554598304240835], [-59.917629450772075, -2.8554598304240835], [-59.917629450772075, -2.8644317945732207]]]}, "id": "-6670,-319", "properties": {"cell_id": "c_-59.9131_-2.8599", "lat": -2.8599458153906925, "lon": -59.913137874338325}}, {"type": "Feature", "geometry": {"type": "Polygon", "coordinates": [[[-59.90864629793088, -2.8644317945732207], [-59.8996631450897, -2.8644317945732207], [-59.8996631450897, -2.8554598304240835], [-59.90864629793088, -2.8554598304240835], [-59.90864629793088, -2.8644317945732207]]]}, "id": "-6669,-319", "properties": {"cell_id": "c_-59.9042_-2.8599", "lat": -2.8599458154058213, "lon": -59.904154721546895}}, {"type": "Feature", "geometry": {"type": "Polygon", "coordinates": [[[-59.8996631450897, -2.8644317945732207], [-59.8906799922485, -2.8644317945732207], [-59.8906799922485, -2.8554598304240835], [-59.8996631450897, -2.8554598304240835], [-59.8996631450897, -2.8644317945732207]]]}, "id": "-6668,-319", "properties": {"cell_id": "c_-59.8952_-2.8599", "lat": -2.8599458153916686, "lon": -59.8951715686663}}, {"type": "Feature", "geometry": {"type": "Polygon", "coordinates": [[[-59.8906799922485, -2.8644317945732207], [-59.881696839407304, -2.8644317945732207], [-59.881696839407304, -2.8554598304240835], [-59.8906799922485, -2.8554598304240835], [-59.8906799922485, -2.8644317945732207]]]}, "id": "-6667,-319", "properties": {"cell_id": "c_-59.8862_-2.8599", "lat": -2.8599458154008897, "lon": -59.88618841582084}}, {"type": "Feature", "geometry": {"type": "Polygon", "coordinates": [[[-59.881696839407304, -2.8644317945732207], [-59.8727136865661, -2.8644317945732207], [-59.8727136865661, -2.8554598304240835], [-59.881696839407304, -2.8554598304240835], [-59.881696839407304, -2.8644317945732207]]]}, "id": "-6666,-319", "properties": {"cell_id": "c_-59.8772_-2.8599", "lat": -2.859945815423306, "lon": -59.87720526298117}}, {"type": "Feature", "geometry": {"type": "Polygon", "coordinates": [[[-59.8727136865661, -2.8644317945732207], [-59.863730533724905, -2.8644317945732207], [-59.863730533724905, -2.8554598304240835], [-59.8727136865661, -2.8554598304240835], [-59.8727136865661, -2.8644317945732207]]]}, "id": "-6665,-319", "properties": {"cell_id": "c_-59.8682_-2.8599", "lat": -2.8599458153859083, "lon": -59.86822211015488}}, {"type": "Feature", "geometry": {"type": "Polygon", "coordinates": [[[-59.863730533724905, -2.8644317945732207], [-59.85474738088371, -2.8644317945732207], [-59.85474738088371, -2.8554598304240835], [-59.863730533724905, -2.8554598304240835], [-59.863730533724905, -2.8644317945732207]]]}, "id": "-6664,-319", "properties": {"cell_id": "c_-59.8592_-2.8599", "lat": -2.859945815389436, "lon": -59.85923895730918}}, {"type": "Feature", "geometry": {"type": "Polygon", "coordinates": [[[-59.85474738088371, -2.8644317945732207], [-59.845764228042526, -2.8644317945732207], [-59.845764228042526, -2.8554598304240835], [-59.85474738088371, -2.8554598304240835], [-59.85474738088371, -2.8644317945732207]]]}, "id": "-6663,-319", "properties": {"cell_id": "c_-59.8503_-2.8599", "lat": -2.859945815413516, "lon": -59.85025580445788}}, {"type": "Feature", "geometry": {"type": "Polygon", "coordinates": [[[-59.845764228042526, -2.8644317945732207], [-59.83678107520133, -2.8644317945732207], [-59.83678107520133, -2.8554598304240835], [-59.845764228042526, -2.8554598304240835], [-59.845764228042526, -2.8644317945732207]]]}, "id": "-6662,-319", "properties": {"cell_id": "c_-59.8413_-2.8599", "lat": -2.8599458154026856, "lon": -59.84127265161021}}, {"type": "Feature", "geometry": {"type": "Polygon", "coordinates": [[[-59.83678107520133, -2.8644317945732207], [-59.827797922360126, -2.8644317945732207], [-59.827797922360126, -2.8554598304240835], [-59.83678107520133, -2.8554598304240835], [-59.83678107520133, -2.8644317945732207]]]}, "id": "-6661,-319", "properties": {"cell_id": "c_-59.8323_-2.8599", "lat": -2.8599458153948727, "lon": -59.832289498786096}}, {"type": "Feature", "geometry": {"type": "Polygon", "coordinates": [[[-59.827797922360126, -2.8644317945732207], [-59.81881476951893, -2.8644317945732207], [-59.81881476951893, -2.8554598304240835], [-59.827797922360126, -2.8554598304240835], [-59.827797922360126, -2.8644317945732207]]]}, "id": "-6660,-319", "properties": {"cell_id": "c_-59.8233_-2.8599", "lat": -2.8599458153770376, "lon": -59.82330634596144}}, {"type": "Feature", "geometry": {"type": "Polygon", "coordinates": [[[-59.81881476951893, -2.8644317945732207], [-59.809831616677734, -2.8644317945732207], [-59.809831616677734, -2.8554598304240835], [-59.81881476951893, -2.8554598304240835], [-59.81881476951893, -2.8644317945732207]]]}, "id": "-6659,-319", "properties": {"cell_id": "c_-59.8143_-2.8599", "lat": -2.8599458153871034, "lon": -59.81432319308246}}, {"type": "Feature", "geometry": {"type": "Polygon", "coordinates": [[[-59.809831616677734, -2.8644317945732207], [-59.80084846383654, -2.8644317945732207], [-59.80084846383654, -2.8554598304240835], [-59.809831616677734, -2.8554598304240835], [-59.809831616677734, -2.8644317945732207]]]}, "id": "-6658,-319", "properties": {"cell_id": "c_-59.8053_-2.8599", "lat": -2.8599458153973436, "lon": -59.8053400402542}}, {"type": "Feature", "geometry": {"type": "Polygon", "coordinates": [[[-59.80084846383654, -2.8644317945732207], [-59.791865310995355, -2.8644317945732207], [-59.791865310995355, -2.8554598304240835], [-59.80084846383654, -2.8554598304240835], [-59.80084846383654, -2.8644317945732207]]]}, "id": "-6657,-319", "properties": {"cell_id": "c_-59.7964_-2.8599", "lat": -2.8599458153771504, "lon": -59.79635688742117}}, {"type": "Feature", "geometry": {"type": "Polygon", "coordinates": [[[-59.791865310995355, -2.8644317945732207], [-59.78288215815416, -2.8644317945732207], [-59.78288215815416, -2.8554598304240835], [-59.791865310995355, -2.8554598304240835], [-59.791865310995355, -2.8644317945732207]]]}, "id": "-6656,-319", "properties": {"cell_id": "c_-59.7874_-2.8599", "lat": -2.859945815392199, "lon": -59.78737373458604}}, {"type": "Feature", "geometry": {"type": "Polygon", "coordinates": [[[-59.78288215815416, -2.8644317945732207], [-59.773899005312956, -2.8644317945732207], [-59.773899005312956, -2.8554598304240835], [-59.78288215815416, -2.8554598304240835], [-59.78288215815416, -2.8644317945732207]]]}, "id": "-6655,-319", "properties": {"cell_id": "c_-59.7784_-2.8599", "lat": -2.8599458154045467, "lon": -59.77839058172106}}, {"type": "Feature", "geometry": {"type": "Polygon", "coordinates": [[[-59.773899005312956, -2.8644317945732207], [-59.76491585247176, -2.8644317945732207], [-59.76491585247176, -2.8554598304240835], [-59.773899005312956, -2.8554598304240835], [-59.773899005312956, -2.8644317945732207]]]}, "id": "-6654,-319", "properties": {"cell_id": "c_-59.7694_-2.8599", "lat": -2.8599458153937736, "lon": -59.769407428871624}}, {"type": "Feature", "geometry": {"type": "Polygon", "coordinates": [[[-59.76491585247176, -2.8644317945732207], [-59.75593269963056, -2.8644317945732207], [-59.75593269963056, -2.8554598304240835], [-59.76491585247176, -2.8554598304240835], [-59.76491585247176, -2.8644317945732207]]]}, "id": "-6653,-319", "properties": {"cell_id": "c_-59.7604_-2.8599", "lat": -2.8599458153978254, "lon": -59.760424276082865}}, {"type": "Feature", "geometry": {"type": "Polygon", "coordinates": [[[-59.75593269963056, -2.8644317945732207], [-59.74694954678938, -2.8644317945732207], [-59.74694954678938, -2.8554598304240835], [-59.75593269963056, -2.8554598304240835], [-59.75593269963056, -2.8644317945732207]]]}, "id": "-6652,-319", "properties": {"cell_id": "c_-59.7514_-2.8599", "lat": -2.859945815406498, "lon": -59.751441123182296}}, {"type": "Feature", "geometry": {"type": "Polygon", "coordinates": [[[-60.20509034169033, -2.8554598304240835], [-60.19610718884913, -2.8554598304240835], [-60.19610718884913, -2.846487796198994], [-60.20509034169033, -2.846487796198994], [-60.20509034169033, -2.8554598304240835]]]}, "id": "-6702,-318", "properties": {"cell_id": "c_-60.2006_-2.8510", "lat": -2.8509738162002676, "lon": -60.20059876529223}}, {"type": "Feature", "geometry": {"type": "Polygon", "coordinates": [[[-60.19610718884913, -2.8554598304240835], [-60.18712403600794, -2.8554598304240835], [-60.18712403600794, -2.846487796198994], [-60.19610718884913, -2.846487796198994], [-60.19610718884913, -2.8554598304240835]]]}, "id": "-6701,-318", "properties": {"cell_id": "c_-60.1916_-2.8510", "lat": -2.8509738161862033, "lon": -60.191615612412974}}, {"type": "Feature", "geometry": {"type": "Polygon", "coordinates": [[[-60.18712403600794, -2.8554598304240835], [-60.17814088316674, -2.8554598304240835], [-60.17814088316674, -2.846487796198994], [-60.18712403600794, -2.846487796198994], [-60.18712403600794, -2.8554598304240835]]]}, "id": "-6700,-318", "properties": {"cell_id": "c_-60.1826_-2.8510", "lat": -2.8509738161837537, "lon": -60.182632459584994}}, {"type": "Feature", "geometry": {"type": "Polygon", "coordinates": [[[-60.17814088316674, -2.8554598304240835], [-60.16915773032555, -2.8554598304240835], [-60.16915773032555, -2.846487796198994], [-60.17814088316674, -2.846487796198994], [-60.17814088316674, -2.8554598304240835]]]}, "id": "-6699,-318", "properties": {"cell_id": "c_-60.1736_-2.8510", "lat": -2.850973816200424, "lon": -60.17364930675119}}, {"type": "Feature", "geometry": {"type": "Polygon", "coordinates": [[[-60.16915773032555, -2.8554598304240835], [-60.160174577484355, -2.8554598304240835], [-60.160174577484355, -2.846487796198994], [-60.16915773032555, -2.846487796198994], [-60.16915773032555, -2.8554598304240835]]]}, "id": "-6698,-318", "properties": {"cell_id": "c_-60.1647_-2.8510", "lat": -2.8509738162010123, "lon": -60.1646661538775}}, {"type": "Feature", "geometry": {"type": "Polygon", "coordinates": [[[-60.160174577484355, -2.8554598304240835], [-60.15119142464316, -2.8554598304240835], [-60.15119142464316, -2.846487796198994], [-60.160174577484355, -2.846487796198994], [-60.160174577484355, -2.8554598304240835]]]}, "id": "-6697,-318", "properties": {"cell_id": "c_-60.1557_-2.8510", "lat": -2.8509738162031186, "lon": -60.15568300106264}}, {"type": "Feature", "geometry": {"type": "Polygon", "coordinates": [[[-60.15119142464316, -2.8554598304240835], [-60.14220827180196, -2.8554598304240835], [-60.14220827180196, -2.846487796198994], [-60.15119142464316, -2.846487796198994], [-60.15119142464316, -2.8554598304240835]]]}, "id": "-6696,-318", "properties": {"cell_id": "c_-60.1467_-2.8510", "lat": -2.850973816214248, "lon": -60.146699848239685}}, {"type": "Feature", "geometry": {"type": "Polygon", "coordinates": [[[-60.14220827180196, -2.8554598304240835], [-60.133225118960766, -2.8554598304240835], [-60.133225118960766, -2.846487796198994], [-60.14220827180196, -2.846487796198994], [-60.14220827180196, -2.8554598304240835]]]}, "id": "-6695,-318", "properties": {"cell_id": "c_-60.1377_-2.8510", "lat": -2.8509738162067015, "lon": -60.13771669537668}}, {"type": "Feature", "geometry": {"type": "Polygon", "coordinates": [[[-60.133225118960766, -2.8554598304240835], [-60.12424196611957, -2.8554598304240835], [-60.12424196611957, -2.846487796198994], [-60.133225118960766, -2.846487796198994], [-60.133225118960766, -2.8554598304240835]]]}, "id": "-6694,-318", "properties": {"cell_id": "c_-60.1287_-2.8510", "lat": -2.8509738161905913, "lon": -60.12873354254509}}, {"type": "Feature", "geometry": {"type": "Polygon", "coordinates": [[[-60.12424196611957, -2.8554598304240835], [-60.11525881327838, -2.8554598304240835], [-60.11525881327838, -2.846487796198994], [-60.12424196611957, -2.846487796198994], [-60.12424196611957, -2.8554598304240835]]]}, "id": "-6693,-318", "properties": {"cell_id": "c_-60.1198_-2.8510", "lat": -2.850973816190995, "lon": -60.119750389664986}}, {"type": "Feature", "geometry": {"type": "Polygon", "coordinates": [[[-60.11525881327838, -2.8554598304240835], [-60.106275660437184, -2.8554598304240835], [-60.106275660437184, -2.846487796198994], [-60.11525881327838, -2.846487796198994], [-60.11525881327838, -2.8554598304240835]]]}, "id": "-6692,-318", "properties": {"cell_id": "c_-60.1108_-2.8510", "lat": -2.850973816215398, "lon": -60.11076723688128}}, {"type": "Feature", "geometry": {"type": "Polygon", "coordinates": [[[-60.106275660437184, -2.8554598304240835], [-60.09729250759599, -2.8554598304240835], [-60.09729250759599, -2.846487796198994], [-60.106275660437184, -2.846487796198994], [-60.106275660437184, -2.8554598304240835]]]}, "id": "-6691,-318", "properties": {"cell_id": "c_-60.1018_-2.8510", "lat": -2.8509738162059794, "lon": -60.101784084005565}}, {"type": "Feature", "geometry": {"type": "Polygon", "coordinates": [[[-60.09729250759599, -2.8554598304240835], [-60.08830935475479, -2.8554598304240835], [-60.08830935475479, -2.846487796198994], [-60.09729250759599, -2.846487796198994], [-60.09729250759599, -2.8554598304240835]]]}, "id": "-6690,-318", "properties": {"cell_id": "c_-60.0928_-2.8510", "lat": -2.8509738161928553, "lon": -60.09280093120505}}, {"type": "Feature", "geometry": {"type": "Polygon", "coordinates": [[[-60.08830935475479, -2.8554598304240835], [-60.079326201913595, -2.8554598304240835], [-60.079326201913595, -2.846487796198994], [-60.08830935475479, -2.846487796198994], [-60.08830935475479, -2.8554598304240835]]]}, "id": "-6689,-318", "properties": {"cell_id": "c_-60.0838_-2.8510", "lat": -2.8509738162111953, "lon": -60.08381777833943}}, {"type": "Feature", "geometry": {"type": "Polygon", "coordinates": [[[-60.079326201913595, -2.8554598304240835], [-60.0703430490724, -2.8554598304240835], [-60.0703430490724, -2.846487796198994], [-60.079326201913595, -2.846487796198994], [-60.079326201913595, -2.8554598304240835]]]}, "id": "-6688,-318", "properties": {"cell_id": "c_-60.0748_-2.8510", "lat": -2.8509738162207694, "lon": -60.074834625460205}}, {"type": "Feature", "geometry": {"type": "Polygon", "coordinates": [[[-60.0703430490724, -2.8554598304240835], [-60.06135989623121, -2.8554598304240835], [-60.06135989623121, -2.846487796198994], [-60.0703430490724, -2.846487796198994], [-60.0703430490724, -2.8554598304240835]]]}, "id": "-6687,-318", "properties": {"cell_id": "c_-60.0659_-2.8510", "lat": -2.850973816216526, "lon": -60.0658514726535}}, {"type": "Feature", "geometry": {"type": "Polygon", "coordinates": [[[-60.06135989623121, -2.8554598304240835], [-60.05237674339001, -2.8554598304240835], [-60.05237674339001, -2.846487796198994], [-60.06135989623121, -2.846487796198994], [-60.06135989623121, -2.8554598304240835]]]}, "id": "-6686,-318", "properties": {"cell_id": "c_-60.0569_-2.8510", "lat": -2.8509738162109874, "lon": -60.056868319842785}}, {"type": "Feature", "geometry": {"type": "Polygon", "coordinates": [[[-60.05237674339001, -2.8554598304240835], [-60.04339359054882, -2.8554598304240835], [-60.04339359054882, -2.846487796198994], [-60.05237674339001, -2.846487796198994], [-60.05237674339001, -2.8554598304240835]]]}, "id": "-6685,-318", "properties": {"cell_id": "c_-60.0479_-2.8510", "lat": -2.85097381619909, "lon": -60.047885166947815}}, {"type": "Feature", "geometry": {"type": "Polygon", "coordinates": [[[-60.04339359054882, -2.8554598304240835], [-60.03441043770762, -2.8554598304240835], [-60.03441043770762, -2.846487796198994], [-60.04339359054882, -2.846487796198994], [-60.04339359054882, -2.8554598304240835]]]}, "id": "-6684,-318", "properties": {"cell_id": "c_-60.0389_-2.8510", "lat": -2.8509738161933504, "lon": -60.03890201410804}}, {"type": "Feature", "geometry": {"type": "Polygon", "coordinates": [[[-60.03441043770762, -2.8554598304240835], [-60.025427284866424, -2.8554598304240835], [-60.025427284866424, -2.846487796198994], [-60.03441043770762, -2.846487796198994], [-60.03441043770762, -2.8554598304240835]]]}, "id": "-6683,-318", "properties": {"cell_id": "c_-60.0299_-2.8510", "lat": -2.850973816206279, "lon": -60.02991886132693}}, {"type": "Feature", "geometry": {"type": "Polygon", "coordinates": [[[-60.025427284866424, -2.8554598304240835], [-60.01644413202522, -2.8554598304240835], [-60.01644413202522, -2.846487796198994], [-60.025427284866424, -2.846487796198994], [-60.025427284866424, -2.8554598304240835]]]}, "id": "-6682,-318", "properties": {"cell_id": "c_-60.0209_-2.8510", "lat": -2.850973816215224, "lon": -60.02093570844156}}, {"type": "Feature", "geometry": {"type": "Polygon", "coordinates": [[[-60.01644413202522, -2.8554598304240835], [-60.00746097918404, -2.8554598304240835], [-60.00746097918404, -2.846487796198994], [-60.01644413202522, -2.846487796198994], [-60.01644413202522, -2.8554598304240835]]]}, "id": "-6681,-318", "properties": {"cell_id": "c_-60.0120_-2.8510", "lat": -2.8509738162026244, "lon": -60.01195255558632}}, {"type": "Feature", "geometry": {"type": "Polygon", "coordinates": [[[-60.00746097918404, -2.8554598304240835], [-59.99847782634284, -2.8554598304240835], [-59.99847782634284, -2.846487796198994], [-60.00746097918404, -2.846487796198994], [-60.00746097918404, -2.8554598304240835]]]}, "id": "-6680,-318", "properties": {"cell_id": "c_-60.0030_-2.8510", "lat": -2.8509738161934908, "lon": -60.00296940278266}}, {"type": "Feature", "geometry": {"type": "Polygon", "coordinates": [[[-59.99847782634284, -2.8554598304240835], [-59.989494673501646, -2.8554598304240835], [-59.989494673501646, -2.846487796198994], [-59.99847782634284, -2.846487796198994], [-59.99847782634284, -2.8554598304240835]]]}, "id": "-6679,-318", "properties": {"cell_id": "c_-59.9940_-2.8510", "lat": -2.8509738161952387, "lon": -59.9939862499126}}, {"type": "Feature", "geometry": {"type": "Polygon", "coordinates": [[[-59.989494673501646, -2.8554598304240835], [-59.98051152066045, -2.8554598304240835], [-59.98051152066045, -2.846487796198994], [-59.989494673501646, -2.846487796198994], [-59.989494673501646, -2.8554598304240835]]]}, "id": "-6678,-318", "properties": {"cell_id": "c_-59.9850_-2.8510", "lat": -2.8509738161903, "lon": -59.98500309708008}}, {"type": "Feature", "geometry": {"type": "Polygon", "coordinates": [[[-59.98051152066045, -2.8554598304240835], [-59.971528367819246, -2.8554598304240835], [-59.971528367819246, -2.846487796198994], [-59.98051152066045, -2.846487796198994], [-59.98051152066045, -2.8554598304240835]]]}, "id": "-6677,-318", "properties": {"cell_id": "c_-59.9760_-2.8510", "lat": -2.850973816201315, "lon": -59.97601994424404}}, {"type": "Feature", "geometry": {"type": "Polygon", "coordinates": [[[-59.971528367819246, -2.8554598304240835], [-59.96254521497805, -2.8554598304240835], [-59.96254521497805, -2.846487796198994], [-59.971528367819246, -2.846487796198994], [-59.971528367819246, -2.8554598304240835]]]}, "id": "-6676,-318", "properties": {"cell_id": "c_-59.9670_-2.8510", "lat": -2.850973816200574, "lon": -59.967036791361465}}, {"type": "Feature", "geometry": {"type": "Polygon", "coordinates": [[[-59.96254521497805, -2.8554598304240835], [-59.95356206213687, -2.8554598304240835], [-59.95356206213687, -2.846487796198994], [-59.96254521497805, -2.846487796198994], [-59.96254521497805, -2.8554598304240835]]]}, "id": "-6675,-318", "properties": {"cell_id": "c_-59.9581_-2.8510", "lat": -2.8509738161954887, "lon": -59.95805363856211}}, {"type": "Feature", "geometry": {"type": "Polygon", "coordinates": [[[-59.95356206213687, -2.8554598304240835], [-59.94457890929567, -2.8554598304240835], [-59.94457890929567, -2.846487796198994], [-59.95356206213687, -2.846487796198994], [-59.95356206213687, -2.8554598304240835]]]}, "id": "-6674,-318", "properties": {"cell_id": "c_-59.9491_-2.8510", "lat": -2.850973816208703, "lon": -59.949070485729145}}, {"type": "Feature", "geometry": {"type": "Polygon", "coordinates": [[[-59.94457890929567, -2.8554598304240835], [-59.935595756454475, -2.8554598304240835], [-59.935595756454475, -2.846487796198994], [-59.94457890929567, -2.846487796198994], [-59.94457890929567, -2.8554598304240835]]]}, "id": "-6673,-318", "properties": {"cell_id": "c_-59.9401_-2.8510", "lat": -2.850973816192177, "lon": -59.94008733287036}}, {"type": "Feature", "geometry": {"type": "Polygon", "coordinates": [[[-59.935595756454475, -2.8554598304240835], [-59.92661260361328, -2.8554598304240835], [-59.92661260361328, -2.846487796198994], [-59.935595756454475, -2.846487796198994], [-59.935595756454475, -2.8554598304240835]]]}, "id": "-6672,-318", "properties": {"cell_id": "c_-59.9311_-2.8510", "lat": -2.8509738161736227, "lon": -59.93110418007946}}, {"type": "Feature", "geometry": {"type": "Polygon", "coordinates": [[[-59.92661260361328, -2.8554598304240835], [-59.917629450772075, -2.8554598304240835], [-59.917629450772075, -2.846487796198994], [-59.92661260361328, -2.846487796198994], [-59.92661260361328, -2.8554598304240835]]]}, "id": "-6671,-318", "properties": {"cell_id": "c_-59.9221_-2.8510", "lat": -2.8509738162010927, "lon": -59.92212102715411}}, {"type": "Feature", "geometry": {"type": "Polygon", "coordinates": [[[-59.917629450772075, -2.8554598304240835], [-59.90864629793088, -2.8554598304240835], [-59.90864629793088, -2.846487796198994], [-59.917629450772075, -2.846487796198994], [-59.917629450772075, -2.8554598304240835]]]}, "id": "-6670,-318", "properties": {"cell_id": "c_-59.9131_-2.8510", "lat": -2.8509738162163796, "lon": -59.91313787433887}}, {"type": "Feature", "geometry": {"type": "Polygon", "coordinates": [[[-59.90864629793088, -2.8554598304240835], [-59.8996631450897, -2.8554598304240835], [-59.8996631450897, -2.846487796198994], [-59.90864629793088, -2.846487796198994], [-59.90864629793088, -2.8554598304240835]]]}, "id": "-6669,-318", "properties": {"cell_id": "c_-59.9042_-2.8510", "lat": -2.850973816199141, "lon": -59.90415472154424}}, {"type": "Feature", "geometry": {"type": "Polygon", "coordinates": [[[-59.8996631450897, -2.8554598304240835], [-59.8906799922485, -2.8554598304240835], [-59.8906799922485, -2.846487796198994], [-59.8996631450897, -2.846487796198994], [-59.8996631450897, -2.8554598304240835]]]}, "id": "-6668,-318", "properties": {"cell_id": "c_-59.8952_-2.8510", "lat": -2.850973816204816, "lon": -59.89517156866047}}, {"type": "Feature", "geometry": {"type": "Polygon", "coordinates": [[[-59.8906799922485, -2.8554598304240835], [-59.881696839407304, -2.8554598304240835], [-59.881696839407304, -2.846487796198994], [-59.8906799922485, -2.846487796198994], [-59.8906799922485, -2.8554598304240835]]]}, "id": "-6667,-318", "properties": {"cell_id": "c_-59.8862_-2.8510", "lat": -2.8509738162056784, "lon": -59.886188415836756}}, {"type": "Feature", "geometry": {"type": "Polygon", "coordinates": [[[-59.881696839407304, -2.8554598304240835], [-59.8727136865661, -2.8554598304240835], [-59.8727136865661, -2.846487796198994], [-59.881696839407304, -2.846487796198994], [-59.881696839407304, -2.8554598304240835]]]}, "id": "-6666,-318", "properties": {"cell_id": "c_-59.8772_-2.8510", "lat": -2.850973816191552, "lon": -59.87720526297353}}, {"type": "Feature", "geometry": {"type": "Polygon", "coordinates": [[[-59.8727136865661, -2.8554598304240835], [-59.863730533724905, -2.8554598304240835], [-59.863730533724905, -2.846487796198994], [-59.8727136865661, -2.846487796198994], [-59.8727136865661, -2.8554598304240835]]]}, "id": "-6665,-318", "properties": {"cell_id": "c_-59.8682_-2.8510", "lat": -2.850973816217893, "lon": -59.868222110151436}}, {"type": "Feature", "geometry": {"type": "Polygon", "coordinates": [[[-59.863730533724905, -2.8554598304240835], [-59.85474738088371, -2.8554598304240835], [-59.85474738088371, -2.846487796198994], [-59.863730533724905, -2.846487796198994], [-59.863730533724905, -2.8554598304240835]]]}, "id": "-6664,-318", "properties": {"cell_id": "c_-59.8592_-2.8510", "lat": -2.8509738162190703, "lon": -59.85923895731734}}, {"type": "Feature", "geometry": {"type": "Polygon", "coordinates": [[[-59.85474738088371, -2.8554598304240835], [-59.845764228042526, -2.8554598304240835], [-59.845764228042526, -2.846487796198994], [-59.85474738088371, -2.846487796198994], [-59.85474738088371, -2.8554598304240835]]]}, "id": "-6663,-318", "properties": {"cell_id": "c_-59.8503_-2.8510", "lat": -2.850973816195088, "lon": -59.850255804449816}}, {"type": "Feature", "geometry": {"type": "Polygon", "coordinates": [[[-59.845764228042526, -2.8554598304240835], [-59.83678107520133, -2.8554598304240835], [-59.83678107520133, -2.846487796198994], [-59.845764228042526, -2.846487796198994], [-59.845764228042526, -2.8554598304240835]]]}, "id": "-6662,-318", "properties": {"cell_id": "c_-59.8413_-2.8510", "lat": -2.85097381619857, "lon": -59.84127265161089}}, {"type": "Feature", "geometry": {"type": "Polygon", "coordinates": [[[-59.83678107520133, -2.8554598304240835], [-59.827797922360126, -2.8554598304240835], [-59.827797922360126, -2.846487796198994], [-59.83678107520133, -2.846487796198994], [-59.83678107520133, -2.8554598304240835]]]}, "id": "-6661,-318", "properties": {"cell_id": "c_-59.8323_-2.8510", "lat": -2.850973816209125, "lon": -59.83228949878816}}, {"type": "Feature", "geometry": {"type": "Polygon", "coordinates": [[[-59.827797922360126, -2.8554598304240835], [-59.81881476951893, -2.8554598304240835], [-59.81881476951893, -2.846487796198994], [-59.827797922360126, -2.846487796198994], [-59.827797922360126, -2.8554598304240835]]]}, "id": "-6660,-318", "properties": {"cell_id": "c_-59.8233_-2.8510", "lat": -2.850973816229601, "lon": -59.82330634596204}}, {"type": "Feature", "geometry": {"type": "Polygon", "coordinates": [[[-59.81881476951893, -2.8554598304240835], [-59.809831616677734, -2.8554598304240835], [-59.809831616677734, -2.846487796198994], [-59.81881476951893, -2.846487796198994], [-59.81881476951893, -2.8554598304240835]]]}, "id": "-6659,-318", "properties": {"cell_id": "c_-59.8143_-2.8510", "lat": -2.850973816211876, "lon": -59.81432319307421}}, {"type": "Feature", "geometry": {"type": "Polygon", "coordinates": [[[-59.809831616677734, -2.8554598304240835], [-59.80084846383654, -2.8554598304240835], [-59.80084846383654, -2.846487796198994], [-59.809831616677734, -2.846487796198994], [-59.809831616677734, -2.8554598304240835]]]}, "id": "-6658,-318", "properties": {"cell_id": "c_-59.8053_-2.8510", "lat": -2.8509738162012175, "lon": -59.80534004026203}}, {"type": "Feature", "geometry": {"type": "Polygon", "coordinates": [[[-59.80084846383654, -2.8554598304240835], [-59.791865310995355, -2.8554598304240835], [-59.791865310995355, -2.846487796198994], [-59.80084846383654, -2.846487796198994], [-59.80084846383654, -2.8554598304240835]]]}, "id": "-6657,-318", "properties": {"cell_id": "c_-59.7964_-2.8510", "lat": -2.8509738162253644, "lon": -59.7963568874173}}, {"type": "Feature", "geometry": {"type": "Polygon", "coordinates": [[[-59.791865310995355, -2.8554598304240835], [-59.78288215815416, -2.8554598304240835], [-59.78288215815416, -2.846487796198994], [-59.791865310995355, -2.846487796198994], [-59.791865310995355, -2.8554598304240835]]]}, "id": "-6656,-318", "properties": {"cell_id": "c_-59.7874_-2.8510", "lat": -2.850973816218646, "lon": -59.78737373459824}}, {"type": "Feature", "geometry": {"type": "Polygon", "coordinates": [[[-59.78288215815416, -2.8554598304240835], [-59.773899005312956, -2.8554598304240835], [-59.773899005312956, -2.846487796198994], [-59.78288215815416, -2.846487796198994], [-59.78288215815416, -2.8554598304240835]]]}, "id": "-6655,-318", "properties": {"cell_id": "c_-59.7784_-2.8510", "lat": -2.850973816198589, "lon": -59.77839058170114}}, {"type": "Feature", "geometry": {"type": "Polygon", "coordinates": [[[-59.773899005312956, -2.8554598304240835], [-59.76491585247176, -2.8554598304240835], [-59.76491585247176, -2.846487796198994], [-59.773899005312956, -2.846487796198994], [-59.773899005312956, -2.8554598304240835]]]}, "id": "-6654,-318", "properties": {"cell_id": "c_-59.7694_-2.8510", "lat": -2.850973816210465, "lon": -59.769407428892656}}, {"type": "Feature", "geometry": {"type": "Polygon", "coordinates": [[[-59.76491585247176, -2.8554598304240835], [-59.75593269963056, -2.8554598304240835], [-59.75593269963056, -2.846487796198994], [-59.76491585247176, -2.846487796198994], [-59.76491585247176, -2.8554598304240835]]]}, "id": "-6653,-318", "properties": {"cell_id": "c_-59.7604_-2.8510", "lat": -2.850973816216318, "lon": -59.76042427607176}}, {"type": "Feature", "geometry": {"type": "Polygon", "coordinates": [[[-59.75593269963056, -2.8554598304240835], [-59.74694954678938, -2.8554598304240835], [-59.74694954678938, -2.846487796198994], [-59.75593269963056, -2.846487796198994], [-59.75593269963056, -2.8554598304240835]]]}, "id": "-6652,-318", "properties": {"cell_id": "c_-59.7514_-2.8510", "lat": -2.8509738161884055, "lon": -59.75144112317414}}]}